version 1
nodes
  0 "wristL"  1
  1 "armL2"  2
  2 "armL1"  8
  3 "wristR"  4
  4 "armR2"  5
  5 "armR1"  8
  6 "mouth"  7
  7 "head"  8
  8 "spine"  10
  9 "waist"  10
  10 "skl_root"  11
  11 "all_root"  -1
end
skeleton
time 0
  0 4.579250 0.000000 0.000000 0.000000 -0.000000 0.000000
  1 3.591170 0.000000 0.000000 0.000000 -0.000000 0.000000
  2 3.005490 -4.595050 0.067450 0.000000 -0.000000 -1.570800
  3 4.579001 0.000000 0.000000 -0.000000 -0.000000 0.000000
  4 3.590999 -0.000000 0.000000 -0.000000 -0.000000 0.000000
  5 3.005870 4.595000 0.067450 -3.141590 -0.000000 1.570800
  6 1.655380 -0.000000 0.699268 -1.570800 -0.785398 0.000000
  7 2.710370 0.000000 3.138390 -0.000000 -1.570796 -0.000000
  8 0.000000 4.983880 -0.198852 0.000000 -0.000000 1.570800
  9 0.000000 1.693270 0.284769 -0.000000 -1.570796 -0.000000
  10 0.000000 0.000000 0.473732 0.000000 -0.000000 0.000000
  11 0.000000 0.000000 0.000000 0.000000 -0.000000 0.000000
end
triangles
..\..\..\Desktop\General\noesis\dk_eye.0
  8 -0.000003 5.815386 4.079040 -0.120823 0.000000 0.992674 -0.489305 0.560312 1 8 1.000000
  8 -0.383358 4.930838 3.443250 -0.296051 0.204056 0.933121 -0.425907 0.622161 1 8 1.000000
  8 0.383358 4.930842 3.443250 -0.296055 -0.204034 0.933125 -0.425907 0.498463 1 8 1.000000
..\..\..\Desktop\General\noesis\dk_eye.0
  8 -0.383358 4.930838 3.443250 -0.296051 0.204056 0.933121 -0.425907 0.622161 1 8 1.000000
  8 -0.000003 5.815386 4.079040 -0.120823 0.000000 0.992674 -0.489305 0.560312 1 8 1.000000
  8 -0.743281 6.410264 3.559140 0.263533 0.402332 0.876744 -0.487910 0.680229 1 8 1.000000
..\..\..\Desktop\General\noesis\dk_eye.0
  8 0.383358 4.930842 3.443250 -0.296055 -0.204034 0.933125 -0.425907 0.498463 1 8 1.000000
  8 0.743271 6.410276 3.559140 0.263533 -0.402332 0.876744 -0.487911 0.440395 1 8 1.000000
  8 -0.000003 5.815386 4.079040 -0.120823 0.000000 0.992674 -0.489305 0.560312 1 8 1.000000
..\..\..\Desktop\General\noesis\dk_eye.0
  8 -0.944068 1.348314 2.821080 -0.156207 0.093053 0.983331 -0.368990 0.591532 1 8 1.000000
  8 -0.000485 0.137230 2.717990 -0.154455 0.000027 0.988000 -0.495918 0.748291 1 8 1.000000
  8 -0.383358 4.930838 3.443250 -0.296051 0.204056 0.933121 -0.011479 0.821025 1 8 1.000000
..\..\..\Desktop\General\noesis\dk_eye.0
  8 0.383358 4.930842 3.443250 -0.296055 -0.204034 0.933125 -0.023759 0.977012 1 8 1.000000
  8 -0.383358 4.930838 3.443250 -0.296051 0.204056 0.933121 -0.011479 0.821025 1 8 1.000000
  8 -0.000485 0.137230 2.717990 -0.154455 0.000027 0.988000 -0.495918 0.748291 1 8 1.000000
..\..\..\Desktop\General\noesis\dk_eye.0
  8 -0.000485 0.137230 2.717990 -0.154455 0.000027 0.988000 -0.495918 0.748291 1 8 1.000000
  8 0.944094 1.348326 2.821080 -0.156221 -0.092971 0.983337 -0.399234 0.975680 1 8 1.000000
  8 0.383358 4.930842 3.443250 -0.296055 -0.204034 0.933125 -0.023759 0.977012 1 8 1.000000
..\..\..\Desktop\General\noesis\dk_eye.0
  8 -0.000003 5.815386 4.079040 -0.120823 0.000000 0.992674 -0.489305 0.560312 1 8 1.000000
  8 0.743271 6.410276 3.559140 0.263533 -0.402332 0.876744 -0.487910 0.680229 1 8 1.000000
  8 -0.743281 6.410264 3.559140 0.263533 0.402332 0.876744 -0.487911 0.440395 1 8 1.000000
..\..\..\Desktop\General\noesis\dk_eye.0
  7 1.727893 9.811903 5.880836 0.577382 -0.808139 0.116371 -0.020919 0.773864 1 7 1.000000
  7 1.050518 8.413065 6.848594 0.770783 -0.624761 -0.124771 -0.254760 0.038214 1 7 1.000000
  7 1.389528 8.312149 6.348165 0.528882 -0.844820 0.081015 -0.098737 0.043784 1 7 1.000000
..\..\..\Desktop\General\noesis\dk_eye.0
  7 1.727893 9.811903 5.880836 0.577382 -0.808139 0.116371 -0.020919 0.773864 1 7 1.000000
  7 0.930977 9.349274 6.709642 0.880411 -0.424306 -0.211759 -0.283436 0.479840 1 7 1.000000
  7 1.050518 8.413065 6.848594 0.770783 -0.624761 -0.124771 -0.254760 0.038214 1 7 1.000000
..\..\..\Desktop\General\noesis\dk_eye.0
  7 -0.000013 8.672415 7.166056 0.974104 -0.000000 -0.226101 -0.500784 0.127262 1 7 1.000000
  7 1.050518 8.413065 6.848594 0.770783 -0.624761 -0.124771 -0.254760 0.038214 1 7 1.000000
  7 0.930977 9.349274 6.709642 0.880411 -0.424306 -0.211759 -0.283436 0.479840 1 7 1.000000
..\..\..\Desktop\General\noesis\dk_eye.0
  7 -0.000015 9.203386 7.022100 0.965157 -0.000000 -0.261671 -0.500784 0.383634 1 7 1.000000
  7 -0.000013 8.672415 7.166056 0.974104 -0.000000 -0.226101 -0.500784 0.127262 1 7 1.000000
  7 0.930977 9.349274 6.709642 0.880411 -0.424306 -0.211759 -0.283436 0.479840 1 7 1.000000
..\..\..\Desktop\General\noesis\dk_eye.0
  7 -0.000015 9.203386 7.022100 0.965157 -0.000000 -0.261671 -0.500784 0.383634 1 7 1.000000
  7 -0.931009 9.349260 6.709642 0.880411 0.424306 -0.211759 -0.718132 0.479840 1 7 1.000000
  7 -0.000013 8.672415 7.166056 0.974104 -0.000000 -0.226101 -0.500784 0.127262 1 7 1.000000
..\..\..\Desktop\General\noesis\dk_eye.0
  7 -0.000013 8.672415 7.166056 0.974104 -0.000000 -0.226101 -0.500784 0.127262 1 7 1.000000
  7 -0.931009 9.349260 6.709642 0.880411 0.424306 -0.211759 -0.718132 0.479840 1 7 1.000000
  7 -1.050542 8.413051 6.848594 0.770783 0.624761 -0.124770 -0.746808 0.038214 1 7 1.000000
..\..\..\Desktop\General\noesis\dk_eye.0
  7 -1.727928 9.811878 5.880836 0.577382 0.808139 0.116371 -0.980647 0.773864 1 7 1.000000
  7 -1.050542 8.413051 6.848594 0.770783 0.624761 -0.124770 -0.746808 0.038214 1 7 1.000000
  7 -0.931009 9.349260 6.709642 0.880411 0.424306 -0.211759 -0.718132 0.479840 1 7 1.000000
..\..\..\Desktop\General\noesis\dk_eye.0
  7 -1.727928 9.811878 5.880836 0.577382 0.808139 0.116371 -0.980647 0.773864 1 7 1.000000
  7 -1.389552 8.312129 6.348165 0.528882 0.844820 0.081015 -0.902830 0.043784 1 7 1.000000
  7 -1.050542 8.413051 6.848594 0.770783 0.624761 -0.124770 -0.746808 0.038214 1 7 1.000000
..\..\..\Desktop\General\noesis\dk_body
  9 1.061082 2.255689 2.908479 0.290711 0.314642 0.903597 0.665959 0.558195 1 9 1.000000
  10 0.000000 0.527022 1.467934 -0.009052 -0.618177 0.785987 0.611196 0.504668 1 10 1.000000
  9 1.786065 0.569100 2.003413 -0.063437 -0.990536 -0.121714 0.649282 0.455014 1 9 1.000000
..\..\..\Desktop\General\noesis\dk_body
  10 0.000000 0.527022 1.467934 -0.009052 -0.618177 0.785987 0.611196 0.504668 1 10 1.000000
  9 1.061082 2.255689 2.908479 0.290711 0.314642 0.903597 0.665959 0.558195 1 9 1.000000
  9 2.556400 3.600440 0.666972 -0.230353 0.954018 0.191801 0.631343 0.646803 1 9 1.000000
..\..\..\Desktop\General\noesis\dk_body
  9 1.061082 2.255689 2.908479 0.290711 0.314642 0.903597 0.665959 0.558195 1 9 1.000000
  9 2.303111 3.989730 3.296897 0.528433 0.781607 0.331436 0.688921 0.607166 1 9 1.000000
  9 2.556400 3.600440 0.666972 -0.230353 0.954018 0.191801 0.631343 0.646803 1 9 1.000000
..\..\..\Desktop\General\noesis\dk_body
  9 1.061082 2.255689 2.908479 0.290711 0.314642 0.903597 0.665959 0.558195 1 9 1.000000
  9 1.828539 1.613620 3.907945 0.989711 0.098764 0.103527 0.728211 0.492991 1 9 1.000000
  9 2.303111 3.989730 3.296897 0.528433 0.781607 0.331436 0.688921 0.607166 1 9 1.000000
..\..\..\Desktop\General\noesis\dk_body
  9 0.737412 0.950315 3.228157 0.117740 -0.194166 0.973877 0.703765 0.446539 1 9 1.000000
  9 1.828539 1.613620 3.907945 0.989711 0.098764 0.103527 0.728211 0.492991 1 9 1.000000
  9 1.061082 2.255689 2.908479 0.290711 0.314642 0.903597 0.665959 0.558195 1 9 1.000000
..\..\..\Desktop\General\noesis\dk_body
  9 1.061082 2.255689 2.908479 0.290711 0.314642 0.903597 0.665959 0.558195 1 9 1.000000
  9 1.786065 0.569100 2.003413 -0.063437 -0.990536 -0.121714 0.649282 0.455014 1 9 1.000000
  9 0.737412 0.950315 3.228157 0.117740 -0.194166 0.973877 0.703765 0.446539 1 9 1.000000
..\..\..\Desktop\General\noesis\dk_body
  9 1.786065 0.569100 2.003413 -0.063437 -0.990536 -0.121714 0.649282 0.455014 1 9 1.000000
  9 1.689834 0.035470 2.295793 -0.399947 -0.910967 0.100903 0.679001 0.398238 1 9 1.000000
  9 0.737412 0.950315 3.228157 0.117740 -0.194166 0.973877 0.703765 0.446539 1 9 1.000000
..\..\..\Desktop\General\noesis\dk_body
  9 1.689834 0.035470 2.295793 -0.399947 -0.910967 0.100903 0.679001 0.398238 1 9 1.000000
  9 1.786065 0.569100 2.003413 -0.063437 -0.990536 -0.121714 0.649282 0.455014 1 9 1.000000
  9 2.839422 0.741195 3.127421 0.343280 -0.540437 -0.768171 0.703765 0.446539 1 9 1.000000
..\..\..\Desktop\General\noesis\dk_body
  9 2.839422 0.741195 3.127421 0.343280 -0.540437 -0.768171 0.703765 0.446539 1 9 1.000000
  9 1.716109 0.195170 3.743493 0.714958 -0.697181 0.052678 0.723668 0.408416 1 9 1.000000
  9 1.689834 0.035470 2.295793 -0.399947 -0.910967 0.100903 0.679001 0.398238 1 9 1.000000
..\..\..\Desktop\General\noesis\dk_body
  9 2.839422 0.741195 3.127421 0.343280 -0.540437 -0.768171 0.703765 0.446539 1 9 1.000000
  9 1.828539 1.613620 3.907945 0.989711 0.098764 0.103527 0.728211 0.492991 1 9 1.000000
  9 1.716109 0.195170 3.743493 0.714958 -0.697181 0.052678 0.723668 0.408416 1 9 1.000000
..\..\..\Desktop\General\noesis\dk_body
  9 1.828539 1.613620 3.907945 0.989711 0.098764 0.103527 0.728211 0.492991 1 9 1.000000
  9 0.737412 0.950315 3.228157 0.117740 -0.194166 0.973877 0.703765 0.446539 1 9 1.000000
  9 1.716109 0.195170 3.743493 0.714958 -0.697181 0.052678 0.723668 0.408416 1 9 1.000000
..\..\..\Desktop\General\noesis\dk_body
  9 1.716109 0.195170 3.743493 0.714958 -0.697181 0.052678 0.723668 0.408416 1 9 1.000000
  9 0.737412 0.950315 3.228157 0.117740 -0.194166 0.973877 0.703765 0.446539 1 9 1.000000
  9 1.689834 0.035470 2.295793 -0.399947 -0.910967 0.100903 0.679001 0.398238 1 9 1.000000
..\..\..\Desktop\General\noesis\dk_body
  9 2.303111 3.989730 3.296897 0.528433 0.781607 0.331436 0.688921 0.607166 1 9 1.000000
  9 1.828539 1.613620 3.907945 0.989711 0.098764 0.103527 0.728211 0.492991 1 9 1.000000
  9 3.700902 3.454440 3.078147 0.499139 0.411812 -0.762411 0.678530 0.584847 1 9 1.000000
..\..\..\Desktop\General\noesis\dk_body
  9 3.700902 3.454440 3.078147 0.499139 0.411812 -0.762411 0.678530 0.584847 1 9 1.000000
  9 2.556400 3.600440 0.666972 -0.230353 0.954018 0.191801 0.631343 0.646803 1 9 1.000000
  9 2.303111 3.989730 3.296897 0.528433 0.781607 0.331436 0.688921 0.607166 1 9 1.000000
..\..\..\Desktop\General\noesis\dk_body
  9 1.828539 1.613620 3.907945 0.989711 0.098764 0.103527 0.728211 0.492991 1 9 1.000000
  9 2.839422 0.741195 3.127421 0.343280 -0.540437 -0.768171 0.703765 0.446539 1 9 1.000000
  9 3.700902 3.454440 3.078147 0.499139 0.411812 -0.762411 0.678530 0.584847 1 9 1.000000
..\..\..\Desktop\General\noesis\dk_body
  9 2.556400 3.600440 0.666972 -0.230353 0.954018 0.191801 0.631343 0.646803 1 9 1.000000
  9 3.700902 3.454440 3.078147 0.499139 0.411812 -0.762411 0.678530 0.584847 1 9 1.000000
  10 3.648840 2.377750 0.042781 0.980638 -0.195038 -0.017592 0.614325 0.577133 1 10 1.000000
..\..\..\Desktop\General\noesis\dk_body
  9 1.786065 0.569100 2.003413 -0.063437 -0.990536 -0.121714 0.649282 0.455014 1 9 1.000000
  9 3.948943 2.225746 2.658599 0.108029 -0.407325 -0.906872 0.665959 0.558195 1 9 1.000000
  9 2.839422 0.741195 3.127421 0.343280 -0.540437 -0.768171 0.703765 0.446539 1 9 1.000000
..\..\..\Desktop\General\noesis\dk_body
  9 3.700902 3.454440 3.078147 0.499139 0.411812 -0.762411 0.678530 0.584847 1 9 1.000000
  9 2.839422 0.741195 3.127421 0.343280 -0.540437 -0.768171 0.703765 0.446539 1 9 1.000000
  9 3.948943 2.225746 2.658599 0.108029 -0.407325 -0.906872 0.665959 0.558195 1 9 1.000000
..\..\..\Desktop\General\noesis\dk_body
  10 3.648840 2.377750 0.042781 0.980638 -0.195038 -0.017592 0.614325 0.577133 1 10 1.000000
  9 3.700902 3.454440 3.078147 0.499139 0.411812 -0.762411 0.678530 0.584847 1 9 1.000000
  9 3.948943 2.225746 2.658599 0.108029 -0.407325 -0.906872 0.665959 0.558195 1 9 1.000000
..\..\..\Desktop\General\noesis\dk_body
  9 3.948943 2.225746 2.658599 0.108029 -0.407325 -0.906872 0.665959 0.558195 1 9 1.000000
  10 3.262700 0.867008 0.433825 0.778288 -0.616599 -0.118627 0.611196 0.504668 1 10 1.000000
  10 3.648840 2.377750 0.042781 0.980638 -0.195038 -0.017592 0.614325 0.577133 1 10 1.000000
..\..\..\Desktop\General\noesis\dk_body
  10 3.262700 0.867008 0.433825 0.778288 -0.616599 -0.118627 0.611196 0.504668 1 10 1.000000
  9 3.948943 2.225746 2.658599 0.108029 -0.407325 -0.906872 0.665959 0.558195 1 9 1.000000
  9 1.786065 0.569100 2.003413 -0.063437 -0.990536 -0.121714 0.649282 0.455014 1 9 1.000000
..\..\..\Desktop\General\noesis\dk_body
  10 1.773720 -0.434294 0.308446 0.285844 -0.949527 -0.129196 0.589825 0.413894 1 10 1.000000
  10 3.262700 0.867008 0.433825 0.778288 -0.616599 -0.118627 0.611196 0.504668 1 10 1.000000
  9 1.786065 0.569100 2.003413 -0.063437 -0.990536 -0.121714 0.649282 0.455014 1 9 1.000000
..\..\..\Desktop\General\noesis\dk_body
  10 2.676600 2.237280 -1.353778 0.550114 -0.477579 -0.685050 0.575389 0.539312 1 10 1.000000
  10 3.648840 2.377750 0.042781 0.980638 -0.195038 -0.017592 0.614325 0.577133 1 10 1.000000
  10 3.262700 0.867008 0.433825 0.778288 -0.616599 -0.118627 0.611196 0.504668 1 10 1.000000
..\..\..\Desktop\General\noesis\dk_body
  10 2.676600 2.237280 -1.353778 0.550114 -0.477579 -0.685050 0.575389 0.539312 1 10 1.000000
  10 3.262700 0.867008 0.433825 0.778288 -0.616599 -0.118627 0.611196 0.504668 1 10 1.000000
  10 1.773720 -0.434294 0.308446 0.285844 -0.949527 -0.129196 0.589825 0.413894 1 10 1.000000
..\..\..\Desktop\General\noesis\dk_body
  10 1.773720 -0.434294 0.308446 0.285844 -0.949527 -0.129196 0.589825 0.413894 1 10 1.000000
  10 0.000000 2.245320 -2.230928 0.000000 -0.452698 -0.891664 0.526135 0.412117 1 10 1.000000
  10 2.676600 2.237280 -1.353778 0.550114 -0.477579 -0.685050 0.575389 0.539312 1 10 1.000000
..\..\..\Desktop\General\noesis\dk_body
  10 0.000000 2.245320 -2.230928 0.000000 -0.452698 -0.891664 0.526135 0.412117 1 10 1.000000
  10 1.773720 -0.434294 0.308446 0.285844 -0.949527 -0.129196 0.589825 0.413894 1 10 1.000000
  10 -1.773720 -0.434294 0.308446 -0.290907 -0.946486 -0.139778 0.589825 0.413894 1 10 1.000000
..\..\..\Desktop\General\noesis\dk_body
  10 -1.773720 -0.434294 0.308446 -0.290907 -0.946486 -0.139778 0.589825 0.413894 1 10 1.000000
  10 -2.676600 2.237280 -1.353778 -0.550114 -0.477579 -0.685050 0.575389 0.539312 1 10 1.000000
  10 0.000000 2.245320 -2.230928 0.000000 -0.452698 -0.891664 0.526135 0.412117 1 10 1.000000
..\..\..\Desktop\General\noesis\dk_body
  10 -2.676600 2.237280 -1.353778 -0.550114 -0.477579 -0.685050 0.575389 0.539312 1 10 1.000000
  10 -1.773720 -0.434294 0.308446 -0.290907 -0.946486 -0.139778 0.589825 0.413894 1 10 1.000000
  10 -3.262700 0.867008 0.433825 -0.782327 -0.607679 -0.136712 0.611196 0.504668 1 10 1.000000
..\..\..\Desktop\General\noesis\dk_body
  10 -2.676600 2.237280 -1.353778 -0.550114 -0.477579 -0.685050 0.575389 0.539312 1 10 1.000000
  10 -3.262700 0.867008 0.433825 -0.782327 -0.607679 -0.136712 0.611196 0.504668 1 10 1.000000
  10 -3.648840 2.377750 0.042781 -0.981375 -0.191286 -0.017670 0.614325 0.577133 1 10 1.000000
..\..\..\Desktop\General\noesis\dk_body
  9 -3.948957 2.225746 2.658543 0.121301 -0.391899 0.911976 0.665959 0.558195 1 9 1.000000
  10 -3.648840 2.377750 0.042781 -0.981375 -0.191286 -0.017670 0.614325 0.577133 1 10 1.000000
  10 -3.262700 0.867008 0.433825 -0.782327 -0.607679 -0.136712 0.611196 0.504668 1 10 1.000000
..\..\..\Desktop\General\noesis\dk_body
  10 -3.262700 0.867008 0.433825 -0.782327 -0.607679 -0.136712 0.611196 0.504668 1 10 1.000000
  9 -1.986075 0.569100 2.003387 -0.072506 -0.978285 0.194170 0.649282 0.455014 1 9 1.000000
  9 -3.948957 2.225746 2.658543 0.121301 -0.391899 0.911976 0.665959 0.558195 1 9 1.000000
..\..\..\Desktop\General\noesis\dk_body
  10 -1.773720 -0.434294 0.308446 -0.290907 -0.946486 -0.139778 0.589825 0.413894 1 10 1.000000
  9 -1.986075 0.569100 2.003387 -0.072506 -0.978285 0.194170 0.649282 0.455014 1 9 1.000000
  10 -3.262700 0.867008 0.433825 -0.782327 -0.607679 -0.136712 0.611196 0.504668 1 10 1.000000
..\..\..\Desktop\General\noesis\dk_body
  9 -1.061098 2.255689 2.908463 0.282892 0.312067 -0.906965 0.665959 0.558195 1 9 1.000000
  9 -1.986075 0.569100 2.003387 -0.072506 -0.978285 0.194170 0.649282 0.455014 1 9 1.000000
  10 0.000000 0.527022 1.467934 -0.009052 -0.618177 0.785987 0.611196 0.504668 1 10 1.000000
..\..\..\Desktop\General\noesis\dk_body
  10 0.000000 0.527022 1.467934 -0.009052 -0.618177 0.785987 0.611196 0.504668 1 10 1.000000
  9 -2.556400 3.600440 0.666935 -0.228781 0.954822 -0.189671 0.631343 0.646803 1 9 1.000000
  9 -1.061098 2.255689 2.908463 0.282892 0.312067 -0.906965 0.665959 0.558195 1 9 1.000000
..\..\..\Desktop\General\noesis\dk_body
  9 -1.061098 2.255689 2.908463 0.282892 0.312067 -0.906965 0.665959 0.558195 1 9 1.000000
  9 -2.556400 3.600440 0.666935 -0.228781 0.954822 -0.189671 0.631343 0.646803 1 9 1.000000
  9 -2.299979 3.989730 3.296865 0.529441 0.781843 -0.329262 0.688921 0.607166 1 9 1.000000
..\..\..\Desktop\General\noesis\dk_body
  9 -2.299979 3.989730 3.296865 0.529441 0.781843 -0.329262 0.688921 0.607166 1 9 1.000000
  9 -1.828561 1.613620 3.907917 0.989766 0.099367 -0.102414 0.728211 0.492991 1 9 1.000000
  9 -1.061098 2.255689 2.908463 0.282892 0.312067 -0.906965 0.665959 0.558195 1 9 1.000000
..\..\..\Desktop\General\noesis\dk_body
  9 -3.674848 3.454440 3.078095 0.499980 0.416458 0.759330 0.678530 0.584847 1 9 1.000000
  10 -3.648840 2.377750 0.042781 -0.981375 -0.191286 -0.017670 0.614325 0.577133 1 10 1.000000
  9 -3.948957 2.225746 2.658543 0.121301 -0.391899 0.911976 0.665959 0.558195 1 9 1.000000
..\..\..\Desktop\General\noesis\dk_body
  9 -2.556400 3.600440 0.666935 -0.228781 0.954822 -0.189671 0.631343 0.646803 1 9 1.000000
  10 -3.648840 2.377750 0.042781 -0.981375 -0.191286 -0.017670 0.614325 0.577133 1 10 1.000000
  9 -3.674848 3.454440 3.078095 0.499980 0.416458 0.759330 0.678530 0.584847 1 9 1.000000
..\..\..\Desktop\General\noesis\dk_body
  9 -2.556400 3.600440 0.666935 -0.228781 0.954822 -0.189671 0.631343 0.646803 1 9 1.000000
  9 -3.674848 3.454440 3.078095 0.499980 0.416458 0.759330 0.678530 0.584847 1 9 1.000000
  9 -2.299979 3.989730 3.296865 0.529441 0.781843 -0.329262 0.688921 0.607166 1 9 1.000000
..\..\..\Desktop\General\noesis\dk_body
  9 -2.299979 3.989730 3.296865 0.529441 0.781843 -0.329262 0.688921 0.607166 1 9 1.000000
  9 -3.674848 3.454440 3.078095 0.499980 0.416458 0.759330 0.678530 0.584847 1 9 1.000000
  9 -1.828561 1.613620 3.907917 0.989766 0.099367 -0.102414 0.728211 0.492991 1 9 1.000000
..\..\..\Desktop\General\noesis\dk_body
  9 -2.839439 0.741195 3.127381 0.379383 -0.511112 0.771254 0.703765 0.446539 1 9 1.000000
  9 -3.674848 3.454440 3.078095 0.499980 0.416458 0.759330 0.678530 0.584847 1 9 1.000000
  9 -3.948957 2.225746 2.658543 0.121301 -0.391899 0.911976 0.665959 0.558195 1 9 1.000000
..\..\..\Desktop\General\noesis\dk_body
  9 -1.986075 0.569100 2.003387 -0.072506 -0.978285 0.194170 0.649282 0.455014 1 9 1.000000
  9 -2.839439 0.741195 3.127381 0.379383 -0.511112 0.771254 0.703765 0.446539 1 9 1.000000
  9 -3.948957 2.225746 2.658543 0.121301 -0.391899 0.911976 0.665959 0.558195 1 9 1.000000
..\..\..\Desktop\General\noesis\dk_body
  9 -1.828561 1.613620 3.907917 0.989766 0.099367 -0.102414 0.728211 0.492991 1 9 1.000000
  9 -3.674848 3.454440 3.078095 0.499980 0.416458 0.759330 0.678530 0.584847 1 9 1.000000
  9 -2.839439 0.741195 3.127381 0.379383 -0.511112 0.771254 0.703765 0.446539 1 9 1.000000
..\..\..\Desktop\General\noesis\dk_body
  9 -1.889846 0.035470 2.295757 -0.400421 -0.915794 -0.031363 0.679001 0.398238 1 9 1.000000
  9 -2.839439 0.741195 3.127381 0.379383 -0.511112 0.771254 0.703765 0.446539 1 9 1.000000
  9 -1.986075 0.569100 2.003387 -0.072506 -0.978285 0.194170 0.649282 0.455014 1 9 1.000000
..\..\..\Desktop\General\noesis\dk_body
  9 -1.986075 0.569100 2.003387 -0.072506 -0.978285 0.194170 0.649282 0.455014 1 9 1.000000
  9 -0.737430 0.950315 3.228145 0.062319 -0.230666 -0.971035 0.703765 0.446539 1 9 1.000000
  9 -1.889846 0.035470 2.295757 -0.400421 -0.915794 -0.031363 0.679001 0.398238 1 9 1.000000
..\..\..\Desktop\General\noesis\dk_body
  9 -1.061098 2.255689 2.908463 0.282892 0.312067 -0.906965 0.665959 0.558195 1 9 1.000000
  9 -0.737430 0.950315 3.228145 0.062319 -0.230666 -0.971035 0.703765 0.446539 1 9 1.000000
  9 -1.986075 0.569100 2.003387 -0.072506 -0.978285 0.194170 0.649282 0.455014 1 9 1.000000
..\..\..\Desktop\General\noesis\dk_body
  9 -1.061098 2.255689 2.908463 0.282892 0.312067 -0.906965 0.665959 0.558195 1 9 1.000000
  9 -1.828561 1.613620 3.907917 0.989766 0.099367 -0.102414 0.728211 0.492991 1 9 1.000000
  9 -0.737430 0.950315 3.228145 0.062319 -0.230666 -0.971035 0.703765 0.446539 1 9 1.000000
..\..\..\Desktop\General\noesis\dk_body
  9 -1.716131 0.195170 3.743469 0.712034 -0.701307 -0.034297 0.723668 0.408416 1 9 1.000000
  9 -1.889846 0.035470 2.295757 -0.400421 -0.915794 -0.031363 0.679001 0.398238 1 9 1.000000
  9 -0.737430 0.950315 3.228145 0.062319 -0.230666 -0.971035 0.703765 0.446539 1 9 1.000000
..\..\..\Desktop\General\noesis\dk_body
  9 -2.839439 0.741195 3.127381 0.379383 -0.511112 0.771254 0.703765 0.446539 1 9 1.000000
  9 -1.889846 0.035470 2.295757 -0.400421 -0.915794 -0.031363 0.679001 0.398238 1 9 1.000000
  9 -1.716131 0.195170 3.743469 0.712034 -0.701307 -0.034297 0.723668 0.408416 1 9 1.000000
..\..\..\Desktop\General\noesis\dk_body
  9 -2.839439 0.741195 3.127381 0.379383 -0.511112 0.771254 0.703765 0.446539 1 9 1.000000
  9 -1.716131 0.195170 3.743469 0.712034 -0.701307 -0.034297 0.723668 0.408416 1 9 1.000000
  9 -1.828561 1.613620 3.907917 0.989766 0.099367 -0.102414 0.728211 0.492991 1 9 1.000000
..\..\..\Desktop\General\noesis\dk_body
  9 -1.828561 1.613620 3.907917 0.989766 0.099367 -0.102414 0.728211 0.492991 1 9 1.000000
  9 -1.716131 0.195170 3.743469 0.712034 -0.701307 -0.034297 0.723668 0.408416 1 9 1.000000
  9 -0.737430 0.950315 3.228145 0.062319 -0.230666 -0.971035 0.703765 0.446539 1 9 1.000000
..\..\..\Desktop\General\noesis\dk_body
  9 -1.986075 0.569100 2.003387 -0.072506 -0.978285 0.194170 0.589825 0.413894 1 9 1.000000
  10 -1.773720 -0.434294 0.308446 -0.290907 -0.946486 -0.139778 0.649282 0.455014 1 10 1.000000
  10 0.000000 0.527022 1.467934 -0.009052 -0.618177 0.785987 0.611196 0.504668 1 10 1.000000
..\..\..\Desktop\General\noesis\dk_body
  9 1.786065 0.569100 2.003413 -0.063437 -0.990536 -0.121714 0.589825 0.413894 1 9 1.000000
  10 0.000000 0.527022 1.467934 -0.009052 -0.618177 0.785987 0.611196 0.504668 1 10 1.000000
  10 1.773720 -0.434294 0.308446 0.285844 -0.949527 -0.129196 0.649282 0.455014 1 10 1.000000
..\..\..\Desktop\General\noesis\dk_body
  10 1.773720 -0.434294 0.308446 0.285844 -0.949527 -0.129196 0.626003 0.485233 1 10 1.000000
  10 0.000000 0.527022 1.467934 -0.009052 -0.618177 0.785987 0.649282 0.455014 1 10 1.000000
  10 -1.773720 -0.434294 0.308446 -0.290907 -0.946486 -0.139778 0.626003 0.485233 1 10 1.000000
..\..\..\Desktop\General\noesis\dk_body
  9 -2.557989 0.708853 3.254353 -0.663973 0.595139 0.452714 0.461294 0.483323 1 9 1.000000
  9 -1.881057 0.143660 2.561507 -0.970231 -0.242139 0.004598 0.477502 0.432557 1 9 1.000000
  9 -2.994463 -0.789400 4.292629 0.114269 -0.681129 0.723191 0.418491 0.475875 1 9 1.000000
..\..\..\Desktop\General\noesis\dk_body
  9 -2.994463 -0.789400 4.292629 0.114269 -0.681129 0.723191 0.418491 0.475875 1 9 1.000000
  9 -3.152778 2.130661 5.728487 -0.028021 0.603395 0.796950 0.438051 0.627038 1 9 1.000000
  9 -2.557989 0.708853 3.254353 -0.663973 0.595139 0.452714 0.461294 0.483323 1 9 1.000000
..\..\..\Desktop\General\noesis\dk_body
  9 -2.994463 -0.789400 4.292629 0.114269 -0.681129 0.723191 0.418491 0.475875 1 9 1.000000
  9 -3.074930 1.700595 6.244499 0.846600 0.309388 0.433068 0.418491 0.627038 1 9 1.000000
  9 -3.152778 2.130661 5.728487 -0.028021 0.603395 0.796950 0.438051 0.627038 1 9 1.000000
..\..\..\Desktop\General\noesis\dk_body
  9 -2.994463 -0.789400 4.292629 0.114269 -0.681129 0.723191 0.418491 0.475875 1 9 1.000000
  9 -1.881057 0.143660 2.561507 -0.970231 -0.242139 0.004598 0.477502 0.432557 1 9 1.000000
  9 -1.696690 -1.077780 3.618319 -0.415823 -0.909393 -0.009742 0.445039 0.399203 1 9 1.000000
..\..\..\Desktop\General\noesis\dk_body
  9 -0.738956 -0.868870 4.147135 -0.095475 -0.594647 -0.798298 0.534797 0.475875 1 9 1.000000
  9 -1.881057 0.143660 2.561507 -0.970231 -0.242139 0.004598 0.477502 0.432557 1 9 1.000000
  9 -1.101599 0.608760 3.199143 -0.693047 0.454869 -0.559268 0.497076 0.483323 1 9 1.000000
..\..\..\Desktop\General\noesis\dk_body
  9 -1.101599 0.608760 3.199143 -0.693047 0.454869 -0.559268 0.497076 0.483323 1 9 1.000000
  9 -1.881057 0.143660 2.561507 -0.970231 -0.242139 0.004598 0.477502 0.432557 1 9 1.000000
  9 -2.557989 0.708853 3.254353 -0.663973 0.595139 0.452714 0.461294 0.483323 1 9 1.000000
..\..\..\Desktop\General\noesis\dk_body
  9 -2.557989 0.708853 3.254353 -0.663973 0.595139 0.452714 0.461294 0.483323 1 9 1.000000
  9 -0.566931 2.414155 5.653777 0.008190 0.871589 -0.490169 0.512417 0.627038 1 9 1.000000
  9 -1.101599 0.608760 3.199143 -0.693047 0.454869 -0.559268 0.497076 0.483323 1 9 1.000000
..\..\..\Desktop\General\noesis\dk_body
  9 -1.101599 0.608760 3.199143 -0.693047 0.454869 -0.559268 0.497076 0.483323 1 9 1.000000
  9 -0.566931 2.414155 5.653777 0.008190 0.871589 -0.490169 0.512417 0.627038 1 9 1.000000
  9 -0.738956 -0.868870 4.147135 -0.095475 -0.594647 -0.798298 0.534797 0.475875 1 9 1.000000
..\..\..\Desktop\General\noesis\dk_body
  9 -3.152778 2.130661 5.728487 -0.028021 0.603395 0.796950 0.438051 0.627038 1 9 1.000000
  9 -0.566931 2.414155 5.653777 0.008190 0.871589 -0.490169 0.512417 0.627038 1 9 1.000000
  9 -2.557989 0.708853 3.254353 -0.663973 0.595139 0.452714 0.461294 0.483323 1 9 1.000000
..\..\..\Desktop\General\noesis\dk_body
  9 -3.074930 1.700595 6.244499 0.846600 0.309388 0.433068 0.438051 0.669951 1 9 1.000000
  9 -0.566931 2.414155 5.653777 0.008190 0.871589 -0.490169 0.512417 0.627038 1 9 1.000000
  9 -3.152778 2.130661 5.728487 -0.028021 0.603395 0.796950 0.438051 0.627038 1 9 1.000000
..\..\..\Desktop\General\noesis\dk_body
  9 -0.683327 1.797722 6.326507 0.897849 -0.232878 -0.373678 0.512417 0.669951 1 9 1.000000
  9 -0.566931 2.414155 5.653777 0.008190 0.871589 -0.490169 0.512417 0.627038 1 9 1.000000
  9 -3.074930 1.700595 6.244499 0.846600 0.309388 0.433068 0.438051 0.669951 1 9 1.000000
..\..\..\Desktop\General\noesis\dk_body
  9 -0.738956 -0.868870 4.147135 -0.095475 -0.594647 -0.798298 0.534797 0.475875 1 9 1.000000
  9 -0.566931 2.414155 5.653777 0.008190 0.871589 -0.490169 0.512417 0.627038 1 9 1.000000
  9 -0.683327 1.797722 6.326507 0.897849 -0.232878 -0.373678 0.534797 0.627038 1 9 1.000000
..\..\..\Desktop\General\noesis\dk_body
  9 -1.696690 -1.077780 3.618319 -0.415823 -0.909393 -0.009742 0.510147 0.399203 1 9 1.000000
  9 -1.881057 0.143660 2.561507 -0.970231 -0.242139 0.004598 0.477502 0.432557 1 9 1.000000
  9 -0.738956 -0.868870 4.147135 -0.095475 -0.594647 -0.798298 0.534797 0.475875 1 9 1.000000
..\..\..\Desktop\General\noesis\dk_body
  9 -0.738956 -0.868870 4.147135 -0.095475 -0.594647 -0.798298 0.563068 0.626120 1 9 1.000000
  9 -0.683327 1.797722 6.326507 0.897849 -0.232878 -0.373678 0.607983 0.626120 1 9 1.000000
  9 -2.994463 -0.789400 4.292629 0.114269 -0.681129 0.723191 0.563068 0.706275 1 9 1.000000
..\..\..\Desktop\General\noesis\dk_body
  9 -2.994463 -0.789400 4.292629 0.114269 -0.681129 0.723191 0.563068 0.706275 1 9 1.000000
  9 -1.696690 -1.077780 3.618319 -0.415823 -0.909393 -0.009742 0.550414 0.666007 1 9 1.000000
  9 -0.738956 -0.868870 4.147135 -0.095475 -0.594647 -0.798298 0.563068 0.626120 1 9 1.000000
..\..\..\Desktop\General\noesis\dk_body
  9 -2.994463 -0.789400 4.292629 0.114269 -0.681129 0.723191 0.563068 0.706275 1 9 1.000000
  9 -0.683327 1.797722 6.326507 0.897849 -0.232878 -0.373678 0.607983 0.626120 1 9 1.000000
  9 -3.074930 1.700595 6.244499 0.846600 0.309388 0.433068 0.607983 0.706275 1 9 1.000000
..\..\..\Desktop\General\noesis\dk_body
  9 2.588721 0.690020 3.259239 -0.695698 0.568568 -0.439016 0.461294 0.483323 1 9 1.000000
  9 3.024347 -0.800450 4.309013 0.102271 -0.693329 -0.713327 0.418491 0.475875 1 9 1.000000
  9 1.722843 0.054360 2.570383 -0.962888 -0.267335 0.037120 0.477502 0.432557 1 9 1.000000
..\..\..\Desktop\General\noesis\dk_body
  9 3.024347 -0.800450 4.309013 0.102271 -0.693329 -0.713327 0.418491 0.475875 1 9 1.000000
  9 2.588721 0.690020 3.259239 -0.695698 0.568568 -0.439016 0.461294 0.483323 1 9 1.000000
  9 3.183152 2.130412 5.722673 -0.032351 0.602896 -0.797164 0.438051 0.627038 1 9 1.000000
..\..\..\Desktop\General\noesis\dk_body
  9 3.024347 -0.800450 4.309013 0.102271 -0.693329 -0.713327 0.418491 0.475875 1 9 1.000000
  9 3.183152 2.130412 5.722673 -0.032351 0.602896 -0.797164 0.438051 0.627038 1 9 1.000000
  9 3.105000 1.704305 6.241923 0.844368 0.315677 -0.432886 0.418491 0.627038 1 9 1.000000
..\..\..\Desktop\General\noesis\dk_body
  9 3.024347 -0.800450 4.309013 0.102271 -0.693329 -0.713327 0.418491 0.475875 1 9 1.000000
  9 1.726640 -1.091340 3.635353 -0.392100 -0.919919 0.002588 0.445039 0.399203 1 9 1.000000
  9 1.722843 0.054360 2.570383 -0.962888 -0.267335 0.037120 0.477502 0.432557 1 9 1.000000
..\..\..\Desktop\General\noesis\dk_body
  9 0.768866 -0.880270 4.163347 -0.058193 -0.585562 0.808536 0.534797 0.475875 1 9 1.000000
  9 1.132321 0.589990 3.204279 -0.673655 0.457962 0.580052 0.497076 0.483323 1 9 1.000000
  9 1.722843 0.054360 2.570383 -0.962888 -0.267335 0.037120 0.477502 0.432557 1 9 1.000000
..\..\..\Desktop\General\noesis\dk_body
  9 1.132321 0.589990 3.204279 -0.673655 0.457962 0.580052 0.497076 0.483323 1 9 1.000000
  9 2.588721 0.690020 3.259239 -0.695698 0.568568 -0.439016 0.461294 0.483323 1 9 1.000000
  9 1.722843 0.054360 2.570383 -0.962888 -0.267335 0.037120 0.477502 0.432557 1 9 1.000000
..\..\..\Desktop\General\noesis\dk_body
  9 2.588721 0.690020 3.259239 -0.695698 0.568568 -0.439016 0.461294 0.483323 1 9 1.000000
  9 1.132321 0.589990 3.204279 -0.673655 0.457962 0.580052 0.497076 0.483323 1 9 1.000000
  9 0.597425 2.414226 5.644876 0.001395 0.871790 0.489879 0.512417 0.627038 1 9 1.000000
..\..\..\Desktop\General\noesis\dk_body
  9 1.132321 0.589990 3.204279 -0.673655 0.457962 0.580052 0.497076 0.483323 1 9 1.000000
  9 0.768866 -0.880270 4.163347 -0.058193 -0.585562 0.808536 0.534797 0.475875 1 9 1.000000
  9 0.597425 2.414226 5.644876 0.001395 0.871790 0.489879 0.512417 0.627038 1 9 1.000000
..\..\..\Desktop\General\noesis\dk_body
  9 3.183152 2.130412 5.722673 -0.032351 0.602896 -0.797164 0.438051 0.627038 1 9 1.000000
  9 2.588721 0.690020 3.259239 -0.695698 0.568568 -0.439016 0.461294 0.483323 1 9 1.000000
  9 0.597425 2.414226 5.644876 0.001395 0.871790 0.489879 0.512417 0.627038 1 9 1.000000
..\..\..\Desktop\General\noesis\dk_body
  9 3.105000 1.704305 6.241923 0.844368 0.315677 -0.432886 0.438051 0.669951 1 9 1.000000
  9 3.183152 2.130412 5.722673 -0.032351 0.602896 -0.797164 0.438051 0.627038 1 9 1.000000
  9 0.597425 2.414226 5.644876 0.001395 0.871790 0.489879 0.512417 0.627038 1 9 1.000000
..\..\..\Desktop\General\noesis\dk_body
  9 0.713389 1.802883 6.322305 0.899469 -0.225913 0.374058 0.512417 0.669951 1 9 1.000000
  9 3.105000 1.704305 6.241923 0.844368 0.315677 -0.432886 0.438051 0.669951 1 9 1.000000
  9 0.597425 2.414226 5.644876 0.001395 0.871790 0.489879 0.512417 0.627038 1 9 1.000000
..\..\..\Desktop\General\noesis\dk_body
  9 0.768866 -0.880270 4.163347 -0.058193 -0.585562 0.808536 0.534797 0.475875 1 9 1.000000
  9 0.713389 1.802883 6.322305 0.899469 -0.225913 0.374058 0.534797 0.627038 1 9 1.000000
  9 0.597425 2.414226 5.644876 0.001395 0.871790 0.489879 0.512417 0.627038 1 9 1.000000
..\..\..\Desktop\General\noesis\dk_body
  9 1.726640 -1.091340 3.635353 -0.392100 -0.919919 0.002588 0.510147 0.399203 1 9 1.000000
  9 0.768866 -0.880270 4.163347 -0.058193 -0.585562 0.808536 0.534797 0.475875 1 9 1.000000
  9 1.722843 0.054360 2.570383 -0.962888 -0.267335 0.037120 0.477502 0.432557 1 9 1.000000
..\..\..\Desktop\General\noesis\dk_body
  9 0.768866 -0.880270 4.163347 -0.058193 -0.585562 0.808536 0.563068 0.626120 1 9 1.000000
  9 3.024347 -0.800450 4.309013 0.102271 -0.693329 -0.713327 0.563068 0.706275 1 9 1.000000
  9 0.713389 1.802883 6.322305 0.899469 -0.225913 0.374058 0.607983 0.626120 1 9 1.000000
..\..\..\Desktop\General\noesis\dk_body
  9 3.024347 -0.800450 4.309013 0.102271 -0.693329 -0.713327 0.563068 0.706275 1 9 1.000000
  9 0.768866 -0.880270 4.163347 -0.058193 -0.585562 0.808536 0.563068 0.626120 1 9 1.000000
  9 1.726640 -1.091340 3.635353 -0.392100 -0.919919 0.002588 0.550414 0.666007 1 9 1.000000
..\..\..\Desktop\General\noesis\dk_body
  9 3.024347 -0.800450 4.309013 0.102271 -0.693329 -0.713327 0.563068 0.706275 1 9 1.000000
  9 3.105000 1.704305 6.241923 0.844368 0.315677 -0.432886 0.607983 0.706275 1 9 1.000000
  9 0.713389 1.802883 6.322305 0.899469 -0.225913 0.374058 0.607983 0.626120 1 9 1.000000
..\..\..\Desktop\General\noesis\dk_body
  10 0.000000 0.527022 1.467934 0.000000 -0.485128 0.874443 0.342074 0.021363 1 10 1.000000
  10 3.648840 2.377750 0.042781 0.980638 -0.195038 -0.017592 0.407025 0.277553 1 10 1.000000
  8 2.139973 4.194204 2.329160 -0.331681 -0.429072 0.840170 0.501139 0.130740 1 8 1.000000
..\..\..\Desktop\General\noesis\dk_body
  8 0.000004 3.901910 3.049600 -0.354267 0.000000 0.935144 0.495660 0.021363 1 8 1.000000
  10 0.000000 0.527022 1.467934 0.000000 -0.485128 0.874443 0.342074 0.021363 1 10 1.000000
  8 2.139973 4.194204 2.329160 -0.331681 -0.429072 0.840170 0.501139 0.130740 1 8 1.000000
..\..\..\Desktop\General\noesis\dk_body
  8 0.000004 3.901910 3.049600 -0.354267 0.000000 0.935144 0.495660 0.021363 1 8 1.000000
  8 -2.139967 4.194172 2.329160 -0.331681 0.429072 0.840170 0.501139 0.130740 1 8 1.000000
  10 0.000000 0.527022 1.467934 0.000000 -0.485128 0.874443 0.342074 0.021363 1 10 1.000000
..\..\..\Desktop\General\noesis\dk_body
  8 0.000004 3.901910 3.049600 -0.354267 0.000000 0.935144 0.495660 0.021363 1 8 1.000000
  8 2.139973 4.194204 2.329160 -0.331681 -0.429072 0.840170 0.501139 0.130740 1 8 1.000000
  8 -0.000013 8.650380 4.446100 0.007588 -0.000000 0.999971 0.640663 0.021363 1 8 1.000000
..\..\..\Desktop\General\noesis\dk_body
  8 0.000004 3.901910 3.049600 -0.354267 0.000000 0.935144 0.495660 0.021363 1 8 1.000000
  8 -0.000013 8.650380 4.446100 0.007588 -0.000000 0.999971 0.640663 0.021363 1 8 1.000000
  8 -2.139967 4.194172 2.329160 -0.331681 0.429072 0.840170 0.501139 0.130740 1 8 1.000000
..\..\..\Desktop\General\noesis\dk_body
  8 -0.000013 8.650380 4.446100 0.007588 -0.000000 0.999971 0.640663 0.021363 1 8 1.000000
  8 2.139973 4.194204 2.329160 -0.331681 -0.429072 0.840170 0.501139 0.130740 1 8 1.000000
  8 2.470280 7.609838 3.013460 0.016639 -0.432567 0.901448 0.630341 0.199245 1 8 1.000000
..\..\..\Desktop\General\noesis\dk_body
  8 2.588035 9.153939 2.795860 0.352648 -0.468556 0.809997 0.660084 0.186326 1 8 1.000000
  8 -0.000013 8.650380 4.446100 0.007588 -0.000000 0.999971 0.640663 0.021363 1 8 1.000000
  8 2.470280 7.609838 3.013460 0.016639 -0.432567 0.901448 0.630341 0.199245 1 8 1.000000
..\..\..\Desktop\General\noesis\dk_body
  8 2.470280 7.609838 3.013460 0.016639 -0.432567 0.901448 0.630341 0.199245 1 8 1.000000
  8 4.141821 10.310045 1.527590 0.635787 -0.359849 0.682850 0.677396 0.279359 1 8 1.000000
  8 2.588035 9.153939 2.795860 0.352648 -0.468556 0.809997 0.660084 0.186326 1 8 1.000000
..\..\..\Desktop\General\noesis\dk_body
  8 2.139973 4.194204 2.329160 -0.331681 -0.429072 0.840170 0.501139 0.130740 1 8 1.000000
  8 4.783669 8.067294 2.288300 -0.065629 -0.348948 0.934841 0.628593 0.336488 1 8 1.000000
  8 2.470280 7.609838 3.013460 0.016639 -0.432567 0.901448 0.630341 0.199245 1 8 1.000000
..\..\..\Desktop\General\noesis\dk_body
  8 2.139973 4.194204 2.329160 -0.331681 -0.429072 0.840170 0.501139 0.130740 1 8 1.000000
  10 3.648840 2.377750 0.042781 0.980638 -0.195038 -0.017592 0.407025 0.277553 1 10 1.000000
  8 4.783669 8.067294 2.288300 -0.065629 -0.348948 0.934841 0.628593 0.336488 1 8 1.000000
..\..\..\Desktop\General\noesis\dk_body
  8 2.470280 7.609838 3.013460 0.016639 -0.432567 0.901448 0.630341 0.199245 1 8 1.000000
  8 4.783669 8.067294 2.288300 -0.065629 -0.348948 0.934841 0.628593 0.336488 1 8 1.000000
  8 4.141821 10.310045 1.527590 0.635787 -0.359849 0.682850 0.677396 0.279359 1 8 1.000000
..\..\..\Desktop\General\noesis\dk_body
  10 3.648840 2.377750 0.042781 0.980638 -0.195038 -0.017592 0.407025 0.277553 1 10 1.000000
  8 4.490896 6.145522 0.229237 -0.571645 -0.818104 -0.062680 0.554037 0.385871 1 8 1.000000
  8 4.783669 8.067294 2.288300 -0.065629 -0.348948 0.934841 0.628593 0.336488 1 8 1.000000
..\..\..\Desktop\General\noesis\dk_body
  8 4.141821 10.310045 1.527590 0.635787 -0.359849 0.682850 0.677396 0.279359 1 8 1.000000
  8 4.783669 8.067294 2.288300 -0.065629 -0.348948 0.934841 0.628593 0.336488 1 8 1.000000
  8 5.420833 9.768990 1.261674 0.876662 -0.268621 0.399133 0.679795 0.366470 1 8 1.000000
..\..\..\Desktop\General\noesis\dk_body
  8 4.141821 10.310045 1.527590 0.635787 -0.359849 0.682850 0.677396 0.279359 1 8 1.000000
  8 5.420833 9.768990 1.261674 0.876662 -0.268621 0.399133 0.679795 0.366470 1 8 1.000000
  8 4.152240 10.521855 -0.917660 0.918135 -0.262981 -0.296428 0.733483 0.272254 1 8 1.000000
..\..\..\Desktop\General\noesis\dk_body
  8 2.588035 9.153939 2.795860 0.352648 -0.468556 0.809997 0.660084 0.186326 1 8 1.000000
  8 4.141821 10.310045 1.527590 0.635787 -0.359849 0.682850 0.677396 0.279359 1 8 1.000000
  8 2.074450 10.383437 2.100650 0.875948 -0.247042 0.414349 0.709536 0.139137 1 8 1.000000
..\..\..\Desktop\General\noesis\dk_body
  8 4.152240 10.521855 -0.917660 0.918135 -0.262981 -0.296428 0.733483 0.272254 1 8 1.000000
  8 2.074450 10.383437 2.100650 0.875948 -0.247042 0.414349 0.709536 0.139137 1 8 1.000000
  8 4.141821 10.310045 1.527590 0.635787 -0.359849 0.682850 0.677396 0.279359 1 8 1.000000
..\..\..\Desktop\General\noesis\dk_body
  8 -0.000021 10.873840 1.621990 0.990095 -0.000000 0.140402 0.720284 0.021363 1 8 1.000000
  8 2.074450 10.383437 2.100650 0.875948 -0.247042 0.414349 0.709536 0.139137 1 8 1.000000
  8 4.152240 10.521855 -0.917660 0.918135 -0.262981 -0.296428 0.733483 0.272254 1 8 1.000000
..\..\..\Desktop\General\noesis\dk_body
  8 2.588035 9.153939 2.795860 0.352648 -0.468556 0.809997 0.660084 0.186326 1 8 1.000000
  8 2.074450 10.383437 2.100650 0.875948 -0.247042 0.414349 0.709536 0.139137 1 8 1.000000
  8 -0.000020 10.518210 3.440610 0.765363 0.000000 0.643599 0.670453 0.021363 1 8 1.000000
..\..\..\Desktop\General\noesis\dk_body
  8 -0.000020 10.518210 3.440610 0.765363 0.000000 0.643599 0.670453 0.021363 1 8 1.000000
  8 -0.000013 8.650380 4.446100 0.007588 -0.000000 0.999971 0.640663 0.021363 1 8 1.000000
  8 2.588035 9.153939 2.795860 0.352648 -0.468556 0.809997 0.660084 0.186326 1 8 1.000000
..\..\..\Desktop\General\noesis\dk_body
  8 -0.000021 10.873840 1.621990 0.990095 -0.000000 0.140402 0.720284 0.021363 1 8 1.000000
  8 -0.000020 10.518210 3.440610 0.765363 0.000000 0.643599 0.670453 0.021363 1 8 1.000000
  8 2.074450 10.383437 2.100650 0.875948 -0.247042 0.414349 0.709536 0.139137 1 8 1.000000
..\..\..\Desktop\General\noesis\dk_body
  8 -0.000021 10.873840 1.621990 0.990095 -0.000000 0.140402 0.720284 0.021363 1 8 1.000000
  8 -2.074490 10.383403 2.100650 0.875948 0.247042 0.414349 0.709536 0.139137 1 8 1.000000
  8 -0.000020 10.518210 3.440610 0.765363 0.000000 0.643599 0.670453 0.021363 1 8 1.000000
..\..\..\Desktop\General\noesis\dk_body
  8 -0.000021 10.873840 1.621990 0.990095 -0.000000 0.140402 0.720284 0.021363 1 8 1.000000
  8 -4.152280 10.521805 -0.917660 0.918135 0.262981 -0.296428 0.733483 0.272254 1 8 1.000000
  8 -2.074490 10.383403 2.100650 0.875948 0.247042 0.414349 0.709536 0.139137 1 8 1.000000
..\..\..\Desktop\General\noesis\dk_body
  8 4.152240 10.521855 -0.917660 0.918135 -0.262981 -0.296428 0.733483 0.272254 1 8 1.000000
  8 -0.000022 10.959350 -0.012371 0.958102 0.000000 -0.286429 0.749788 0.021363 1 8 1.000000
  8 -0.000021 10.873840 1.621990 0.990095 -0.000000 0.140402 0.720284 0.021363 1 8 1.000000
..\..\..\Desktop\General\noesis\dk_body
  8 -0.000021 10.873840 1.621990 0.990095 -0.000000 0.140402 0.720284 0.021363 1 8 1.000000
  8 -0.000022 10.959350 -0.012371 0.958102 0.000000 -0.286429 0.749788 0.021363 1 8 1.000000
  8 -4.152280 10.521805 -0.917660 0.918135 0.262981 -0.296428 0.733483 0.272254 1 8 1.000000
..\..\..\Desktop\General\noesis\dk_body
  8 -4.152280 10.521805 -0.917660 0.918135 0.262981 -0.296428 0.733483 0.272254 1 8 1.000000
  8 -0.000022 10.959350 -0.012371 0.958102 0.000000 -0.286429 0.749788 0.021363 1 8 1.000000
  8 -0.000016 9.415570 -2.124350 0.525034 0.000000 -0.851081 0.814289 0.021363 1 8 1.000000
..\..\..\Desktop\General\noesis\dk_body
  8 4.152240 10.521855 -0.917660 0.918135 -0.262981 -0.296428 0.733483 0.272254 1 8 1.000000
  8 -0.000016 9.415570 -2.124350 0.525034 0.000000 -0.851081 0.814289 0.021363 1 8 1.000000
  8 -0.000022 10.959350 -0.012371 0.958102 0.000000 -0.286429 0.749788 0.021363 1 8 1.000000
..\..\..\Desktop\General\noesis\dk_body
  8 4.152240 10.521855 -0.917660 0.918135 -0.262981 -0.296428 0.733483 0.272254 1 8 1.000000
  8 4.442109 8.036762 -1.837510 -0.010203 -0.335601 -0.941949 0.827278 0.280809 1 8 1.000000
  8 -0.000016 9.415570 -2.124350 0.525034 0.000000 -0.851081 0.814289 0.021363 1 8 1.000000
..\..\..\Desktop\General\noesis\dk_body
  8 4.152240 10.521855 -0.917660 0.918135 -0.262981 -0.296428 0.733483 0.272254 1 8 1.000000
  8 5.420833 9.768990 1.261674 0.876662 -0.268621 0.399133 0.679795 0.366470 1 8 1.000000
  8 5.420833 9.697080 -0.758880 0.760080 -0.228055 -0.608498 0.745986 0.349246 1 8 1.000000
..\..\..\Desktop\General\noesis\dk_body
  8 4.152240 10.521855 -0.917660 0.918135 -0.262981 -0.296428 0.733483 0.272254 1 8 1.000000
  8 5.420833 9.697080 -0.758880 0.760080 -0.228055 -0.608498 0.745986 0.349246 1 8 1.000000
  8 4.442109 8.036762 -1.837510 -0.010203 -0.335601 -0.941949 0.827278 0.280809 1 8 1.000000
..\..\..\Desktop\General\noesis\dk_body
  8 3.915340 4.942993 -2.014980 -0.272976 -0.675090 -0.685374 0.892812 0.252054 1 8 1.000000
  8 4.442109 8.036762 -1.837510 -0.010203 -0.335601 -0.941949 0.827278 0.280809 1 8 1.000000
  8 4.490896 6.145522 0.229237 -0.571645 -0.818104 -0.062680 0.880998 0.358061 1 8 1.000000
..\..\..\Desktop\General\noesis\dk_body
  8 4.490896 6.145522 0.229237 -0.571645 -0.818104 -0.062680 0.880998 0.358061 1 8 1.000000
  10 3.648840 2.377750 0.042781 0.980638 -0.195038 -0.017592 0.989584 0.283630 1 10 1.000000
  8 3.915340 4.942993 -2.014980 -0.272976 -0.675090 -0.685374 0.892812 0.252054 1 8 1.000000
..\..\..\Desktop\General\noesis\dk_body
  8 4.442109 8.036762 -1.837510 -0.010203 -0.335601 -0.941949 0.827278 0.280809 1 8 1.000000
  8 -0.000005 6.245460 -3.272000 0.032779 -0.000000 -0.999463 0.895680 0.021363 1 8 1.000000
  8 -0.000016 9.415570 -2.124350 0.525034 0.000000 -0.851081 0.814289 0.021363 1 8 1.000000
..\..\..\Desktop\General\noesis\dk_body
  8 -0.000005 6.245460 -3.272000 0.032779 -0.000000 -0.999463 0.895680 0.021363 1 8 1.000000
  8 4.442109 8.036762 -1.837510 -0.010203 -0.335601 -0.941949 0.827278 0.280809 1 8 1.000000
  8 3.915340 4.942993 -2.014980 -0.272976 -0.675090 -0.685374 0.892812 0.252054 1 8 1.000000
..\..\..\Desktop\General\noesis\dk_body
  10 0.000000 2.245320 -2.230928 0.000000 -0.452698 -0.891664 0.989584 0.021363 1 10 1.000000
  8 -0.000005 6.245460 -3.272000 0.032779 -0.000000 -0.999463 0.895680 0.021363 1 8 1.000000
  8 3.915340 4.942993 -2.014980 -0.272976 -0.675090 -0.685374 0.892812 0.252054 1 8 1.000000
..\..\..\Desktop\General\noesis\dk_body
  10 0.000000 2.245320 -2.230928 0.000000 -0.452698 -0.891664 0.989584 0.021363 1 10 1.000000
  8 3.915340 4.942993 -2.014980 -0.272976 -0.675090 -0.685374 0.892812 0.252054 1 8 1.000000
  10 2.676600 2.237280 -1.353778 0.550114 -0.477579 -0.685050 0.989584 0.186341 1 10 1.000000
..\..\..\Desktop\General\noesis\dk_body
  10 3.648840 2.377750 0.042781 0.980638 -0.195038 -0.017592 0.989584 0.283630 1 10 1.000000
  10 2.676600 2.237280 -1.353778 0.550114 -0.477579 -0.685050 0.989584 0.186341 1 10 1.000000
  8 3.915340 4.942993 -2.014980 -0.272976 -0.675090 -0.685374 0.892812 0.252054 1 8 1.000000
..\..\..\Desktop\General\noesis\dk_body
  10 0.000000 0.527022 1.467934 0.000000 -0.485128 0.874443 0.342074 0.021363 1 10 1.000000
  8 -2.139967 4.194172 2.329160 -0.331681 0.429072 0.840170 0.501139 0.130740 1 8 1.000000
  10 -3.648840 2.377750 0.042781 -0.981375 -0.191286 -0.017670 0.407025 0.277553 1 10 1.000000
..\..\..\Desktop\General\noesis\dk_body
  8 -2.139967 4.194172 2.329160 -0.331681 0.429072 0.840170 0.501139 0.130740 1 8 1.000000
  8 -4.783691 8.067225 2.288300 -0.066887 0.348396 0.934958 0.628568 0.336478 1 8 1.000000
  10 -3.648840 2.377750 0.042781 -0.981375 -0.191286 -0.017670 0.407025 0.277553 1 10 1.000000
..\..\..\Desktop\General\noesis\dk_body
  8 -2.139967 4.194172 2.329160 -0.331681 0.429072 0.840170 0.501139 0.130740 1 8 1.000000
  8 -0.000013 8.650380 4.446100 0.007588 -0.000000 0.999971 0.640663 0.021363 1 8 1.000000
  8 -2.470299 7.609802 3.013460 0.016639 0.432567 0.901448 0.630341 0.199245 1 8 1.000000
..\..\..\Desktop\General\noesis\dk_body
  8 -2.139967 4.194172 2.329160 -0.331681 0.429072 0.840170 0.501139 0.130740 1 8 1.000000
  8 -2.470299 7.609802 3.013460 0.016639 0.432567 0.901448 0.630341 0.199245 1 8 1.000000
  8 -4.783691 8.067225 2.288300 -0.066887 0.348396 0.934958 0.628568 0.336478 1 8 1.000000
..\..\..\Desktop\General\noesis\dk_body
  8 -2.470299 7.609802 3.013460 0.016639 0.432567 0.901448 0.630341 0.199245 1 8 1.000000
  8 -0.000013 8.650380 4.446100 0.007588 -0.000000 0.999971 0.640663 0.021363 1 8 1.000000
  8 -2.588065 9.153901 2.795860 0.352648 0.468556 0.809997 0.660084 0.186326 1 8 1.000000
..\..\..\Desktop\General\noesis\dk_body
  8 -2.588065 9.153901 2.795860 0.352648 0.468556 0.809997 0.660084 0.186326 1 8 1.000000
  8 -0.000013 8.650380 4.446100 0.007588 -0.000000 0.999971 0.640663 0.021363 1 8 1.000000
  8 -0.000020 10.518210 3.440610 0.765363 0.000000 0.643599 0.670453 0.021363 1 8 1.000000
..\..\..\Desktop\General\noesis\dk_body
  8 -2.588065 9.153901 2.795860 0.352648 0.468556 0.809997 0.660084 0.186326 1 8 1.000000
  8 -0.000020 10.518210 3.440610 0.765363 0.000000 0.643599 0.670453 0.021363 1 8 1.000000
  8 -2.074490 10.383403 2.100650 0.875948 0.247042 0.414349 0.709536 0.139137 1 8 1.000000
..\..\..\Desktop\General\noesis\dk_body
  8 -2.470299 7.609802 3.013460 0.016639 0.432567 0.901448 0.630341 0.199245 1 8 1.000000
  8 -2.588065 9.153901 2.795860 0.352648 0.468556 0.809997 0.660084 0.186326 1 8 1.000000
  8 -4.141859 10.309995 1.527590 0.635787 0.359849 0.682850 0.677396 0.279359 1 8 1.000000
..\..\..\Desktop\General\noesis\dk_body
  8 -4.152280 10.521805 -0.917660 0.918135 0.262981 -0.296428 0.733483 0.272254 1 8 1.000000
  8 -4.141859 10.309995 1.527590 0.635787 0.359849 0.682850 0.677396 0.279359 1 8 1.000000
  8 -2.074490 10.383403 2.100650 0.875948 0.247042 0.414349 0.709536 0.139137 1 8 1.000000
..\..\..\Desktop\General\noesis\dk_body
  8 -2.470299 7.609802 3.013460 0.016639 0.432567 0.901448 0.630341 0.199245 1 8 1.000000
  8 -4.141859 10.309995 1.527590 0.635787 0.359849 0.682850 0.677396 0.279359 1 8 1.000000
  8 -4.783691 8.067225 2.288300 -0.066887 0.348396 0.934958 0.628568 0.336478 1 8 1.000000
..\..\..\Desktop\General\noesis\dk_body
  8 -2.588065 9.153901 2.795860 0.352648 0.468556 0.809997 0.660084 0.186326 1 8 1.000000
  8 -2.074490 10.383403 2.100650 0.875948 0.247042 0.414349 0.709536 0.139137 1 8 1.000000
  8 -4.141859 10.309995 1.527590 0.635787 0.359849 0.682850 0.677396 0.279359 1 8 1.000000
..\..\..\Desktop\General\noesis\dk_body
  8 -4.141859 10.309995 1.527590 0.635787 0.359849 0.682850 0.677396 0.279359 1 8 1.000000
  8 -4.152280 10.521805 -0.917660 0.918135 0.262981 -0.296428 0.733483 0.272254 1 8 1.000000
  8 -5.420867 9.768910 1.261674 0.876672 0.268395 0.399263 0.679795 0.366470 1 8 1.000000
..\..\..\Desktop\General\noesis\dk_body
  8 -4.141859 10.309995 1.527590 0.635787 0.359849 0.682850 0.677396 0.279359 1 8 1.000000
  8 -5.420867 9.768910 1.261674 0.876672 0.268395 0.399263 0.679795 0.366470 1 8 1.000000
  8 -4.783691 8.067225 2.288300 -0.066887 0.348396 0.934958 0.628568 0.336478 1 8 1.000000
..\..\..\Desktop\General\noesis\dk_body
  10 -3.648840 2.377750 0.042781 -0.981375 -0.191286 -0.017670 0.407025 0.277553 1 10 1.000000
  8 -4.783691 8.067225 2.288300 -0.066887 0.348396 0.934958 0.628568 0.336478 1 8 1.000000
  8 -4.490904 6.231968 0.242759 -0.579625 0.812562 -0.061468 0.554037 0.385871 1 8 1.000000
..\..\..\Desktop\General\noesis\dk_body
  10 0.000000 2.245320 -2.230928 0.000000 -0.452698 -0.891664 0.989584 0.021363 1 10 1.000000
  8 -3.915340 4.942935 -2.014980 -0.272642 0.676673 -0.683945 0.892812 0.252054 1 8 1.000000
  8 -0.000005 6.245460 -3.272000 0.032779 -0.000000 -0.999463 0.895680 0.021363 1 8 1.000000
..\..\..\Desktop\General\noesis\dk_body
  8 -3.915340 4.942935 -2.014980 -0.272642 0.676673 -0.683945 0.892812 0.252054 1 8 1.000000
  10 0.000000 2.245320 -2.230928 0.000000 -0.452698 -0.891664 0.989584 0.021363 1 10 1.000000
  10 -2.676600 2.237280 -1.353778 -0.550114 -0.477579 -0.685050 0.989584 0.186341 1 10 1.000000
..\..\..\Desktop\General\noesis\dk_body
  10 -2.676600 2.237280 -1.353778 -0.550114 -0.477579 -0.685050 0.989584 0.186341 1 10 1.000000
  10 -3.648840 2.377750 0.042781 -0.981375 -0.191286 -0.017670 0.989584 0.283630 1 10 1.000000
  8 -3.915340 4.942935 -2.014980 -0.272642 0.676673 -0.683945 0.892812 0.252054 1 8 1.000000
..\..\..\Desktop\General\noesis\dk_body
  8 -0.000005 6.245460 -3.272000 0.032779 -0.000000 -0.999463 0.895680 0.021363 1 8 1.000000
  8 -3.915340 4.942935 -2.014980 -0.272642 0.676673 -0.683945 0.892812 0.252054 1 8 1.000000
  8 -4.442131 8.036697 -1.837510 -0.013269 0.334731 -0.942220 0.827278 0.280809 1 8 1.000000
..\..\..\Desktop\General\noesis\dk_body
  8 -4.152280 10.521805 -0.917660 0.918135 0.262981 -0.296428 0.733483 0.272254 1 8 1.000000
  8 -0.000016 9.415570 -2.124350 0.525034 0.000000 -0.851081 0.814289 0.021363 1 8 1.000000
  8 -4.442131 8.036697 -1.837510 -0.013269 0.334731 -0.942220 0.827278 0.280809 1 8 1.000000
..\..\..\Desktop\General\noesis\dk_body
  8 -4.442131 8.036697 -1.837510 -0.013269 0.334731 -0.942220 0.827278 0.280809 1 8 1.000000
  8 -0.000016 9.415570 -2.124350 0.525034 0.000000 -0.851081 0.814289 0.021363 1 8 1.000000
  8 -0.000005 6.245460 -3.272000 0.032779 -0.000000 -0.999463 0.895680 0.021363 1 8 1.000000
..\..\..\Desktop\General\noesis\dk_body
  8 -4.152280 10.521805 -0.917660 0.918135 0.262981 -0.296428 0.733483 0.272254 1 8 1.000000
  8 -5.420867 9.697001 -0.758880 0.759625 0.229168 -0.608647 0.745986 0.349246 1 8 1.000000
  8 -5.420867 9.768910 1.261674 0.876672 0.268395 0.399263 0.679795 0.366470 1 8 1.000000
..\..\..\Desktop\General\noesis\dk_body
  8 -4.152280 10.521805 -0.917660 0.918135 0.262981 -0.296428 0.733483 0.272254 1 8 1.000000
  8 -4.442131 8.036697 -1.837510 -0.013269 0.334731 -0.942220 0.827278 0.280809 1 8 1.000000
  8 -5.420867 9.697001 -0.758880 0.759625 0.229168 -0.608647 0.745986 0.349246 1 8 1.000000
..\..\..\Desktop\General\noesis\dk_body
  8 -3.915340 4.942935 -2.014980 -0.272642 0.676673 -0.683945 0.892812 0.252054 1 8 1.000000
  8 -4.490904 6.231968 0.242759 -0.579625 0.812562 -0.061468 0.880998 0.358061 1 8 1.000000
  8 -4.442131 8.036697 -1.837510 -0.013269 0.334731 -0.942220 0.827278 0.280809 1 8 1.000000
..\..\..\Desktop\General\noesis\dk_body
  8 -3.915340 4.942935 -2.014980 -0.272642 0.676673 -0.683945 0.892812 0.252054 1 8 1.000000
  10 -3.648840 2.377750 0.042781 -0.981375 -0.191286 -0.017670 0.989584 0.283630 1 10 1.000000
  8 -4.490904 6.231968 0.242759 -0.579625 0.812562 -0.061468 0.880998 0.358061 1 8 1.000000
..\..\..\Desktop\General\noesis\dk_body
  8 4.490896 6.145522 0.229237 -0.571645 -0.818104 -0.062680 0.990096 0.526640 1 8 1.000000
  8 4.442109 8.036762 -1.837510 -0.010203 -0.335601 -0.941949 0.991657 0.627649 1 8 1.000000
  2 8.171999 6.200985 0.436428 -0.070381 -0.996117 0.052889 0.873591 0.527115 1 2 1.000000
..\..\..\Desktop\General\noesis\dk_body
  8 4.442109 8.036762 -1.837510 -0.010203 -0.335601 -0.941949 0.991657 0.627649 1 8 1.000000
  2 8.084409 7.963177 -1.482890 0.137261 -0.015740 -0.990410 0.876394 0.624214 1 2 1.000000
  2 8.171999 6.200985 0.436428 -0.070381 -0.996117 0.052889 0.873591 0.527115 1 2 1.000000
..\..\..\Desktop\General\noesis\dk_body
  8 5.420833 9.697080 -0.758880 0.760080 -0.228055 -0.608498 0.960341 0.713353 1 8 1.000000
  2 8.084409 7.963177 -1.482890 0.137261 -0.015740 -0.990410 0.876394 0.624214 1 2 1.000000
  8 4.442109 8.036762 -1.837510 -0.010203 -0.335601 -0.941949 0.991657 0.627649 1 8 1.000000
..\..\..\Desktop\General\noesis\dk_body
  2 8.188539 9.013657 -0.935430 0.031024 0.628596 -0.777113 0.873062 0.698732 1 2 1.000000
  2 8.084409 7.963177 -1.482890 0.137261 -0.015740 -0.990410 0.876394 0.624214 1 2 1.000000
  8 5.420833 9.697080 -0.758880 0.760080 -0.228055 -0.608498 0.960341 0.713353 1 8 1.000000
..\..\..\Desktop\General\noesis\dk_body
  2 8.194969 9.779676 0.304953 -0.018635 0.998421 -0.052995 0.872856 0.752256 1 2 1.000000
  2 8.188539 9.013657 -0.935430 0.031024 0.628596 -0.777113 0.873062 0.698732 1 2 1.000000
  8 5.420833 9.697080 -0.758880 0.760080 -0.228055 -0.608498 0.960341 0.713353 1 8 1.000000
..\..\..\Desktop\General\noesis\dk_body
  8 5.420833 9.697080 -0.758880 0.760080 -0.228055 -0.608498 0.960341 0.713353 1 8 1.000000
  8 5.420833 9.768990 1.261674 0.876662 -0.268621 0.399133 0.956986 0.787974 1 8 1.000000
  2 8.194969 9.779676 0.304953 -0.018635 0.998421 -0.052995 0.872856 0.752256 1 2 1.000000
..\..\..\Desktop\General\noesis\dk_body
  8 5.420833 9.768990 1.261674 0.876662 -0.268621 0.399133 0.956986 0.787974 1 8 1.000000
  2 8.202579 9.317646 1.507930 0.037502 0.647719 0.760956 0.878178 0.808847 1 2 1.000000
  2 8.194969 9.779676 0.304953 -0.018635 0.998421 -0.052995 0.872856 0.752256 1 2 1.000000
..\..\..\Desktop\General\noesis\dk_body
  8 4.783669 8.067294 2.288300 -0.065629 -0.348948 0.934841 0.980458 0.851892 1 8 1.000000
  2 8.202579 9.317646 1.507930 0.037502 0.647719 0.760956 0.878178 0.808847 1 2 1.000000
  8 5.420833 9.768990 1.261674 0.876662 -0.268621 0.399133 0.956986 0.787974 1 8 1.000000
..\..\..\Desktop\General\noesis\dk_body
  2 7.364069 8.099703 2.245350 0.132469 -0.135651 0.981861 0.898867 0.878497 1 2 1.000000
  2 8.202579 9.317646 1.507930 0.037502 0.647719 0.760956 0.878178 0.808847 1 2 1.000000
  8 4.783669 8.067294 2.288300 -0.065629 -0.348948 0.934841 0.980458 0.851892 1 8 1.000000
..\..\..\Desktop\General\noesis\dk_body
  2 7.364069 8.099703 2.245350 0.132469 -0.135651 0.981861 0.898867 0.878497 1 2 1.000000
  8 4.783669 8.067294 2.288300 -0.065629 -0.348948 0.934841 0.980458 0.851892 1 8 1.000000
  2 8.171999 6.200985 0.436428 -0.070381 -0.996117 0.052889 0.873591 0.975955 1 2 1.000000
..\..\..\Desktop\General\noesis\dk_body
  2 7.364069 8.099703 2.245350 0.132469 -0.135651 0.981861 0.898867 0.878497 1 2 1.000000
  1 8.281975 8.050980 2.009720 -0.034536 -0.102689 0.994114 0.870514 0.880839 1 1 1.000000
  2 8.202579 9.317646 1.507930 0.037502 0.647719 0.760956 0.878178 0.808847 1 2 1.000000
..\..\..\Desktop\General\noesis\dk_body
  2 8.171999 6.200985 0.436428 -0.070381 -0.996117 0.052889 0.873591 0.975955 1 2 1.000000
  1 8.281975 8.050980 2.009720 -0.034536 -0.102689 0.994114 0.870514 0.880839 1 1 1.000000
  2 7.364069 8.099703 2.245350 0.132469 -0.135651 0.981861 0.898867 0.878497 1 2 1.000000
..\..\..\Desktop\General\noesis\dk_body
  1 10.220779 6.768005 1.745050 -0.081209 -0.673275 0.734919 0.809411 0.932948 1 1 1.000000
  1 8.281975 8.050980 2.009720 -0.034536 -0.102689 0.994114 0.870514 0.880839 1 1 1.000000
  2 8.171999 6.200985 0.436428 -0.070381 -0.996117 0.052889 0.873591 0.975955 1 2 1.000000
..\..\..\Desktop\General\noesis\dk_body
  1 10.241009 8.065138 2.176890 -0.089181 0.003596 0.996009 0.807391 0.883541 1 1 1.000000
  1 8.281975 8.050980 2.009720 -0.034536 -0.102689 0.994114 0.870514 0.880839 1 1 1.000000
  1 10.220779 6.768005 1.745050 -0.081209 -0.673275 0.734919 0.809411 0.932948 1 1 1.000000
..\..\..\Desktop\General\noesis\dk_body
  1 10.220779 6.768005 1.745050 -0.081209 -0.673275 0.734919 0.809411 0.932948 1 1 1.000000
  1 12.454019 7.204442 2.245900 0.287499 -0.441110 0.850157 0.734802 0.910100 1 1 1.000000
  1 10.241009 8.065138 2.176890 -0.089181 0.003596 0.996009 0.807391 0.883541 1 1 1.000000
..\..\..\Desktop\General\noesis\dk_body
  1 12.711289 6.275725 0.411789 0.352303 -0.934810 0.044859 0.730905 0.975960 1 1 1.000000
  1 12.454019 7.204442 2.245900 0.287499 -0.441110 0.850157 0.734802 0.910100 1 1 1.000000
  1 10.220779 6.768005 1.745050 -0.081209 -0.673275 0.734919 0.809411 0.932948 1 1 1.000000
..\..\..\Desktop\General\noesis\dk_body
  1 12.454019 7.204442 2.245900 0.287499 -0.441110 0.850157 0.734802 0.910100 1 1 1.000000
  1 12.711289 6.275725 0.411789 0.352303 -0.934810 0.044859 0.730905 0.975960 1 1 1.000000
  1 14.287409 7.903910 0.612308 0.997835 -0.048729 0.044177 0.664591 0.766052 1 1 1.000000
..\..\..\Desktop\General\noesis\dk_body
  1 12.609179 8.859047 2.179690 0.326911 0.436738 0.838086 0.734172 0.856228 1 1 1.000000
  1 12.454019 7.204442 2.245900 0.287499 -0.441110 0.850157 0.734802 0.910100 1 1 1.000000
  1 14.287409 7.903910 0.612308 0.997835 -0.048729 0.044177 0.664591 0.766052 1 1 1.000000
..\..\..\Desktop\General\noesis\dk_body
  1 10.241009 8.065138 2.176890 -0.089181 0.003596 0.996009 0.807391 0.883541 1 1 1.000000
  1 12.454019 7.204442 2.245900 0.287499 -0.441110 0.850157 0.734802 0.910100 1 1 1.000000
  1 12.609179 8.859047 2.179690 0.326911 0.436738 0.838086 0.734172 0.856228 1 1 1.000000
..\..\..\Desktop\General\noesis\dk_body
  1 10.241009 8.065138 2.176890 -0.089181 0.003596 0.996009 0.807391 0.883541 1 1 1.000000
  1 10.224419 9.321877 1.778260 -0.038503 0.719525 0.693399 0.807124 0.826684 1 1 1.000000
  1 8.281975 8.050980 2.009720 -0.034536 -0.102689 0.994114 0.870514 0.880839 1 1 1.000000
..\..\..\Desktop\General\noesis\dk_body
  1 10.241009 8.065138 2.176890 -0.089181 0.003596 0.996009 0.807391 0.883541 1 1 1.000000
  1 12.609179 8.859047 2.179690 0.326911 0.436738 0.838086 0.734172 0.856228 1 1 1.000000
  1 10.224419 9.321877 1.778260 -0.038503 0.719525 0.693399 0.807124 0.826684 1 1 1.000000
..\..\..\Desktop\General\noesis\dk_body
  2 8.202579 9.317646 1.507930 0.037502 0.647719 0.760956 0.878178 0.808847 1 2 1.000000
  1 10.224419 9.321877 1.778260 -0.038503 0.719525 0.693399 0.807124 0.826684 1 1 1.000000
  2 8.194969 9.779676 0.304953 -0.018635 0.998421 -0.052995 0.872856 0.752256 1 2 1.000000
..\..\..\Desktop\General\noesis\dk_body
  1 8.281975 8.050980 2.009720 -0.034536 -0.102689 0.994114 0.870514 0.880839 1 1 1.000000
  1 10.224419 9.321877 1.778260 -0.038503 0.719525 0.693399 0.807124 0.826684 1 1 1.000000
  2 8.202579 9.317646 1.507930 0.037502 0.647719 0.760956 0.878178 0.808847 1 2 1.000000
..\..\..\Desktop\General\noesis\dk_body
  1 10.224419 9.321877 1.778260 -0.038503 0.719525 0.693399 0.807124 0.826684 1 1 1.000000
  1 10.259759 9.978037 0.354354 0.017568 0.999739 0.014591 0.806791 0.755848 1 1 1.000000
  2 8.194969 9.779676 0.304953 -0.018635 0.998421 -0.052995 0.872856 0.752256 1 2 1.000000
..\..\..\Desktop\General\noesis\dk_body
  1 12.881319 9.630896 0.444973 0.388534 0.921343 -0.012988 0.725464 0.761055 1 1 1.000000
  1 10.224419 9.321877 1.778260 -0.038503 0.719525 0.693399 0.807124 0.826684 1 1 1.000000
  1 12.609179 8.859047 2.179690 0.326911 0.436738 0.838086 0.734172 0.856228 1 1 1.000000
..\..\..\Desktop\General\noesis\dk_body
  1 12.881319 9.630896 0.444973 0.388534 0.921343 -0.012988 0.725464 0.761055 1 1 1.000000
  1 12.609179 8.859047 2.179690 0.326911 0.436738 0.838086 0.734172 0.856228 1 1 1.000000
  1 14.287409 7.903910 0.612308 0.997835 -0.048729 0.044177 0.664591 0.766052 1 1 1.000000
..\..\..\Desktop\General\noesis\dk_body
  1 10.259759 9.978037 0.354354 0.017568 0.999739 0.014591 0.806791 0.755848 1 1 1.000000
  1 10.224419 9.321877 1.778260 -0.038503 0.719525 0.693399 0.807124 0.826684 1 1 1.000000
  1 12.881319 9.630896 0.444973 0.388534 0.921343 -0.012988 0.725464 0.761055 1 1 1.000000
..\..\..\Desktop\General\noesis\dk_body
  1 12.881319 9.630896 0.444973 0.388534 0.921343 -0.012988 0.725464 0.761055 1 1 1.000000
  1 10.316329 9.384386 -1.033500 -0.015013 0.708870 -0.705179 0.803084 0.689981 1 1 1.000000
  1 10.259759 9.978037 0.354354 0.017568 0.999739 0.014591 0.806791 0.755848 1 1 1.000000
..\..\..\Desktop\General\noesis\dk_body
  1 10.316329 9.384386 -1.033500 -0.015013 0.708870 -0.705179 0.803084 0.689981 1 1 1.000000
  2 8.194969 9.779676 0.304953 -0.018635 0.998421 -0.052995 0.872856 0.752256 1 2 1.000000
  1 10.259759 9.978037 0.354354 0.017568 0.999739 0.014591 0.806791 0.755848 1 1 1.000000
..\..\..\Desktop\General\noesis\dk_body
  1 10.316329 9.384386 -1.033500 -0.015013 0.708870 -0.705179 0.803084 0.689981 1 1 1.000000
  2 8.188539 9.013657 -0.935430 0.031024 0.628596 -0.777113 0.873062 0.698732 1 2 1.000000
  2 8.194969 9.779676 0.304953 -0.018635 0.998421 -0.052995 0.872856 0.752256 1 2 1.000000
..\..\..\Desktop\General\noesis\dk_body
  1 12.881319 9.630896 0.444973 0.388534 0.921343 -0.012988 0.725464 0.761055 1 1 1.000000
  1 12.732159 8.531246 -1.419940 0.418817 0.394641 -0.817833 0.718786 0.644407 1 1 1.000000
  1 10.316329 9.384386 -1.033500 -0.015013 0.708870 -0.705179 0.803084 0.689981 1 1 1.000000
..\..\..\Desktop\General\noesis\dk_body
  1 12.881319 9.630896 0.444973 0.388534 0.921343 -0.012988 0.725464 0.761055 1 1 1.000000
  1 14.287409 7.903910 0.612308 0.997835 -0.048729 0.044177 0.664591 0.766052 1 1 1.000000
  1 12.732159 8.531246 -1.419940 0.418817 0.394641 -0.817833 0.718786 0.644407 1 1 1.000000
..\..\..\Desktop\General\noesis\dk_body
  8 4.783669 8.067294 2.288300 -0.065629 -0.348948 0.934841 0.980458 0.851892 1 8 1.000000
  8 4.490896 6.145522 0.229237 -0.571645 -0.818104 -0.062680 0.990096 0.975480 1 8 1.000000
  2 8.171999 6.200985 0.436428 -0.070381 -0.996117 0.052889 0.873591 0.975955 1 2 1.000000
..\..\..\Desktop\General\noesis\dk_body
  1 10.114719 5.923717 0.413808 -0.002457 -0.995766 0.091887 0.811432 0.976453 1 1 1.000000
  1 10.220779 6.768005 1.745050 -0.081209 -0.673275 0.734919 0.809411 0.932948 1 1 1.000000
  2 8.171999 6.200985 0.436428 -0.070381 -0.996117 0.052889 0.873591 0.975955 1 2 1.000000
..\..\..\Desktop\General\noesis\dk_body
  1 12.711289 6.275725 0.411789 0.352303 -0.934810 0.044859 0.730905 0.975960 1 1 1.000000
  1 10.220779 6.768005 1.745050 -0.081209 -0.673275 0.734919 0.809411 0.932948 1 1 1.000000
  1 10.114719 5.923717 0.413808 -0.002457 -0.995766 0.091887 0.811432 0.976453 1 1 1.000000
..\..\..\Desktop\General\noesis\dk_body
  1 10.225949 7.892902 -1.572610 -0.028089 -0.022619 -0.999350 0.807873 0.620508 1 1 1.000000
  1 10.316329 9.384386 -1.033500 -0.015013 0.708870 -0.705179 0.803084 0.689981 1 1 1.000000
  1 12.732159 8.531246 -1.419940 0.418817 0.394641 -0.817833 0.718786 0.644407 1 1 1.000000
..\..\..\Desktop\General\noesis\dk_body
  1 10.225949 7.892902 -1.572610 -0.028089 -0.022619 -0.999350 0.807873 0.620508 1 1 1.000000
  1 10.179039 6.482975 -0.978690 -0.055404 -0.746227 -0.663382 0.809391 0.567965 1 1 1.000000
  1 8.274057 7.961629 -1.439810 -0.051302 -0.115919 -0.991933 0.870326 0.624206 1 1 1.000000
..\..\..\Desktop\General\noesis\dk_body
  1 10.225949 7.892902 -1.572610 -0.028089 -0.022619 -0.999350 0.807873 0.620508 1 1 1.000000
  1 8.274057 7.961629 -1.439810 -0.051302 -0.115919 -0.991933 0.870326 0.624206 1 1 1.000000
  1 10.316329 9.384386 -1.033500 -0.015013 0.708870 -0.705179 0.803084 0.689981 1 1 1.000000
..\..\..\Desktop\General\noesis\dk_body
  1 8.274057 7.961629 -1.439810 -0.051302 -0.115919 -0.991933 0.870326 0.624206 1 1 1.000000
  2 8.188539 9.013657 -0.935430 0.031024 0.628596 -0.777113 0.873062 0.698732 1 2 1.000000
  1 10.316329 9.384386 -1.033500 -0.015013 0.708870 -0.705179 0.803084 0.689981 1 1 1.000000
..\..\..\Desktop\General\noesis\dk_body
  2 8.084409 7.963177 -1.482890 0.137261 -0.015740 -0.990410 0.876394 0.624214 1 2 1.000000
  2 8.188539 9.013657 -0.935430 0.031024 0.628596 -0.777113 0.873062 0.698732 1 2 1.000000
  1 8.274057 7.961629 -1.439810 -0.051302 -0.115919 -0.991933 0.870326 0.624206 1 1 1.000000
..\..\..\Desktop\General\noesis\dk_body
  1 8.274057 7.961629 -1.439810 -0.051302 -0.115919 -0.991933 0.870326 0.624206 1 1 1.000000
  2 8.171999 6.200985 0.436428 -0.070381 -0.996117 0.052889 0.873591 0.527115 1 2 1.000000
  2 8.084409 7.963177 -1.482890 0.137261 -0.015740 -0.990410 0.876394 0.624214 1 2 1.000000
..\..\..\Desktop\General\noesis\dk_body
  2 8.171999 6.200985 0.436428 -0.070381 -0.996117 0.052889 0.873591 0.527115 1 2 1.000000
  1 8.274057 7.961629 -1.439810 -0.051302 -0.115919 -0.991933 0.870326 0.624206 1 1 1.000000
  1 10.179039 6.482975 -0.978690 -0.055404 -0.746227 -0.663382 0.809391 0.567965 1 1 1.000000
..\..\..\Desktop\General\noesis\dk_body
  1 10.225949 7.892902 -1.572610 -0.028089 -0.022619 -0.999350 0.807873 0.620508 1 1 1.000000
  1 12.732159 8.531246 -1.419940 0.418817 0.394641 -0.817833 0.718786 0.644407 1 1 1.000000
  1 12.664059 7.226415 -1.399940 0.399278 -0.462499 -0.791626 0.721026 0.595114 1 1 1.000000
..\..\..\Desktop\General\noesis\dk_body
  1 14.287409 7.903910 0.612308 0.997835 -0.048729 0.044177 0.664591 0.766052 1 1 1.000000
  1 12.664059 7.226415 -1.399940 0.399278 -0.462499 -0.791626 0.721026 0.595114 1 1 1.000000
  1 12.732159 8.531246 -1.419940 0.418817 0.394641 -0.817833 0.718786 0.644407 1 1 1.000000
..\..\..\Desktop\General\noesis\dk_body
  1 10.225949 7.892902 -1.572610 -0.028089 -0.022619 -0.999350 0.807873 0.620508 1 1 1.000000
  1 12.664059 7.226415 -1.399940 0.399278 -0.462499 -0.791626 0.721026 0.595114 1 1 1.000000
  1 10.179039 6.482975 -0.978690 -0.055404 -0.746227 -0.663382 0.809391 0.567965 1 1 1.000000
..\..\..\Desktop\General\noesis\dk_body
  1 10.179039 6.482975 -0.978690 -0.055404 -0.746227 -0.663382 0.809391 0.567965 1 1 1.000000
  1 10.114719 5.923717 0.413808 -0.002457 -0.995766 0.091887 0.811432 0.527613 1 1 1.000000
  2 8.171999 6.200985 0.436428 -0.070381 -0.996117 0.052889 0.873591 0.527115 1 2 1.000000
..\..\..\Desktop\General\noesis\dk_body
  1 10.179039 6.482975 -0.978690 -0.055404 -0.746227 -0.663382 0.809391 0.567965 1 1 1.000000
  1 12.664059 7.226415 -1.399940 0.399278 -0.462499 -0.791626 0.721026 0.595114 1 1 1.000000
  1 12.711289 6.275725 0.411789 0.352303 -0.934810 0.044859 0.730905 0.527120 1 1 1.000000
..\..\..\Desktop\General\noesis\dk_body
  1 10.114719 5.923717 0.413808 -0.002457 -0.995766 0.091887 0.811432 0.527613 1 1 1.000000
  1 10.179039 6.482975 -0.978690 -0.055404 -0.746227 -0.663382 0.809391 0.567965 1 1 1.000000
  1 12.711289 6.275725 0.411789 0.352303 -0.934810 0.044859 0.730905 0.527120 1 1 1.000000
..\..\..\Desktop\General\noesis\dk_body
  1 14.287409 7.903910 0.612308 0.997835 -0.048729 0.044177 0.664591 0.766052 1 1 1.000000
  1 12.711289 6.275725 0.411789 0.352303 -0.934810 0.044859 0.730905 0.527120 1 1 1.000000
  1 12.664059 7.226415 -1.399940 0.399278 -0.462499 -0.791626 0.721026 0.595114 1 1 1.000000
..\..\..\Desktop\General\noesis\dk_body
  8 -4.490904 6.231968 0.242759 -0.579625 0.812562 -0.061468 0.990096 0.526640 1 8 1.000000
  5 -8.171998 6.200998 0.441587 -0.073002 -0.995900 -0.053419 0.873591 0.527115 1 5 1.000000
  8 -4.442131 8.036697 -1.837510 -0.013269 0.334731 -0.942220 0.991657 0.627649 1 8 1.000000
..\..\..\Desktop\General\noesis\dk_body
  8 -4.442131 8.036697 -1.837510 -0.013269 0.334731 -0.942220 0.991657 0.627649 1 8 1.000000
  5 -8.171998 6.200998 0.441587 -0.073002 -0.995900 -0.053419 0.873591 0.527115 1 5 1.000000
  5 -8.084420 7.963230 -1.474400 0.143076 -0.015897 0.989584 0.876394 0.624214 1 5 1.000000
..\..\..\Desktop\General\noesis\dk_body
  8 -4.442131 8.036697 -1.837510 -0.013269 0.334731 -0.942220 0.991657 0.627649 1 8 1.000000
  5 -8.084420 7.963230 -1.474400 0.143076 -0.015897 0.989584 0.876394 0.624214 1 5 1.000000
  8 -5.420867 9.697001 -0.758880 0.759625 0.229168 -0.608647 0.960341 0.713353 1 8 1.000000
..\..\..\Desktop\General\noesis\dk_body
  5 -8.084420 7.963230 -1.474400 0.143076 -0.015897 0.989584 0.876394 0.624214 1 5 1.000000
  5 -8.188559 9.013704 -0.927023 0.037180 0.627871 0.777429 0.873062 0.698732 1 5 1.000000
  8 -5.420867 9.697001 -0.758880 0.759625 0.229168 -0.608647 0.960341 0.713353 1 8 1.000000
..\..\..\Desktop\General\noesis\dk_body
  5 -8.084420 7.963230 -1.474400 0.143076 -0.015897 0.989584 0.876394 0.624214 1 5 1.000000
  4 -8.274072 7.961709 -1.429150 -0.039478 -0.116176 0.992444 0.870326 0.624206 1 4 1.000000
  5 -8.188559 9.013704 -0.927023 0.037180 0.627871 0.777429 0.873062 0.698732 1 5 1.000000
..\..\..\Desktop\General\noesis\dk_body
  4 -8.274072 7.961709 -1.429150 -0.039478 -0.116176 0.992444 0.870326 0.624206 1 4 1.000000
  5 -8.084420 7.963230 -1.474400 0.143076 -0.015897 0.989584 0.876394 0.624214 1 5 1.000000
  5 -8.171998 6.200998 0.441587 -0.073002 -0.995900 -0.053419 0.873591 0.527115 1 5 1.000000
..\..\..\Desktop\General\noesis\dk_body
  5 -8.171998 6.200998 0.441587 -0.073002 -0.995900 -0.053419 0.873591 0.527115 1 5 1.000000
  4 -10.179040 6.483290 -0.947966 -0.050581 -0.744171 0.666072 0.809391 0.567965 1 4 1.000000
  4 -8.274072 7.961709 -1.429150 -0.039478 -0.116176 0.992444 0.870326 0.624206 1 4 1.000000
..\..\..\Desktop\General\noesis\dk_body
  4 -10.179040 6.483290 -0.947966 -0.050581 -0.744171 0.666072 0.809391 0.567965 1 4 1.000000
  5 -8.171998 6.200998 0.441587 -0.073002 -0.995900 -0.053419 0.873591 0.527115 1 5 1.000000
  4 -10.114720 5.923873 0.431363 -0.002771 -0.995734 -0.092227 0.811432 0.527613 1 4 1.000000
..\..\..\Desktop\General\noesis\dk_body
  4 -10.114720 5.923873 0.431363 -0.002771 -0.995734 -0.092227 0.811432 0.527613 1 4 1.000000
  4 -12.711290 6.275925 0.433880 0.352567 -0.934700 -0.045084 0.730905 0.527120 1 4 1.000000
  4 -10.179040 6.483290 -0.947966 -0.050581 -0.744171 0.666072 0.809391 0.567965 1 4 1.000000
..\..\..\Desktop\General\noesis\dk_body
  4 -10.179040 6.483290 -0.947966 -0.050581 -0.744171 0.666072 0.809391 0.567965 1 4 1.000000
  4 -12.711290 6.275925 0.433880 0.352567 -0.934700 -0.045084 0.730905 0.527120 1 4 1.000000
  4 -12.664060 7.226881 -1.356328 0.399061 -0.459929 0.793231 0.721026 0.595114 1 4 1.000000
..\..\..\Desktop\General\noesis\dk_body
  4 -10.225960 7.893300 -1.535930 -0.020804 -0.022492 0.999531 0.807873 0.620508 1 4 1.000000
  4 -8.274072 7.961709 -1.429150 -0.039478 -0.116176 0.992444 0.870326 0.624206 1 4 1.000000
  4 -10.179040 6.483290 -0.947966 -0.050581 -0.744171 0.666072 0.809391 0.567965 1 4 1.000000
..\..\..\Desktop\General\noesis\dk_body
  4 -10.225960 7.893300 -1.535930 -0.020804 -0.022492 0.999531 0.807873 0.620508 1 4 1.000000
  4 -10.179040 6.483290 -0.947966 -0.050581 -0.744171 0.666072 0.809391 0.567965 1 4 1.000000
  4 -12.664060 7.226881 -1.356328 0.399061 -0.459929 0.793231 0.721026 0.595114 1 4 1.000000
..\..\..\Desktop\General\noesis\dk_body
  4 -10.225960 7.893300 -1.535930 -0.020804 -0.022492 0.999531 0.807873 0.620508 1 4 1.000000
  4 -10.316350 9.384728 -1.000993 -0.009641 0.706833 0.707315 0.803084 0.689981 1 4 1.000000
  4 -8.274072 7.961709 -1.429150 -0.039478 -0.116176 0.992444 0.870326 0.624206 1 4 1.000000
..\..\..\Desktop\General\noesis\dk_body
  4 -8.274072 7.961709 -1.429150 -0.039478 -0.116176 0.992444 0.870326 0.624206 1 4 1.000000
  4 -10.316350 9.384728 -1.000993 -0.009641 0.706833 0.707315 0.803084 0.689981 1 4 1.000000
  5 -8.188559 9.013704 -0.927023 0.037180 0.627871 0.777429 0.873062 0.698732 1 5 1.000000
..\..\..\Desktop\General\noesis\dk_body
  4 -10.225960 7.893300 -1.535930 -0.020804 -0.022492 0.999531 0.807873 0.620508 1 4 1.000000
  4 -12.664060 7.226881 -1.356328 0.399061 -0.459929 0.793231 0.721026 0.595114 1 4 1.000000
  4 -12.732180 8.531714 -1.376281 0.418304 0.392257 0.819241 0.718786 0.644407 1 4 1.000000
..\..\..\Desktop\General\noesis\dk_body
  4 -10.225960 7.893300 -1.535930 -0.020804 -0.022492 0.999531 0.807873 0.620508 1 4 1.000000
  4 -12.732180 8.531714 -1.376281 0.418304 0.392257 0.819241 0.718786 0.644407 1 4 1.000000
  4 -10.316350 9.384728 -1.000993 -0.009641 0.706833 0.707315 0.803084 0.689981 1 4 1.000000
..\..\..\Desktop\General\noesis\dk_body
  4 -14.287420 7.904065 0.631853 0.997831 -0.048707 -0.044288 0.664591 0.766052 1 4 1.000000
  4 -12.664060 7.226881 -1.356328 0.399061 -0.459929 0.793231 0.721026 0.595114 1 4 1.000000
  4 -12.711290 6.275925 0.433880 0.352567 -0.934700 -0.045084 0.730905 0.527120 1 4 1.000000
..\..\..\Desktop\General\noesis\dk_body
  4 -14.287420 7.904065 0.631853 0.997831 -0.048707 -0.044288 0.664591 0.766052 1 4 1.000000
  4 -12.732180 8.531714 -1.376281 0.418304 0.392257 0.819241 0.718786 0.644407 1 4 1.000000
  4 -12.664060 7.226881 -1.356328 0.399061 -0.459929 0.793231 0.721026 0.595114 1 4 1.000000
..\..\..\Desktop\General\noesis\dk_body
  4 -12.881340 9.631074 0.466159 0.388773 0.921242 0.012988 0.725464 0.761055 1 4 1.000000
  4 -10.316350 9.384728 -1.000993 -0.009641 0.706833 0.707315 0.803084 0.689981 1 4 1.000000
  4 -12.732180 8.531714 -1.376281 0.418304 0.392257 0.819241 0.718786 0.644407 1 4 1.000000
..\..\..\Desktop\General\noesis\dk_body
  4 -12.881340 9.631074 0.466159 0.388773 0.921242 0.012988 0.725464 0.761055 1 4 1.000000
  4 -12.732180 8.531714 -1.376281 0.418304 0.392257 0.819241 0.718786 0.644407 1 4 1.000000
  4 -14.287420 7.904065 0.631853 0.997831 -0.048707 -0.044288 0.664591 0.766052 1 4 1.000000
..\..\..\Desktop\General\noesis\dk_body
  4 -12.881340 9.631074 0.466159 0.388773 0.921242 0.012988 0.725464 0.761055 1 4 1.000000
  4 -14.287420 7.904065 0.631853 0.997831 -0.048707 -0.044288 0.664591 0.766052 1 4 1.000000
  4 -12.609200 8.858976 2.180228 0.325291 0.434666 -0.839792 0.734172 0.856228 1 4 1.000000
..\..\..\Desktop\General\noesis\dk_body
  4 -12.881340 9.631074 0.466159 0.388773 0.921242 0.012988 0.725464 0.761055 1 4 1.000000
  4 -12.609200 8.858976 2.180228 0.325291 0.434666 -0.839792 0.734172 0.856228 1 4 1.000000
  4 -10.224440 9.321877 1.783267 -0.039128 0.717608 -0.695347 0.807124 0.826684 1 4 1.000000
..\..\..\Desktop\General\noesis\dk_body
  4 -10.259780 9.978203 0.372880 0.017477 0.999740 -0.014655 0.806791 0.755848 1 4 1.000000
  4 -12.881340 9.631074 0.466159 0.388773 0.921242 0.012988 0.725464 0.761055 1 4 1.000000
  4 -10.224440 9.321877 1.783267 -0.039128 0.717608 -0.695347 0.807124 0.826684 1 4 1.000000
..\..\..\Desktop\General\noesis\dk_body
  4 -12.881340 9.631074 0.466159 0.388773 0.921242 0.012988 0.725464 0.761055 1 4 1.000000
  4 -10.259780 9.978203 0.372880 0.017477 0.999740 -0.014655 0.806791 0.755848 1 4 1.000000
  4 -10.316350 9.384728 -1.000993 -0.009641 0.706833 0.707315 0.803084 0.689981 1 4 1.000000
..\..\..\Desktop\General\noesis\dk_body
  5 -8.194994 9.779697 0.310454 -0.017699 0.998431 0.053134 0.872856 0.752256 1 5 1.000000
  8 -5.420867 9.697001 -0.758880 0.759625 0.229168 -0.608647 0.960341 0.713353 1 8 1.000000
  5 -8.188559 9.013704 -0.927023 0.037180 0.627871 0.777429 0.873062 0.698732 1 5 1.000000
..\..\..\Desktop\General\noesis\dk_body
  4 -10.224440 9.321877 1.783267 -0.039128 0.717608 -0.695347 0.807124 0.826684 1 4 1.000000
  5 -8.194994 9.779697 0.310454 -0.017699 0.998431 0.053134 0.872856 0.752256 1 5 1.000000
  4 -10.259780 9.978203 0.372880 0.017477 0.999740 -0.014655 0.806791 0.755848 1 4 1.000000
..\..\..\Desktop\General\noesis\dk_body
  4 -10.316350 9.384728 -1.000993 -0.009641 0.706833 0.707315 0.803084 0.689981 1 4 1.000000
  4 -10.259780 9.978203 0.372880 0.017477 0.999740 -0.014655 0.806791 0.755848 1 4 1.000000
  5 -8.194994 9.779697 0.310454 -0.017699 0.998431 0.053134 0.872856 0.752256 1 5 1.000000
..\..\..\Desktop\General\noesis\dk_body
  4 -10.316350 9.384728 -1.000993 -0.009641 0.706833 0.707315 0.803084 0.689981 1 4 1.000000
  5 -8.194994 9.779697 0.310454 -0.017699 0.998431 0.053134 0.872856 0.752256 1 5 1.000000
  5 -8.188559 9.013704 -0.927023 0.037180 0.627871 0.777429 0.873062 0.698732 1 5 1.000000
..\..\..\Desktop\General\noesis\dk_body
  5 -8.202610 9.317631 1.510597 0.036731 0.647145 -0.761482 0.878178 0.808847 1 5 1.000000
  5 -8.194994 9.779697 0.310454 -0.017699 0.998431 0.053134 0.872856 0.752256 1 5 1.000000
  4 -10.224440 9.321877 1.783267 -0.039128 0.717608 -0.695347 0.807124 0.826684 1 4 1.000000
..\..\..\Desktop\General\noesis\dk_body
  5 -8.194994 9.779697 0.310454 -0.017699 0.998431 0.053134 0.872856 0.752256 1 5 1.000000
  5 -8.202610 9.317631 1.510597 0.036731 0.647145 -0.761482 0.878178 0.808847 1 5 1.000000
  8 -5.420867 9.768910 1.261674 0.876672 0.268395 0.399263 0.956986 0.787974 1 8 1.000000
..\..\..\Desktop\General\noesis\dk_body
  8 -5.420867 9.697001 -0.758880 0.759625 0.229168 -0.608647 0.960341 0.713353 1 8 1.000000
  5 -8.194994 9.779697 0.310454 -0.017699 0.998431 0.053134 0.872856 0.752256 1 5 1.000000
  8 -5.420867 9.768910 1.261674 0.876672 0.268395 0.399263 0.956986 0.787974 1 8 1.000000
..\..\..\Desktop\General\noesis\dk_body
  8 -5.420867 9.768910 1.261674 0.876672 0.268395 0.399263 0.956986 0.787974 1 8 1.000000
  5 -8.202610 9.317631 1.510597 0.036731 0.647145 -0.761482 0.878178 0.808847 1 5 1.000000
  8 -4.783691 8.067225 2.288300 -0.066887 0.348396 0.934958 0.980460 0.852215 1 8 1.000000
..\..\..\Desktop\General\noesis\dk_body
  8 -4.490904 6.231968 0.242759 -0.579625 0.812562 -0.061468 0.990096 0.975480 1 8 1.000000
  8 -4.783691 8.067225 2.288300 -0.066887 0.348396 0.934958 0.980460 0.852215 1 8 1.000000
  5 -8.171998 6.200998 0.441587 -0.073002 -0.995900 -0.053419 0.873591 0.975955 1 5 1.000000
..\..\..\Desktop\General\noesis\dk_body
  5 -7.364081 8.099663 2.245350 0.131597 -0.135595 -0.981986 0.898868 0.878521 1 5 1.000000
  8 -4.783691 8.067225 2.288300 -0.066887 0.348396 0.934958 0.980460 0.852215 1 8 1.000000
  5 -8.202610 9.317631 1.510597 0.036731 0.647145 -0.761482 0.878178 0.808847 1 5 1.000000
..\..\..\Desktop\General\noesis\dk_body
  5 -8.171998 6.200998 0.441587 -0.073002 -0.995900 -0.053419 0.873591 0.975955 1 5 1.000000
  8 -4.783691 8.067225 2.288300 -0.066887 0.348396 0.934958 0.980460 0.852215 1 8 1.000000
  5 -7.364081 8.099663 2.245350 0.131597 -0.135595 -0.981986 0.898868 0.878521 1 5 1.000000
..\..\..\Desktop\General\noesis\dk_body
  5 -7.364081 8.099663 2.245350 0.131597 -0.135595 -0.981986 0.898868 0.878521 1 5 1.000000
  5 -8.202610 9.317631 1.510597 0.036731 0.647145 -0.761482 0.878178 0.808847 1 5 1.000000
  4 -8.281989 8.050954 2.011350 -0.035332 -0.102485 -0.994107 0.870514 0.880839 1 4 1.000000
..\..\..\Desktop\General\noesis\dk_body
  5 -8.171998 6.200998 0.441587 -0.073002 -0.995900 -0.053419 0.873591 0.975955 1 5 1.000000
  5 -7.364081 8.099663 2.245350 0.131597 -0.135595 -0.981986 0.898868 0.878521 1 5 1.000000
  4 -8.281989 8.050954 2.011350 -0.035332 -0.102485 -0.994107 0.870514 0.880839 1 4 1.000000
..\..\..\Desktop\General\noesis\dk_body
  4 -8.281989 8.050954 2.011350 -0.035332 -0.102485 -0.994107 0.870514 0.880839 1 4 1.000000
  5 -8.202610 9.317631 1.510597 0.036731 0.647145 -0.761482 0.878178 0.808847 1 5 1.000000
  4 -10.224440 9.321877 1.783267 -0.039128 0.717608 -0.695347 0.807124 0.826684 1 4 1.000000
..\..\..\Desktop\General\noesis\dk_body
  4 -10.220790 6.768015 1.750683 -0.081823 -0.670757 -0.737150 0.809411 0.932948 1 4 1.000000
  5 -8.171998 6.200998 0.441587 -0.073002 -0.995900 -0.053419 0.873591 0.975955 1 5 1.000000
  4 -8.281989 8.050954 2.011350 -0.035332 -0.102485 -0.994107 0.870514 0.880839 1 4 1.000000
..\..\..\Desktop\General\noesis\dk_body
  4 -10.241020 8.065095 2.178290 -0.088428 0.003617 -0.996076 0.807391 0.883541 1 4 1.000000
  4 -10.224440 9.321877 1.783267 -0.039128 0.717608 -0.695347 0.807124 0.826684 1 4 1.000000
  4 -12.609200 8.858976 2.180228 0.325291 0.434666 -0.839792 0.734172 0.856228 1 4 1.000000
..\..\..\Desktop\General\noesis\dk_body
  4 -10.241020 8.065095 2.178290 -0.088428 0.003617 -0.996076 0.807391 0.883541 1 4 1.000000
  4 -8.281989 8.050954 2.011350 -0.035332 -0.102485 -0.994107 0.870514 0.880839 1 4 1.000000
  4 -10.224440 9.321877 1.783267 -0.039128 0.717608 -0.695347 0.807124 0.826684 1 4 1.000000
..\..\..\Desktop\General\noesis\dk_body
  4 -10.241020 8.065095 2.178290 -0.088428 0.003617 -0.996076 0.807391 0.883541 1 4 1.000000
  4 -10.220790 6.768015 1.750683 -0.081823 -0.670757 -0.737150 0.809411 0.932948 1 4 1.000000
  4 -8.281989 8.050954 2.011350 -0.035332 -0.102485 -0.994107 0.870514 0.880839 1 4 1.000000
..\..\..\Desktop\General\noesis\dk_body
  4 -10.220790 6.768015 1.750683 -0.081823 -0.670757 -0.737150 0.809411 0.932948 1 4 1.000000
  4 -10.241020 8.065095 2.178290 -0.088428 0.003617 -0.996076 0.807391 0.883541 1 4 1.000000
  4 -12.454030 7.204363 2.245902 0.286030 -0.438814 -0.851839 0.734802 0.910100 1 4 1.000000
..\..\..\Desktop\General\noesis\dk_body
  4 -10.241020 8.065095 2.178290 -0.088428 0.003617 -0.996076 0.807391 0.883541 1 4 1.000000
  4 -12.609200 8.858976 2.180228 0.325291 0.434666 -0.839792 0.734172 0.856228 1 4 1.000000
  4 -12.454030 7.204363 2.245902 0.286030 -0.438814 -0.851839 0.734802 0.910100 1 4 1.000000
..\..\..\Desktop\General\noesis\dk_body
  4 -12.609200 8.858976 2.180228 0.325291 0.434666 -0.839792 0.734172 0.856228 1 4 1.000000
  4 -14.287420 7.904065 0.631853 0.997831 -0.048707 -0.044288 0.664591 0.766052 1 4 1.000000
  4 -12.454030 7.204363 2.245902 0.286030 -0.438814 -0.851839 0.734802 0.910100 1 4 1.000000
..\..\..\Desktop\General\noesis\dk_body
  4 -12.711290 6.275925 0.433880 0.352567 -0.934700 -0.045084 0.730905 0.975960 1 4 1.000000
  4 -10.220790 6.768015 1.750683 -0.081823 -0.670757 -0.737150 0.809411 0.932948 1 4 1.000000
  4 -12.454030 7.204363 2.245902 0.286030 -0.438814 -0.851839 0.734802 0.910100 1 4 1.000000
..\..\..\Desktop\General\noesis\dk_body
  4 -12.454030 7.204363 2.245902 0.286030 -0.438814 -0.851839 0.734802 0.910100 1 4 1.000000
  4 -14.287420 7.904065 0.631853 0.997831 -0.048707 -0.044288 0.664591 0.766052 1 4 1.000000
  4 -12.711290 6.275925 0.433880 0.352567 -0.934700 -0.045084 0.730905 0.975960 1 4 1.000000
..\..\..\Desktop\General\noesis\dk_body
  4 -10.114720 5.923873 0.431363 -0.002771 -0.995734 -0.092227 0.811432 0.976453 1 4 1.000000
  5 -8.171998 6.200998 0.441587 -0.073002 -0.995900 -0.053419 0.873591 0.975955 1 5 1.000000
  4 -10.220790 6.768015 1.750683 -0.081823 -0.670757 -0.737150 0.809411 0.932948 1 4 1.000000
..\..\..\Desktop\General\noesis\dk_body
  4 -12.711290 6.275925 0.433880 0.352567 -0.934700 -0.045084 0.730905 0.975960 1 4 1.000000
  4 -10.114720 5.923873 0.431363 -0.002771 -0.995734 -0.092227 0.811432 0.976453 1 4 1.000000
  4 -10.220790 6.768015 1.750683 -0.081823 -0.670757 -0.737150 0.809411 0.932948 1 4 1.000000
..\..\..\Desktop\General\noesis\dk_body
  6 -0.000011 6.489285 3.324428 -0.475472 -0.879731 0.000000 0.188761 0.456987 1 6 1.000000
  7 -0.000010 7.804265 3.245121 -0.999984 0.000000 -0.005645 0.188761 0.583198 1 7 1.000000
  7 1.200310 7.893713 3.613668 -0.910244 -0.394132 -0.126951 0.199995 0.583198 1 7 1.000000
..\..\..\Desktop\General\noesis\dk_body
  6 2.321190 6.724583 4.014334 -0.377266 -0.554681 -0.741619 0.198642 0.400406 1 6 1.000000
  6 -0.000011 6.489285 3.324428 -0.475472 -0.879731 0.000000 0.188761 0.456987 1 6 1.000000
  7 1.200310 7.893713 3.613668 -0.910244 -0.394132 -0.126951 0.199995 0.583198 1 7 1.000000
..\..\..\Desktop\General\noesis\dk_body
  7 1.840639 8.063236 4.189445 -0.549070 -0.649706 -0.525742 0.207311 0.579922 1 7 1.000000
  6 2.321190 6.724583 4.014334 -0.377266 -0.554681 -0.741619 0.198642 0.400406 1 6 1.000000
  7 1.200310 7.893713 3.613668 -0.910244 -0.394132 -0.126951 0.199995 0.583198 1 7 1.000000
..\..\..\Desktop\General\noesis\dk_body
  7 2.601521 7.609382 4.737820 -0.169891 -0.856378 -0.487599 0.215801 0.520898 1 7 1.000000
  6 2.321190 6.724583 4.014334 -0.377266 -0.554681 -0.741619 0.198642 0.400406 1 6 1.000000
  7 1.840639 8.063236 4.189445 -0.549070 -0.649706 -0.525742 0.207311 0.579922 1 7 1.000000
..\..\..\Desktop\General\noesis\dk_body
  7 2.698803 6.950222 5.602414 0.124213 -0.992240 0.005631 0.213726 0.404996 1 7 1.000000
  6 2.321190 6.724583 4.014334 -0.377266 -0.554681 -0.741619 0.198642 0.400406 1 6 1.000000
  7 2.601521 7.609382 4.737820 -0.169891 -0.856378 -0.487599 0.215801 0.520898 1 7 1.000000
..\..\..\Desktop\General\noesis\dk_body
  7 2.698803 6.950222 5.602414 0.124213 -0.992240 0.005631 0.213726 0.404996 1 7 1.000000
  6 2.331585 5.758885 5.564580 0.403804 -0.370136 -0.836625 0.223241 0.282670 1 6 1.000000
  6 2.321190 6.724583 4.014334 -0.377266 -0.554681 -0.741619 0.198642 0.400406 1 6 1.000000
..\..\..\Desktop\General\noesis\dk_body
  6 2.331585 5.758885 5.564580 0.403804 -0.370136 -0.836625 0.223241 0.282670 1 6 1.000000
  7 2.698803 6.950222 5.602414 0.124213 -0.992240 0.005631 0.213726 0.404996 1 7 1.000000
  6 1.989459 6.720581 7.328485 0.570741 0.066971 -0.818395 0.286178 0.367290 1 6 1.000000
..\..\..\Desktop\General\noesis\dk_body
  6 2.331585 5.758885 5.564580 0.403804 -0.370136 -0.836625 0.223241 0.282670 1 6 1.000000
  6 1.989459 6.720581 7.328485 0.570741 0.066971 -0.818395 0.286178 0.367290 1 6 1.000000
  6 1.504410 5.532238 7.186745 0.810648 -0.123153 -0.572436 0.277952 0.238565 1 6 1.000000
..\..\..\Desktop\General\noesis\dk_body
  6 1.504410 5.532238 7.186745 0.810648 -0.123153 -0.572436 0.277952 0.238565 1 6 1.000000
  6 1.354747 4.892571 5.981133 0.632684 -0.630812 -0.449207 0.252373 0.161711 1 6 1.000000
  6 2.331585 5.758885 5.564580 0.403804 -0.370136 -0.836625 0.223241 0.282670 1 6 1.000000
..\..\..\Desktop\General\noesis\dk_body
  6 -0.000002 4.605551 6.267572 0.867421 -0.497576 0.000000 0.259886 0.121120 1 6 1.000000
  6 1.354747 4.892571 5.981133 0.632684 -0.630812 -0.449207 0.252373 0.161711 1 6 1.000000
  6 1.504410 5.532238 7.186745 0.810648 -0.123153 -0.572436 0.277952 0.238565 1 6 1.000000
..\..\..\Desktop\General\noesis\dk_body
  6 1.504410 5.532238 7.186745 0.810648 -0.123153 -0.572436 0.277952 0.238565 1 6 1.000000
  6 0.000002 5.286791 7.876079 0.998827 -0.048433 0.000000 0.349383 0.220218 1 6 1.000000
  6 -0.000002 4.605551 6.267572 0.867421 -0.497576 0.000000 0.259886 0.121120 1 6 1.000000
..\..\..\Desktop\General\noesis\dk_body
  6 1.989459 6.720581 7.328485 0.570741 0.066971 -0.818395 0.286178 0.367290 1 6 1.000000
  6 0.858590 6.794446 8.639898 0.865865 0.139597 -0.480407 0.342787 0.351561 1 6 1.000000
  6 1.504410 5.532238 7.186745 0.810648 -0.123153 -0.572436 0.277952 0.238565 1 6 1.000000
..\..\..\Desktop\General\noesis\dk_body
  6 0.000002 5.286791 7.876079 0.998827 -0.048433 0.000000 0.349383 0.220218 1 6 1.000000
  6 1.504410 5.532238 7.186745 0.810648 -0.123153 -0.572436 0.277952 0.238565 1 6 1.000000
  6 0.858590 6.794446 8.639898 0.865865 0.139597 -0.480407 0.342787 0.351561 1 6 1.000000
..\..\..\Desktop\General\noesis\dk_body
  6 0.000003 6.803133 8.979363 0.987795 0.155760 -0.000000 0.403425 0.352758 1 6 1.000000
  6 0.000002 5.286791 7.876079 0.998827 -0.048433 0.000000 0.349383 0.220218 1 6 1.000000
  6 0.858590 6.794446 8.639898 0.865865 0.139597 -0.480407 0.342787 0.351561 1 6 1.000000
..\..\..\Desktop\General\noesis\dk_body
  6 0.000003 6.803133 8.979363 0.987795 0.155760 -0.000000 0.403425 0.352758 1 6 1.000000
  6 -0.858586 6.794442 8.639908 0.865865 0.139597 0.480406 0.342787 0.351561 1 6 1.000000
  6 0.000002 5.286791 7.876079 0.998827 -0.048433 0.000000 0.349383 0.220218 1 6 1.000000
..\..\..\Desktop\General\noesis\dk_body
  6 0.000002 5.286791 7.876079 0.998827 -0.048433 0.000000 0.349383 0.220218 1 6 1.000000
  6 -0.858586 6.794442 8.639908 0.865865 0.139597 0.480406 0.342787 0.351561 1 6 1.000000
  6 -1.504410 5.532232 7.186760 0.810648 -0.123153 0.572436 0.277952 0.238565 1 6 1.000000
..\..\..\Desktop\General\noesis\dk_body
  6 -1.504410 5.532232 7.186760 0.810648 -0.123153 0.572436 0.277952 0.238565 1 6 1.000000
  6 -0.000002 4.605551 6.267572 0.867421 -0.497576 0.000000 0.259886 0.121120 1 6 1.000000
  6 0.000002 5.286791 7.876079 0.998827 -0.048433 0.000000 0.349383 0.220218 1 6 1.000000
..\..\..\Desktop\General\noesis\dk_body
  6 -0.000002 4.605551 6.267572 0.867421 -0.497576 0.000000 0.259886 0.121120 1 6 1.000000
  6 -1.504410 5.532232 7.186760 0.810648 -0.123153 0.572436 0.277952 0.238565 1 6 1.000000
  6 -1.354753 4.892565 5.981146 0.632684 -0.630812 0.449207 0.252373 0.161711 1 6 1.000000
..\..\..\Desktop\General\noesis\dk_body
  6 -0.000002 4.605551 6.267572 0.867421 -0.497576 0.000000 0.259886 0.121120 1 6 1.000000
  6 -1.354753 4.892565 5.981146 0.632684 -0.630812 0.449207 0.252373 0.161711 1 6 1.000000
  6 -0.000005 4.672881 5.141571 0.459696 -0.888076 0.000000 0.231790 0.123932 1 6 1.000000
..\..\..\Desktop\General\noesis\dk_body
  6 -0.000002 4.605551 6.267572 0.867421 -0.497576 0.000000 0.259886 0.121120 1 6 1.000000
  6 -0.000005 4.672881 5.141571 0.459696 -0.888076 0.000000 0.231790 0.123932 1 6 1.000000
  6 1.354747 4.892571 5.981133 0.632684 -0.630812 -0.449207 0.252373 0.161711 1 6 1.000000
..\..\..\Desktop\General\noesis\dk_body
  6 2.321190 6.724583 4.014334 -0.377266 -0.554681 -0.741619 0.198642 0.400406 1 6 1.000000
  6 2.331585 5.758885 5.564580 0.403804 -0.370136 -0.836625 0.223241 0.282670 1 6 1.000000
  6 1.484032 5.578344 4.363739 0.136276 -0.900902 -0.412074 0.201417 0.284774 1 6 1.000000
..\..\..\Desktop\General\noesis\dk_body
  6 2.321190 6.724583 4.014334 -0.377266 -0.554681 -0.741619 0.198642 0.400406 1 6 1.000000
  6 1.484032 5.578344 4.363739 0.136276 -0.900902 -0.412074 0.201417 0.284774 1 6 1.000000
  6 -0.000011 6.489285 3.324428 -0.475472 -0.879731 0.000000 0.188761 0.456987 1 6 1.000000
..\..\..\Desktop\General\noesis\dk_body
  6 1.354747 4.892571 5.981133 0.632684 -0.630812 -0.449207 0.252373 0.161711 1 6 1.000000
  6 -0.000005 4.672881 5.141571 0.459696 -0.888076 0.000000 0.231790 0.123932 1 6 1.000000
  6 1.484032 5.578344 4.363739 0.136276 -0.900902 -0.412074 0.201417 0.284774 1 6 1.000000
..\..\..\Desktop\General\noesis\dk_body
  6 1.354747 4.892571 5.981133 0.632684 -0.630812 -0.449207 0.252373 0.161711 1 6 1.000000
  6 1.484032 5.578344 4.363739 0.136276 -0.900902 -0.412074 0.201417 0.284774 1 6 1.000000
  6 2.331585 5.758885 5.564580 0.403804 -0.370136 -0.836625 0.223241 0.282670 1 6 1.000000
..\..\..\Desktop\General\noesis\dk_body
  6 1.484032 5.578344 4.363739 0.136276 -0.900902 -0.412074 0.201417 0.284774 1 6 1.000000
  6 -0.000007 5.055716 4.433455 0.078785 -0.996892 0.000000 0.188761 0.272207 1 6 1.000000
  6 -0.000011 6.489285 3.324428 -0.475472 -0.879731 0.000000 0.188761 0.456987 1 6 1.000000
..\..\..\Desktop\General\noesis\dk_body
  6 -1.484048 5.578338 4.363755 0.136276 -0.900902 0.412074 0.201417 0.284774 1 6 1.000000
  6 -0.000005 4.672881 5.141571 0.459696 -0.888076 0.000000 0.231790 0.123932 1 6 1.000000
  6 -1.354753 4.892565 5.981146 0.632684 -0.630812 0.449207 0.252373 0.161711 1 6 1.000000
..\..\..\Desktop\General\noesis\dk_body
  6 -1.484048 5.578338 4.363755 0.136276 -0.900902 0.412074 0.201417 0.284774 1 6 1.000000
  6 -0.000011 6.489285 3.324428 -0.475472 -0.879731 0.000000 0.188761 0.456987 1 6 1.000000
  6 -0.000007 5.055716 4.433455 0.078785 -0.996892 0.000000 0.188761 0.272207 1 6 1.000000
..\..\..\Desktop\General\noesis\dk_body
  6 -2.321210 6.724574 4.014358 -0.377266 -0.554681 0.741619 0.198642 0.400406 1 6 1.000000
  6 -0.000011 6.489285 3.324428 -0.475472 -0.879731 0.000000 0.188761 0.456987 1 6 1.000000
  6 -1.484048 5.578338 4.363755 0.136276 -0.900902 0.412074 0.201417 0.284774 1 6 1.000000
..\..\..\Desktop\General\noesis\dk_body
  6 -2.321210 6.724574 4.014358 -0.377266 -0.554681 0.741619 0.198642 0.400406 1 6 1.000000
  7 -1.200330 7.893695 3.613668 -0.910244 0.394132 -0.126951 0.199995 0.583198 1 7 1.000000
  6 -0.000011 6.489285 3.324428 -0.475472 -0.879731 0.000000 0.188761 0.456987 1 6 1.000000
..\..\..\Desktop\General\noesis\dk_body
  6 -0.000011 6.489285 3.324428 -0.475472 -0.879731 0.000000 0.188761 0.456987 1 6 1.000000
  7 -1.200330 7.893695 3.613668 -0.910244 0.394132 -0.126951 0.199995 0.583198 1 7 1.000000
  7 -0.000010 7.804265 3.245121 -0.999984 0.000000 -0.005645 0.188761 0.583198 1 7 1.000000
..\..\..\Desktop\General\noesis\dk_body
  7 -1.840661 8.063210 4.189445 -0.549070 0.649706 -0.525742 0.207311 0.579922 1 7 1.000000
  7 -1.200330 7.893695 3.613668 -0.910244 0.394132 -0.126951 0.199995 0.583198 1 7 1.000000
  6 -2.321210 6.724574 4.014358 -0.377266 -0.554681 0.741619 0.198642 0.400406 1 6 1.000000
..\..\..\Desktop\General\noesis\dk_body
  7 -2.601540 7.609344 4.737820 -0.169891 0.856378 -0.487599 0.215801 0.520898 1 7 1.000000
  7 -1.840661 8.063210 4.189445 -0.549070 0.649706 -0.525742 0.207311 0.579922 1 7 1.000000
  6 -2.321210 6.724574 4.014358 -0.377266 -0.554681 0.741619 0.198642 0.400406 1 6 1.000000
..\..\..\Desktop\General\noesis\dk_body
  7 -2.698817 6.950183 5.602414 0.124213 0.992240 0.005631 0.213726 0.404996 1 7 1.000000
  7 -2.601540 7.609344 4.737820 -0.169891 0.856378 -0.487599 0.215801 0.520898 1 7 1.000000
  6 -2.321210 6.724574 4.014358 -0.377266 -0.554681 0.741619 0.198642 0.400406 1 6 1.000000
..\..\..\Desktop\General\noesis\dk_body
  6 -1.504410 5.532232 7.186760 0.810648 -0.123153 0.572436 0.277952 0.238565 1 6 1.000000
  6 -2.331595 5.758875 5.564604 0.403804 -0.370136 0.836625 0.223241 0.282670 1 6 1.000000
  6 -1.354753 4.892565 5.981146 0.632684 -0.630812 0.449207 0.252373 0.161711 1 6 1.000000
..\..\..\Desktop\General\noesis\dk_body
  6 -2.321210 6.724574 4.014358 -0.377266 -0.554681 0.741619 0.198642 0.400406 1 6 1.000000
  6 -1.484048 5.578338 4.363755 0.136276 -0.900902 0.412074 0.201417 0.284774 1 6 1.000000
  6 -2.331595 5.758875 5.564604 0.403804 -0.370136 0.836625 0.223241 0.282670 1 6 1.000000
..\..\..\Desktop\General\noesis\dk_body
  7 -2.698817 6.950183 5.602414 0.124213 0.992240 0.005631 0.213726 0.404996 1 7 1.000000
  6 -2.321210 6.724574 4.014358 -0.377266 -0.554681 0.741619 0.198642 0.400406 1 6 1.000000
  6 -2.331595 5.758875 5.564604 0.403804 -0.370136 0.836625 0.223241 0.282670 1 6 1.000000
..\..\..\Desktop\General\noesis\dk_body
  6 -1.354753 4.892565 5.981146 0.632684 -0.630812 0.449207 0.252373 0.161711 1 6 1.000000
  6 -2.331595 5.758875 5.564604 0.403804 -0.370136 0.836625 0.223241 0.282670 1 6 1.000000
  6 -1.484048 5.578338 4.363755 0.136276 -0.900902 0.412074 0.201417 0.284774 1 6 1.000000
..\..\..\Desktop\General\noesis\dk_body
  6 -2.331595 5.758875 5.564604 0.403804 -0.370136 0.836625 0.223241 0.282670 1 6 1.000000
  6 -1.504410 5.532232 7.186760 0.810648 -0.123153 0.572436 0.277952 0.238565 1 6 1.000000
  6 -1.989461 6.720572 7.328506 0.570741 0.066971 0.818395 0.286178 0.367290 1 6 1.000000
..\..\..\Desktop\General\noesis\dk_body
  6 -2.331595 5.758875 5.564604 0.403804 -0.370136 0.836625 0.223241 0.282670 1 6 1.000000
  6 -1.989461 6.720572 7.328506 0.570741 0.066971 0.818395 0.286178 0.367290 1 6 1.000000
  7 -2.698817 6.950183 5.602414 0.124213 0.992240 0.005631 0.213726 0.404996 1 7 1.000000
..\..\..\Desktop\General\noesis\dk_body
  6 -1.989461 6.720572 7.328506 0.570741 0.066971 0.818395 0.286178 0.367290 1 6 1.000000
  6 -1.504410 5.532232 7.186760 0.810648 -0.123153 0.572436 0.277952 0.238565 1 6 1.000000
  6 -0.858586 6.794442 8.639908 0.865865 0.139597 0.480406 0.342787 0.351561 1 6 1.000000
..\..\..\Desktop\General\noesis\dk_body
  6 -0.000005 4.672881 5.141571 0.459696 -0.888076 0.000000 0.231790 0.123932 1 6 1.000000
  6 -0.000007 5.055716 4.433455 0.078785 -0.996892 0.000000 0.217587 0.125353 1 6 1.000000
  6 1.484032 5.578344 4.363739 0.136276 -0.900902 -0.412074 0.201417 0.284774 1 6 1.000000
..\..\..\Desktop\General\noesis\dk_body
  6 -0.000007 5.055716 4.433455 0.078785 -0.996892 0.000000 0.217587 0.125353 1 6 1.000000
  6 -0.000005 4.672881 5.141571 0.459696 -0.888076 0.000000 0.231790 0.123932 1 6 1.000000
  6 -1.484048 5.578338 4.363755 0.136276 -0.900902 0.412074 0.201417 0.284774 1 6 1.000000
..\..\..\Desktop\General\noesis\dk_body
  6 0.858590 6.794446 8.639898 -0.756076 0.654226 0.018376 0.224086 0.876847 1 6 1.000000
  6 1.989459 6.720581 7.328485 -0.703117 0.711047 0.006153 0.204020 0.845020 1 6 1.000000
  6 0.000003 6.803133 8.979363 -0.751357 0.659896 -0.000000 0.229284 0.901010 1 6 1.000000
..\..\..\Desktop\General\noesis\dk_body
  6 -0.858586 6.794442 8.639908 -0.756076 0.654226 -0.018376 0.224086 0.925174 1 6 1.000000
  6 0.000003 6.803133 8.979363 -0.751357 0.659896 -0.000000 0.229284 0.901010 1 6 1.000000
  6 -1.989461 6.720572 7.328506 -0.703117 0.711047 -0.006153 0.204020 0.957000 1 6 1.000000
..\..\..\Desktop\General\noesis\dk_body
  6 0.000003 6.803133 8.979363 -0.751357 0.659896 -0.000000 0.229284 0.901010 1 6 1.000000
  6 1.989459 6.720581 7.328485 -0.703117 0.711047 0.006153 0.204020 0.845020 1 6 1.000000
  6 -1.989461 6.720572 7.328506 -0.703117 0.711047 -0.006153 0.204020 0.957000 1 6 1.000000
..\..\..\Desktop\General\noesis\dk_body
  6 -1.989461 6.720572 7.328506 -0.703117 0.711047 -0.006153 0.204020 0.957000 1 6 1.000000
  6 1.989459 6.720581 7.328485 -0.703117 0.711047 0.006153 0.204020 0.845020 1 6 1.000000
  7 -2.698817 6.950183 5.602414 0.138714 0.000000 -0.990332 0.178471 0.976964 1 7 1.000000
..\..\..\Desktop\General\noesis\dk_body
  6 1.989459 6.720581 7.328485 -0.703117 0.711047 0.006153 0.204020 0.845020 1 6 1.000000
  7 2.698803 6.950222 5.602414 0.138714 0.000000 -0.990332 0.178471 0.825057 1 7 1.000000
  7 -2.698817 6.950183 5.602414 0.138714 0.000000 -0.990332 0.178471 0.976964 1 7 1.000000
..\..\..\Desktop\General\noesis\dk_body
  7 2.204556 8.955175 3.306659 -0.937142 -0.141897 0.318796 0.788230 0.335125 1 7 1.000000
  7 2.842646 8.779190 3.518743 -0.325999 -0.835674 0.442012 0.806887 0.393731 1 7 1.000000
  7 2.382449 8.148965 4.005158 -0.324035 -0.337315 0.883867 0.769594 0.437139 1 7 1.000000
..\..\..\Desktop\General\noesis\dk_body
  7 2.204556 8.955175 3.306659 -0.937142 -0.141897 0.318796 0.788230 0.335125 1 7 1.000000
  7 2.382449 8.148965 4.005158 -0.324035 -0.337315 0.883867 0.769594 0.437139 1 7 1.000000
  7 1.840639 8.063236 4.189445 -0.345654 -0.030817 0.937856 0.746881 0.425569 1 7 1.000000
..\..\..\Desktop\General\noesis\dk_body
  7 1.926288 8.182976 4.963924 0.394851 -0.840214 0.371662 0.756849 0.506562 1 7 1.000000
  7 1.840639 8.063236 4.189445 -0.345654 -0.030817 0.937856 0.746881 0.425569 1 7 1.000000
  7 2.382449 8.148965 4.005158 -0.324035 -0.337315 0.883867 0.769594 0.437139 1 7 1.000000
..\..\..\Desktop\General\noesis\dk_body
  7 2.382449 8.148965 4.005158 -0.324035 -0.337315 0.883867 0.769594 0.437139 1 7 1.000000
  7 2.842646 8.779190 3.518743 -0.325999 -0.835674 0.442012 0.806887 0.393731 1 7 1.000000
  7 1.926288 8.182976 4.963924 0.394851 -0.840214 0.371662 0.756849 0.506562 1 7 1.000000
..\..\..\Desktop\General\noesis\dk_body
  7 2.967884 9.460521 3.580914 -0.254664 -0.965190 -0.059615 0.830228 0.399753 1 7 1.000000
  7 1.926288 8.182976 4.963924 0.394851 -0.840214 0.371662 0.756849 0.506562 1 7 1.000000
  7 2.842646 8.779190 3.518743 -0.325999 -0.835674 0.442012 0.806887 0.393731 1 7 1.000000
..\..\..\Desktop\General\noesis\dk_body
  7 2.967884 9.460521 3.580914 -0.254664 -0.965190 -0.059615 0.830228 0.399753 1 7 1.000000
  7 2.842646 8.779190 3.518743 -0.325999 -0.835674 0.442012 0.806887 0.393731 1 7 1.000000
  7 2.204556 8.955175 3.306659 -0.937142 -0.141897 0.318796 0.827358 0.321342 1 7 1.000000
..\..\..\Desktop\General\noesis\dk_body
  7 2.204556 8.955175 3.306659 -0.937142 -0.141897 0.318796 0.827358 0.321342 1 7 1.000000
  7 2.459702 9.845627 3.493596 -0.648971 -0.239305 -0.722198 0.851496 0.376612 1 7 1.000000
  7 2.967884 9.460521 3.580914 -0.254664 -0.965190 -0.059615 0.830228 0.399753 1 7 1.000000
..\..\..\Desktop\General\noesis\dk_body
  7 2.459702 9.845627 3.493596 -0.648971 -0.239305 -0.722198 0.851496 0.376612 1 7 1.000000
  7 2.866862 9.903799 3.885178 0.029358 -0.635489 -0.771551 0.846192 0.443720 1 7 1.000000
  7 2.967884 9.460521 3.580914 -0.254664 -0.965190 -0.059615 0.830228 0.399753 1 7 1.000000
..\..\..\Desktop\General\noesis\dk_body
  7 2.420993 9.724354 4.435434 0.376208 -0.915880 -0.140112 0.830828 0.506563 1 7 1.000000
  7 2.967884 9.460521 3.580914 -0.254664 -0.965190 -0.059615 0.830228 0.399753 1 7 1.000000
  7 2.866862 9.903799 3.885178 0.029358 -0.635489 -0.771551 0.846192 0.443720 1 7 1.000000
..\..\..\Desktop\General\noesis\dk_body
  7 2.420993 9.724354 4.435434 0.376208 -0.915880 -0.140112 0.830828 0.506563 1 7 1.000000
  7 1.926288 8.182976 4.963924 0.394851 -0.840214 0.371662 0.756849 0.506562 1 7 1.000000
  7 2.967884 9.460521 3.580914 -0.254664 -0.965190 -0.059615 0.830228 0.399753 1 7 1.000000
..\..\..\Desktop\General\noesis\dk_body
  7 2.459702 9.845627 3.493596 -0.648971 -0.239305 -0.722198 0.868688 0.448940 1 7 1.000000
  7 2.420993 9.724354 4.435434 0.376208 -0.915880 -0.140112 0.830828 0.506563 1 7 1.000000
  7 2.866862 9.903799 3.885178 0.029358 -0.635489 -0.771551 0.846192 0.443720 1 7 1.000000
..\..\..\Desktop\General\noesis\dk_body
  7 -2.204584 8.955145 3.306659 -0.937142 0.141897 0.318796 0.788230 0.335125 1 7 1.000000
  7 -2.382472 8.148931 4.005158 -0.324035 0.337315 0.883867 0.769594 0.437139 1 7 1.000000
  7 -2.842674 8.779149 3.518743 -0.325999 0.835674 0.442012 0.806887 0.393731 1 7 1.000000
..\..\..\Desktop\General\noesis\dk_body
  7 -2.204584 8.955145 3.306659 -0.937142 0.141897 0.318796 0.788230 0.335125 1 7 1.000000
  7 -1.840661 8.063210 4.189445 -0.345654 0.030817 0.937856 0.746881 0.425569 1 7 1.000000
  7 -2.382472 8.148931 4.005158 -0.324035 0.337315 0.883867 0.769594 0.437139 1 7 1.000000
..\..\..\Desktop\General\noesis\dk_body
  7 -2.382472 8.148931 4.005158 -0.324035 0.337315 0.883867 0.769594 0.437139 1 7 1.000000
  7 -1.926312 8.182947 4.963924 0.394851 0.840214 0.371662 0.756849 0.506562 1 7 1.000000
  7 -2.842674 8.779149 3.518743 -0.325999 0.835674 0.442012 0.806887 0.393731 1 7 1.000000
..\..\..\Desktop\General\noesis\dk_body
  7 -1.926312 8.182947 4.963924 0.394851 0.840214 0.371662 0.756849 0.506562 1 7 1.000000
  7 -2.382472 8.148931 4.005158 -0.324035 0.337315 0.883867 0.769594 0.437139 1 7 1.000000
  7 -1.840661 8.063210 4.189445 -0.345654 0.030817 0.937856 0.746881 0.425569 1 7 1.000000
..\..\..\Desktop\General\noesis\dk_body
  7 -2.967916 9.460478 3.580914 -0.254664 0.965190 -0.059615 0.830228 0.399753 1 7 1.000000
  7 -2.842674 8.779149 3.518743 -0.325999 0.835674 0.442012 0.806887 0.393731 1 7 1.000000
  7 -1.926312 8.182947 4.963924 0.394851 0.840214 0.371662 0.756849 0.506562 1 7 1.000000
..\..\..\Desktop\General\noesis\dk_body
  7 -2.967916 9.460478 3.580914 -0.254664 0.965190 -0.059615 0.830228 0.399753 1 7 1.000000
  7 -2.204584 8.955145 3.306659 -0.937142 0.141897 0.318796 0.827358 0.321342 1 7 1.000000
  7 -2.842674 8.779149 3.518743 -0.325999 0.835674 0.442012 0.806887 0.393731 1 7 1.000000
..\..\..\Desktop\General\noesis\dk_body
  7 -2.204584 8.955145 3.306659 -0.937142 0.141897 0.318796 0.827358 0.321342 1 7 1.000000
  7 -2.967916 9.460478 3.580914 -0.254664 0.965190 -0.059615 0.830228 0.399753 1 7 1.000000
  7 -2.459738 9.845592 3.493596 -0.648971 0.239306 -0.722198 0.851496 0.376612 1 7 1.000000
..\..\..\Desktop\General\noesis\dk_body
  7 -2.459738 9.845592 3.493596 -0.648971 0.239306 -0.722198 0.851496 0.376612 1 7 1.000000
  7 -2.967916 9.460478 3.580914 -0.254664 0.965190 -0.059615 0.830228 0.399753 1 7 1.000000
  7 -2.866898 9.903757 3.885178 0.031024 0.628596 -0.777113 0.846192 0.443720 1 7 1.000000
..\..\..\Desktop\General\noesis\dk_body
  7 -2.421027 9.724319 4.435434 0.376208 0.915880 -0.140112 0.830828 0.506563 1 7 1.000000
  7 -2.866898 9.903757 3.885178 0.031024 0.628596 -0.777113 0.846192 0.443720 1 7 1.000000
  7 -2.967916 9.460478 3.580914 -0.254664 0.965190 -0.059615 0.830228 0.399753 1 7 1.000000
..\..\..\Desktop\General\noesis\dk_body
  7 -2.421027 9.724319 4.435434 0.376208 0.915880 -0.140112 0.830828 0.506563 1 7 1.000000
  7 -2.967916 9.460478 3.580914 -0.254664 0.965190 -0.059615 0.830228 0.399753 1 7 1.000000
  7 -1.926312 8.182947 4.963924 0.394851 0.840214 0.371662 0.756849 0.506562 1 7 1.000000
..\..\..\Desktop\General\noesis\dk_body
  7 -2.459738 9.845592 3.493596 -0.648971 0.239306 -0.722198 0.868688 0.448940 1 7 1.000000
  7 -2.866898 9.903757 3.885178 0.031024 0.628596 -0.777113 0.846192 0.443720 1 7 1.000000
  7 -2.421027 9.724319 4.435434 0.376208 0.915880 -0.140112 0.830828 0.506563 1 7 1.000000
..\..\..\Desktop\General\noesis\dk_body
  7 1.389528 8.312149 6.348165 0.194537 -0.559633 -0.805584 0.301733 0.564590 1 7 1.000000
  7 1.050518 8.413065 6.848594 0.368048 -0.464188 -0.805649 0.333881 0.556374 1 7 1.000000
  7 1.480199 8.009323 7.190462 0.494296 -0.558814 -0.665882 0.313376 0.499052 1 7 1.000000
..\..\..\Desktop\General\noesis\dk_body
  7 2.234770 7.814275 5.982370 0.261482 -0.760935 -0.593805 0.234541 0.506401 1 7 1.000000
  7 2.698803 6.950222 5.602414 0.124213 -0.992240 0.005631 0.213726 0.404996 1 7 1.000000
  7 2.601521 7.609382 4.737820 -0.169891 -0.856378 -0.487599 0.215801 0.520898 1 7 1.000000
..\..\..\Desktop\General\noesis\dk_body
  7 1.389528 8.312149 6.348165 0.194537 -0.559633 -0.805584 0.301733 0.564590 1 7 1.000000
  7 1.480199 8.009323 7.190462 0.494296 -0.558814 -0.665882 0.313376 0.499052 1 7 1.000000
  7 2.234770 7.814275 5.982370 0.261482 -0.760935 -0.593805 0.234541 0.506401 1 7 1.000000
..\..\..\Desktop\General\noesis\dk_body
  7 1.926288 8.182976 4.963924 0.006340 -0.608199 -0.793760 0.210554 0.579922 1 7 1.000000
  7 2.234770 7.814275 5.982370 0.261482 -0.760935 -0.593805 0.234541 0.506401 1 7 1.000000
  7 2.601521 7.609382 4.737820 -0.169891 -0.856378 -0.487599 0.215801 0.520898 1 7 1.000000
..\..\..\Desktop\General\noesis\dk_body
  7 1.389528 8.312149 6.348165 0.194537 -0.559633 -0.805584 0.301733 0.564590 1 7 1.000000
  7 2.234770 7.814275 5.982370 0.261482 -0.760935 -0.593805 0.234541 0.506401 1 7 1.000000
  7 1.926288 8.182976 4.963924 0.006340 -0.608199 -0.793760 0.210554 0.579922 1 7 1.000000
..\..\..\Desktop\General\noesis\dk_body
  7 1.926288 8.182976 4.963924 0.006340 -0.608199 -0.793760 0.210554 0.579922 1 7 1.000000
  7 2.601521 7.609382 4.737820 -0.169891 -0.856378 -0.487599 0.215801 0.520898 1 7 1.000000
  7 1.840639 8.063236 4.189445 -0.549070 -0.649706 -0.525742 0.207311 0.579922 1 7 1.000000
..\..\..\Desktop\General\noesis\dk_body
  7 2.234770 7.814275 5.982370 0.261482 -0.760935 -0.593805 0.234541 0.506401 1 7 1.000000
  7 1.989454 6.741961 7.243334 0.494577 -0.808646 -0.318567 0.287776 0.370552 1 7 1.000000
  7 2.698803 6.950222 5.602414 0.124213 -0.992240 0.005631 0.213726 0.404996 1 7 1.000000
..\..\..\Desktop\General\noesis\dk_body
  7 1.480199 8.009323 7.190462 0.494296 -0.558814 -0.665882 0.313376 0.499052 1 7 1.000000
  7 1.989454 6.741961 7.243334 0.494577 -0.808646 -0.318567 0.287776 0.370552 1 7 1.000000
  7 2.234770 7.814275 5.982370 0.261482 -0.760935 -0.593805 0.234541 0.506401 1 7 1.000000
..\..\..\Desktop\General\noesis\dk_body
  7 0.858581 6.814092 8.554624 0.699413 -0.479805 -0.529724 0.342787 0.355062 1 7 1.000000
  7 1.989454 6.741961 7.243334 0.494577 -0.808646 -0.318567 0.287776 0.370552 1 7 1.000000
  7 1.480199 8.009323 7.190462 0.494296 -0.558814 -0.665882 0.313376 0.499052 1 7 1.000000
..\..\..\Desktop\General\noesis\dk_body
  7 -0.000012 8.263342 7.714484 0.708959 -0.000000 -0.705250 0.406412 0.546295 1 7 1.000000
  7 0.858581 6.814092 8.554624 0.699413 -0.479805 -0.529724 0.342787 0.355062 1 7 1.000000
  7 1.480199 8.009323 7.190462 0.494296 -0.558814 -0.665882 0.313376 0.499052 1 7 1.000000
..\..\..\Desktop\General\noesis\dk_body
  7 -0.000013 8.672415 7.166056 0.566310 -0.000000 -0.824192 0.406412 0.606218 1 7 1.000000
  7 -0.000012 8.263342 7.714484 0.708959 -0.000000 -0.705250 0.406412 0.546295 1 7 1.000000
  7 1.480199 8.009323 7.190462 0.494296 -0.558814 -0.665882 0.313376 0.499052 1 7 1.000000
..\..\..\Desktop\General\noesis\dk_body
  7 -0.000013 8.672415 7.166056 0.566310 -0.000000 -0.824192 0.406412 0.606218 1 7 1.000000
  7 1.480199 8.009323 7.190462 0.494296 -0.558814 -0.665882 0.313376 0.499052 1 7 1.000000
  7 1.050518 8.413065 6.848594 0.368048 -0.464188 -0.805649 0.333881 0.556374 1 7 1.000000
..\..\..\Desktop\General\noesis\dk_body
  7 -0.000013 8.672415 7.166056 0.566310 -0.000000 -0.824192 0.406412 0.606218 1 7 1.000000
  7 -1.480221 8.009302 7.190462 0.494296 0.558814 -0.665882 0.313376 0.499052 1 7 1.000000
  7 -0.000012 8.263342 7.714484 0.708959 -0.000000 -0.705250 0.406412 0.546295 1 7 1.000000
..\..\..\Desktop\General\noesis\dk_body
  7 -0.000013 8.672415 7.166056 0.566310 -0.000000 -0.824192 0.406412 0.606218 1 7 1.000000
  7 -1.050542 8.413051 6.848594 0.368048 0.464188 -0.805649 0.333881 0.556374 1 7 1.000000
  7 -1.480221 8.009302 7.190462 0.494296 0.558814 -0.665882 0.313376 0.499052 1 7 1.000000
..\..\..\Desktop\General\noesis\dk_body
  7 -1.389552 8.312129 6.348165 0.194537 0.559633 -0.805584 0.301733 0.564590 1 7 1.000000
  7 -1.480221 8.009302 7.190462 0.494296 0.558814 -0.665882 0.313376 0.499052 1 7 1.000000
  7 -1.050542 8.413051 6.848594 0.368048 0.464188 -0.805649 0.333881 0.556374 1 7 1.000000
..\..\..\Desktop\General\noesis\dk_body
  7 -2.234790 7.814242 5.982370 0.261482 0.760935 -0.593805 0.234541 0.506401 1 7 1.000000
  7 -2.601540 7.609344 4.737820 -0.169891 0.856378 -0.487599 0.215801 0.520898 1 7 1.000000
  7 -2.698817 6.950183 5.602414 0.124213 0.992240 0.005631 0.213726 0.404996 1 7 1.000000
..\..\..\Desktop\General\noesis\dk_body
  7 -1.389552 8.312129 6.348165 0.194537 0.559633 -0.805584 0.301733 0.564590 1 7 1.000000
  7 -2.234790 7.814242 5.982370 0.261482 0.760935 -0.593805 0.234541 0.506401 1 7 1.000000
  7 -1.480221 8.009302 7.190462 0.494296 0.558814 -0.665882 0.313376 0.499052 1 7 1.000000
..\..\..\Desktop\General\noesis\dk_body
  7 -1.926312 8.182947 4.963924 0.006340 0.608199 -0.793759 0.210554 0.579922 1 7 1.000000
  7 -2.601540 7.609344 4.737820 -0.169891 0.856378 -0.487599 0.215801 0.520898 1 7 1.000000
  7 -2.234790 7.814242 5.982370 0.261482 0.760935 -0.593805 0.234541 0.506401 1 7 1.000000
..\..\..\Desktop\General\noesis\dk_body
  7 -1.389552 8.312129 6.348165 0.194537 0.559633 -0.805584 0.301733 0.564590 1 7 1.000000
  7 -1.926312 8.182947 4.963924 0.006340 0.608199 -0.793759 0.210554 0.579922 1 7 1.000000
  7 -2.234790 7.814242 5.982370 0.261482 0.760935 -0.593805 0.234541 0.506401 1 7 1.000000
..\..\..\Desktop\General\noesis\dk_body
  7 -1.926312 8.182947 4.963924 0.006340 0.608199 -0.793759 0.210554 0.579922 1 7 1.000000
  7 -1.840661 8.063210 4.189445 -0.549070 0.649706 -0.525742 0.207311 0.579922 1 7 1.000000
  7 -2.601540 7.609344 4.737820 -0.169891 0.856378 -0.487599 0.215801 0.520898 1 7 1.000000
..\..\..\Desktop\General\noesis\dk_body
  7 -2.234790 7.814242 5.982370 0.261482 0.760935 -0.593805 0.234541 0.506401 1 7 1.000000
  7 -2.698817 6.950183 5.602414 0.124213 0.992240 0.005631 0.213726 0.404996 1 7 1.000000
  7 -1.989466 6.741932 7.243334 0.494577 0.808646 -0.318567 0.287776 0.370552 1 7 1.000000
..\..\..\Desktop\General\noesis\dk_body
  7 -1.480221 8.009302 7.190462 0.494296 0.558814 -0.665882 0.313376 0.499052 1 7 1.000000
  7 -2.234790 7.814242 5.982370 0.261482 0.760935 -0.593805 0.234541 0.506401 1 7 1.000000
  7 -1.989466 6.741932 7.243334 0.494577 0.808646 -0.318567 0.287776 0.370552 1 7 1.000000
..\..\..\Desktop\General\noesis\dk_body
  7 -0.858595 6.814080 8.554624 0.699413 0.479805 -0.529724 0.342787 0.355062 1 7 1.000000
  7 -1.480221 8.009302 7.190462 0.494296 0.558814 -0.665882 0.313376 0.499052 1 7 1.000000
  7 -1.989466 6.741932 7.243334 0.494577 0.808646 -0.318567 0.287776 0.370552 1 7 1.000000
..\..\..\Desktop\General\noesis\dk_body
  7 -0.000012 8.263342 7.714484 0.708959 -0.000000 -0.705250 0.406412 0.546295 1 7 1.000000
  7 -1.480221 8.009302 7.190462 0.494296 0.558814 -0.665882 0.313376 0.499052 1 7 1.000000
  7 -0.858595 6.814080 8.554624 0.699413 0.479805 -0.529724 0.342787 0.355062 1 7 1.000000
..\..\..\Desktop\General\noesis\dk_body
  7 0.858581 6.814092 8.554624 0.699413 -0.479805 -0.529724 0.342787 0.355062 1 7 1.000000
  7 -0.000012 8.263342 7.714484 0.708959 -0.000000 -0.705250 0.406412 0.546295 1 7 1.000000
  7 -0.000007 6.853335 8.896334 0.766385 -0.000000 -0.642381 0.403425 0.356259 1 7 1.000000
..\..\..\Desktop\General\noesis\dk_body
  7 -0.858595 6.814080 8.554624 0.699413 0.479805 -0.529724 0.342787 0.355062 1 7 1.000000
  7 -0.000007 6.853335 8.896334 0.766385 -0.000000 -0.642381 0.403425 0.356259 1 7 1.000000
  7 -0.000012 8.263342 7.714484 0.708959 -0.000000 -0.705250 0.406412 0.546295 1 7 1.000000
..\..\..\Desktop\General\noesis\dk_body
  7 1.989454 6.741961 7.243334 -0.011690 0.012120 0.999858 0.166922 0.845020 1 7 1.000000
  7 0.858581 6.814092 8.554624 0.023720 0.036230 0.999062 0.157589 0.876847 1 7 1.000000
  7 -0.000007 6.853335 8.896334 0.038251 -0.000000 0.999268 0.155111 0.901010 1 7 1.000000
..\..\..\Desktop\General\noesis\dk_body
  7 -1.989466 6.741932 7.243334 -0.011690 -0.012120 0.999858 0.166922 0.957000 1 7 1.000000
  7 -0.000007 6.853335 8.896334 0.038251 -0.000000 0.999268 0.155111 0.901010 1 7 1.000000
  7 -0.858595 6.814080 8.554624 0.023721 -0.036230 0.999062 0.157589 0.925174 1 7 1.000000
..\..\..\Desktop\General\noesis\dk_body
  7 1.482598 11.172455 2.740885 -0.639363 -0.564434 -0.522139 0.510246 0.882723 1 7 1.000000
  7 1.468155 9.169574 2.234410 -0.794456 -0.531272 0.294261 0.462877 0.802777 1 7 1.000000
  7 -0.000020 10.467770 1.835850 -0.962400 0.000000 -0.271636 0.455278 0.925573 1 7 1.000000
..\..\..\Desktop\General\noesis\dk_body
  7 -0.000020 10.467770 1.835850 -0.962400 0.000000 -0.271636 0.455278 0.925573 1 7 1.000000
  7 -0.000024 11.750500 2.604152 -0.735170 0.000000 -0.677883 0.506182 0.982160 1 7 1.000000
  7 1.482598 11.172455 2.740885 -0.639363 -0.564434 -0.522139 0.510246 0.882723 1 7 1.000000
..\..\..\Desktop\General\noesis\dk_body
  7 -0.000020 10.467770 1.835850 -0.962400 0.000000 -0.271636 0.455278 0.925573 1 7 1.000000
  7 -1.482642 11.172434 2.740885 -0.639359 0.564436 -0.522143 0.510246 0.882723 1 7 1.000000
  7 -0.000024 11.750500 2.604152 -0.735170 0.000000 -0.677883 0.506182 0.982160 1 7 1.000000
..\..\..\Desktop\General\noesis\dk_body
  7 -1.482642 11.172434 2.740885 -0.639359 0.564436 -0.522143 0.510246 0.882723 1 7 1.000000
  7 -0.000020 10.467770 1.835850 -0.962400 0.000000 -0.271636 0.455278 0.925573 1 7 1.000000
  7 -1.468185 9.169553 2.234410 -0.794456 0.531272 0.294261 0.462877 0.802777 1 7 1.000000
..\..\..\Desktop\General\noesis\dk_body
  7 -1.468185 9.169553 2.234410 -0.794456 0.531272 0.294261 0.462877 0.802777 1 7 1.000000
  7 -2.459738 9.845592 3.493596 -0.349832 0.921436 -0.169034 0.503073 0.765102 1 7 1.000000
  7 -1.482642 11.172434 2.740885 -0.639359 0.564436 -0.522143 0.510246 0.882723 1 7 1.000000
..\..\..\Desktop\General\noesis\dk_body
  7 -1.468185 9.169553 2.234410 -0.794456 0.531272 0.294261 0.462877 0.802777 1 7 1.000000
  7 -2.204584 8.955145 3.306659 -0.534675 0.675770 0.507402 0.482530 0.731172 1 7 1.000000
  7 -2.459738 9.845592 3.493596 -0.349832 0.921436 -0.169034 0.503073 0.765102 1 7 1.000000
..\..\..\Desktop\General\noesis\dk_body
  7 -2.204584 8.955145 3.306659 -0.534675 0.675770 0.507402 0.482530 0.731172 1 7 1.000000
  7 -1.468185 9.169553 2.234410 -0.794456 0.531272 0.294261 0.462877 0.802777 1 7 1.000000
  7 -1.200330 7.893695 3.613668 -0.536821 0.465985 0.703336 0.449438 0.723444 1 7 1.000000
..\..\..\Desktop\General\noesis\dk_body
  7 -2.204584 8.955145 3.306659 -0.534675 0.675770 0.507402 0.482530 0.731172 1 7 1.000000
  7 -1.200330 7.893695 3.613668 -0.536821 0.465985 0.703336 0.449438 0.723444 1 7 1.000000
  7 -1.840661 8.063210 4.189445 -0.446858 0.581738 0.679632 0.469723 0.685256 1 7 1.000000
..\..\..\Desktop\General\noesis\dk_body
  7 -1.200330 7.893695 3.613668 -0.536821 0.465985 0.703336 0.449438 0.723444 1 7 1.000000
  7 -1.468185 9.169553 2.234410 -0.794456 0.531272 0.294261 0.462877 0.802777 1 7 1.000000
  7 -0.000010 7.804265 3.245121 -0.667479 0.000000 0.744629 0.422853 0.778437 1 7 1.000000
..\..\..\Desktop\General\noesis\dk_body
  7 -0.000010 7.804265 3.245121 -0.667479 0.000000 0.744629 0.422853 0.778437 1 7 1.000000
  7 -0.000015 9.168126 1.785640 -0.922760 0.000000 0.385375 0.424337 0.863952 1 7 1.000000
  7 1.468155 9.169574 2.234410 -0.794456 -0.531272 0.294261 0.462877 0.802777 1 7 1.000000
..\..\..\Desktop\General\noesis\dk_body
  7 -1.468185 9.169553 2.234410 -0.794456 0.531272 0.294261 0.462877 0.802777 1 7 1.000000
  7 -0.000020 10.467770 1.835850 -0.962400 0.000000 -0.271636 0.455278 0.925573 1 7 1.000000
  7 -0.000015 9.168126 1.785640 -0.922760 0.000000 0.385375 0.424337 0.863952 1 7 1.000000
..\..\..\Desktop\General\noesis\dk_body
  7 1.468155 9.169574 2.234410 -0.794456 -0.531272 0.294261 0.462877 0.802777 1 7 1.000000
  7 -0.000015 9.168126 1.785640 -0.922760 0.000000 0.385375 0.424337 0.863952 1 7 1.000000
  7 -0.000020 10.467770 1.835850 -0.962400 0.000000 -0.271636 0.455278 0.925573 1 7 1.000000
..\..\..\Desktop\General\noesis\dk_body
  7 -0.000010 7.804265 3.245121 -0.667479 0.000000 0.744629 0.422853 0.778437 1 7 1.000000
  7 -1.468185 9.169553 2.234410 -0.794456 0.531272 0.294261 0.462877 0.802777 1 7 1.000000
  7 -0.000015 9.168126 1.785640 -0.922760 0.000000 0.385375 0.424337 0.863952 1 7 1.000000
..\..\..\Desktop\General\noesis\dk_body
  7 1.200310 7.893713 3.613668 -0.536820 -0.465985 0.703336 0.449438 0.723444 1 7 1.000000
  7 -0.000010 7.804265 3.245121 -0.667479 0.000000 0.744629 0.422853 0.778437 1 7 1.000000
  7 1.468155 9.169574 2.234410 -0.794456 -0.531272 0.294261 0.462877 0.802777 1 7 1.000000
..\..\..\Desktop\General\noesis\dk_body
  7 2.204556 8.955175 3.306659 -0.534675 -0.675770 0.507403 0.482530 0.731172 1 7 1.000000
  7 1.200310 7.893713 3.613668 -0.536820 -0.465985 0.703336 0.449438 0.723444 1 7 1.000000
  7 1.468155 9.169574 2.234410 -0.794456 -0.531272 0.294261 0.462877 0.802777 1 7 1.000000
..\..\..\Desktop\General\noesis\dk_body
  7 2.204556 8.955175 3.306659 -0.534675 -0.675770 0.507403 0.482530 0.731172 1 7 1.000000
  7 1.840639 8.063236 4.189445 -0.446858 -0.581738 0.679632 0.469723 0.685256 1 7 1.000000
  7 1.200310 7.893713 3.613668 -0.536820 -0.465985 0.703336 0.449438 0.723444 1 7 1.000000
..\..\..\Desktop\General\noesis\dk_body
  7 1.468155 9.169574 2.234410 -0.794456 -0.531272 0.294261 0.462877 0.802777 1 7 1.000000
  7 2.459702 9.845627 3.493596 -0.349832 -0.921436 -0.169034 0.503073 0.765102 1 7 1.000000
  7 2.204556 8.955175 3.306659 -0.534675 -0.675770 0.507403 0.482530 0.731172 1 7 1.000000
..\..\..\Desktop\General\noesis\dk_body
  7 1.468155 9.169574 2.234410 -0.794456 -0.531272 0.294261 0.462877 0.802777 1 7 1.000000
  7 1.482598 11.172455 2.740885 -0.639363 -0.564434 -0.522139 0.510246 0.882723 1 7 1.000000
  7 2.459702 9.845627 3.493596 -0.349832 -0.921436 -0.169034 0.503073 0.765102 1 7 1.000000
..\..\..\Desktop\General\noesis\dk_body
  7 2.459702 9.845627 3.493596 -0.349832 -0.921436 -0.169034 0.503073 0.765102 1 7 1.000000
  7 1.482598 11.172455 2.740885 -0.639363 -0.564434 -0.522139 0.510246 0.882723 1 7 1.000000
  7 2.145348 11.068478 3.829407 -0.115039 -0.861436 -0.494666 0.534235 0.821433 1 7 1.000000
..\..\..\Desktop\General\noesis\dk_body
  7 2.251019 10.617218 4.927882 0.215285 -0.940510 -0.262855 0.556408 0.758849 1 7 1.000000
  7 2.459702 9.845627 3.493596 -0.349832 -0.921436 -0.169034 0.503073 0.765102 1 7 1.000000
  7 2.145348 11.068478 3.829407 -0.115039 -0.861436 -0.494666 0.534235 0.821433 1 7 1.000000
..\..\..\Desktop\General\noesis\dk_body
  7 2.459702 9.845627 3.493596 -0.349832 -0.921436 -0.169034 0.503073 0.765102 1 7 1.000000
  7 2.251019 10.617218 4.927882 0.215285 -0.940510 -0.262855 0.556408 0.758849 1 7 1.000000
  7 2.420993 9.724354 4.435434 0.376208 -0.915880 -0.140112 0.525855 0.728686 1 7 1.000000
..\..\..\Desktop\General\noesis\dk_body
  7 2.145348 11.068478 3.829407 -0.115039 -0.861436 -0.494666 0.534235 0.821433 1 7 1.000000
  7 1.600436 11.525466 5.325518 0.471226 -0.703826 -0.531578 0.583760 0.807187 1 7 1.000000
  7 2.251019 10.617218 4.927882 0.215285 -0.940510 -0.262855 0.556408 0.758849 1 7 1.000000
..\..\..\Desktop\General\noesis\dk_body
  7 1.287944 12.176565 4.258210 -0.158974 -0.650956 -0.742283 0.569673 0.884852 1 7 1.000000
  7 1.600436 11.525466 5.325518 0.471226 -0.703826 -0.531578 0.583760 0.807187 1 7 1.000000
  7 2.145348 11.068478 3.829407 -0.115039 -0.861436 -0.494666 0.534235 0.821433 1 7 1.000000
..\..\..\Desktop\General\noesis\dk_body
  7 1.287944 12.176565 4.258210 -0.158974 -0.650956 -0.742283 0.569673 0.884852 1 7 1.000000
  7 2.145348 11.068478 3.829407 -0.115039 -0.861436 -0.494666 0.534235 0.821433 1 7 1.000000
  7 1.482598 11.172455 2.740885 -0.639363 -0.564434 -0.522139 0.510246 0.882723 1 7 1.000000
..\..\..\Desktop\General\noesis\dk_body
  7 1.482598 11.172455 2.740885 -0.639363 -0.564434 -0.522139 0.510246 0.882723 1 7 1.000000
  7 -0.000028 12.625550 3.843027 -0.611312 -0.021158 -0.791107 0.568664 0.978715 1 7 1.000000
  7 1.287944 12.176565 4.258210 -0.158974 -0.650956 -0.742283 0.569673 0.884852 1 7 1.000000
..\..\..\Desktop\General\noesis\dk_body
  7 -0.000024 11.750500 2.604152 -0.735170 0.000000 -0.677883 0.506182 0.982160 1 7 1.000000
  7 -0.000028 12.625550 3.843027 -0.611312 -0.021158 -0.791107 0.568664 0.978715 1 7 1.000000
  7 1.482598 11.172455 2.740885 -0.639363 -0.564434 -0.522139 0.510246 0.882723 1 7 1.000000
..\..\..\Desktop\General\noesis\dk_body
  7 -0.000024 11.750500 2.604152 -0.735170 0.000000 -0.677883 0.506182 0.982160 1 7 1.000000
  7 -1.482642 11.172434 2.740885 -0.639359 0.564436 -0.522143 0.510246 0.882723 1 7 1.000000
  7 -0.000028 12.625550 3.843027 -0.611312 -0.021158 -0.791107 0.568664 0.978715 1 7 1.000000
..\..\..\Desktop\General\noesis\dk_body
  7 -1.482642 11.172434 2.740885 -0.639359 0.564436 -0.522143 0.510246 0.882723 1 7 1.000000
  7 -1.287946 12.176605 4.258348 -0.163448 0.649909 -0.742228 0.569673 0.884852 1 7 1.000000
  7 -0.000028 12.625550 3.843027 -0.611312 -0.021158 -0.791107 0.568664 0.978715 1 7 1.000000
..\..\..\Desktop\General\noesis\dk_body
  7 -1.287946 12.176605 4.258348 -0.163448 0.649909 -0.742228 0.569673 0.884852 1 7 1.000000
  7 -1.482642 11.172434 2.740885 -0.639359 0.564436 -0.522143 0.510246 0.882723 1 7 1.000000
  7 -2.145392 11.068442 3.829407 -0.115044 0.861438 -0.494661 0.534235 0.821433 1 7 1.000000
..\..\..\Desktop\General\noesis\dk_body
  7 -2.459738 9.845592 3.493596 -0.349832 0.921436 -0.169034 0.503073 0.765102 1 7 1.000000
  7 -2.145392 11.068442 3.829407 -0.115044 0.861438 -0.494661 0.534235 0.821433 1 7 1.000000
  7 -1.482642 11.172434 2.740885 -0.639359 0.564436 -0.522143 0.510246 0.882723 1 7 1.000000
..\..\..\Desktop\General\noesis\dk_body
  7 -1.287946 12.176605 4.258348 -0.163448 0.649909 -0.742228 0.569673 0.884852 1 7 1.000000
  7 -2.145392 11.068442 3.829407 -0.115044 0.861438 -0.494661 0.534235 0.821433 1 7 1.000000
  7 -1.600844 11.525004 5.325478 0.491185 0.711505 -0.502491 0.583760 0.807187 1 7 1.000000
..\..\..\Desktop\General\noesis\dk_body
  7 -1.600844 11.525004 5.325478 0.491185 0.711505 -0.502491 0.583760 0.807187 1 7 1.000000
  7 -0.607468 12.613247 5.547555 0.162547 0.818315 -0.551306 0.622244 0.869490 1 7 1.000000
  7 -1.287946 12.176605 4.258348 -0.163448 0.649909 -0.742228 0.569673 0.884852 1 7 1.000000
..\..\..\Desktop\General\noesis\dk_body
  7 -1.600844 11.525004 5.325478 0.491185 0.711505 -0.502491 0.583760 0.807187 1 7 1.000000
  7 -0.230229 12.223839 6.296692 0.761340 0.290959 0.579400 0.636264 0.838258 1 7 1.000000
  7 -0.607468 12.613247 5.547555 0.162547 0.818315 -0.551306 0.622244 0.869490 1 7 1.000000
..\..\..\Desktop\General\noesis\dk_body
  7 -0.000023 11.320280 6.301517 0.898591 -0.073472 -0.432593 0.635898 0.779064 1 7 1.000000
  7 -0.230229 12.223839 6.296692 0.761340 0.290959 0.579400 0.636264 0.838258 1 7 1.000000
  7 -1.600844 11.525004 5.325478 0.491185 0.711505 -0.502491 0.583760 0.807187 1 7 1.000000
..\..\..\Desktop\General\noesis\dk_body
  7 1.600436 11.525466 5.325518 0.471226 -0.703826 -0.531578 0.583760 0.807187 1 7 1.000000
  7 0.551604 12.592112 5.833646 0.487054 -0.764767 -0.421793 0.622244 0.869490 1 7 1.000000
  7 -0.000023 11.320280 6.301517 0.898591 -0.073472 -0.432593 0.635898 0.779064 1 7 1.000000
..\..\..\Desktop\General\noesis\dk_body
  7 0.551604 12.592112 5.833646 0.487054 -0.764767 -0.421793 0.622244 0.869490 1 7 1.000000
  7 -0.230229 12.223839 6.296692 0.761340 0.290959 0.579400 0.636264 0.838258 1 7 1.000000
  7 -0.000023 11.320280 6.301517 0.898591 -0.073472 -0.432593 0.635898 0.779064 1 7 1.000000
..\..\..\Desktop\General\noesis\dk_body
  7 1.287944 12.176565 4.258210 -0.158974 -0.650956 -0.742283 0.569673 0.884852 1 7 1.000000
  7 0.551604 12.592112 5.833646 0.487054 -0.764767 -0.421793 0.622244 0.869490 1 7 1.000000
  7 1.600436 11.525466 5.325518 0.471226 -0.703826 -0.531578 0.583760 0.807187 1 7 1.000000
..\..\..\Desktop\General\noesis\dk_body
  7 0.865858 10.793572 6.407403 0.724872 -0.397650 -0.562526 0.609621 0.741485 1 7 1.000000
  7 1.600436 11.525466 5.325518 0.471226 -0.703826 -0.531578 0.583760 0.807187 1 7 1.000000
  7 -0.000023 11.320280 6.301517 0.898591 -0.073472 -0.432593 0.635898 0.779064 1 7 1.000000
..\..\..\Desktop\General\noesis\dk_body
  7 -0.000019 10.322060 7.088570 0.856623 -0.000000 -0.515944 0.640409 0.696888 1 7 1.000000
  7 0.865858 10.793572 6.407403 0.724872 -0.397650 -0.562526 0.609621 0.741485 1 7 1.000000
  7 -0.000023 11.320280 6.301517 0.898591 -0.073472 -0.432593 0.635898 0.779064 1 7 1.000000
..\..\..\Desktop\General\noesis\dk_body
  7 -0.000019 10.322060 7.088570 0.856623 -0.000000 -0.515944 0.640409 0.696888 1 7 1.000000
  7 -0.000023 11.320280 6.301517 0.898591 -0.073472 -0.432593 0.635898 0.779064 1 7 1.000000
  7 -0.865900 10.793566 6.407403 0.724846 0.397660 -0.562552 0.609621 0.741485 1 7 1.000000
..\..\..\Desktop\General\noesis\dk_body
  7 -0.865900 10.793566 6.407403 0.724846 0.397660 -0.562552 0.609621 0.741485 1 7 1.000000
  7 -0.000023 11.320280 6.301517 0.898591 -0.073472 -0.432593 0.635898 0.779064 1 7 1.000000
  7 -1.600844 11.525004 5.325478 0.491185 0.711505 -0.502491 0.583760 0.807187 1 7 1.000000
..\..\..\Desktop\General\noesis\dk_body
  7 -2.145392 11.068442 3.829407 -0.115044 0.861438 -0.494661 0.534235 0.821433 1 7 1.000000
  7 -2.251060 10.617191 4.927882 0.215283 0.940517 -0.262834 0.556408 0.758849 1 7 1.000000
  7 -1.600844 11.525004 5.325478 0.491185 0.711505 -0.502491 0.583760 0.807187 1 7 1.000000
..\..\..\Desktop\General\noesis\dk_body
  7 -2.251060 10.617191 4.927882 0.215283 0.940517 -0.262834 0.556408 0.758849 1 7 1.000000
  7 -2.145392 11.068442 3.829407 -0.115044 0.861438 -0.494661 0.534235 0.821433 1 7 1.000000
  7 -2.459738 9.845592 3.493596 -0.349832 0.921436 -0.169034 0.503073 0.765102 1 7 1.000000
..\..\..\Desktop\General\noesis\dk_body
  7 -2.459738 9.845592 3.493596 -0.349832 0.921436 -0.169034 0.503073 0.765102 1 7 1.000000
  7 -2.421027 9.724319 4.435434 0.376208 0.915880 -0.140112 0.525855 0.728686 1 7 1.000000
  7 -2.251060 10.617191 4.927882 0.215283 0.940517 -0.262834 0.556408 0.758849 1 7 1.000000
..\..\..\Desktop\General\noesis\dk_body
  7 1.832460 10.555246 5.858291 0.576409 -0.781094 -0.240095 0.299600 0.862918 1 7 1.000000
  7 1.600436 11.525466 5.325518 0.471226 -0.703826 -0.531578 0.299376 0.984553 1 7 1.000000
  7 0.865858 10.793572 6.407403 0.724872 -0.397650 -0.562526 0.351846 0.888124 1 7 1.000000
..\..\..\Desktop\General\noesis\dk_body
  7 1.832460 10.555246 5.858291 0.576409 -0.781094 -0.240095 0.299600 0.862918 1 7 1.000000
  7 2.251019 10.617218 4.927882 0.215285 -0.940510 -0.262855 0.249390 0.897060 1 7 1.000000
  7 1.600436 11.525466 5.325518 0.471226 -0.703826 -0.531578 0.299376 0.984553 1 7 1.000000
..\..\..\Desktop\General\noesis\dk_body
  7 2.216543 9.697279 5.283774 0.430677 -0.900355 0.062275 0.252386 0.756560 1 7 1.000000
  7 2.251019 10.617218 4.927882 0.215285 -0.940510 -0.262855 0.249390 0.897060 1 7 1.000000
  7 1.832460 10.555246 5.858291 0.576409 -0.781094 -0.240095 0.299600 0.862918 1 7 1.000000
..\..\..\Desktop\General\noesis\dk_body
  7 1.727893 9.811903 5.880836 0.577382 -0.808139 0.116371 0.294506 0.764408 1 7 1.000000
  7 2.216543 9.697279 5.283774 0.430677 -0.900355 0.062275 0.252386 0.756560 1 7 1.000000
  7 1.832460 10.555246 5.858291 0.576409 -0.781094 -0.240095 0.299600 0.862918 1 7 1.000000
..\..\..\Desktop\General\noesis\dk_body
  7 1.389528 8.312149 6.348165 0.528882 -0.844820 0.081015 0.301733 0.564590 1 7 1.000000
  7 2.216543 9.697279 5.283774 0.430677 -0.900355 0.062275 0.252386 0.756560 1 7 1.000000
  7 1.727893 9.811903 5.880836 0.577382 -0.808139 0.116371 0.294506 0.764408 1 7 1.000000
..\..\..\Desktop\General\noesis\dk_body
  7 1.389528 8.312149 6.348165 0.528882 -0.844820 0.081015 0.301733 0.564590 1 7 1.000000
  7 1.926288 8.182976 4.963924 0.394851 -0.840214 0.371662 0.210554 0.579922 1 7 1.000000
  7 2.216543 9.697279 5.283774 0.430677 -0.900355 0.062275 0.252386 0.756560 1 7 1.000000
..\..\..\Desktop\General\noesis\dk_body
  7 2.420993 9.724354 4.435434 0.376208 -0.915880 -0.140112 0.210266 0.784601 1 7 1.000000
  7 2.216543 9.697279 5.283774 0.430677 -0.900355 0.062275 0.252386 0.756560 1 7 1.000000
  7 1.926288 8.182976 4.963924 0.394851 -0.840214 0.371662 0.210554 0.579922 1 7 1.000000
..\..\..\Desktop\General\noesis\dk_body
  7 2.420993 9.724354 4.435434 0.376208 -0.915880 -0.140112 0.210266 0.784601 1 7 1.000000
  7 2.251019 10.617218 4.927882 0.215285 -0.940510 -0.262855 0.249390 0.897060 1 7 1.000000
  7 2.216543 9.697279 5.283774 0.430677 -0.900355 0.062275 0.252386 0.756560 1 7 1.000000
..\..\..\Desktop\General\noesis\dk_body
  7 1.217843 9.743375 6.929894 0.764864 -0.644121 0.009530 0.339759 0.755893 1 7 1.000000
  7 1.832460 10.555246 5.858291 0.576409 -0.781094 -0.240095 0.299600 0.862918 1 7 1.000000
  7 0.865858 10.793572 6.407403 0.724872 -0.397650 -0.562526 0.351846 0.888124 1 7 1.000000
..\..\..\Desktop\General\noesis\dk_body
  7 1.832460 10.555246 5.858291 0.576409 -0.781094 -0.240095 0.299600 0.862918 1 7 1.000000
  7 1.217843 9.743375 6.929894 0.764864 -0.644121 0.009530 0.339759 0.755893 1 7 1.000000
  7 1.727893 9.811903 5.880836 0.577382 -0.808139 0.116371 0.294506 0.764408 1 7 1.000000
..\..\..\Desktop\General\noesis\dk_body
  7 1.727893 9.811903 5.880836 0.577382 -0.808139 0.116371 0.294506 0.764408 1 7 1.000000
  7 1.217843 9.743375 6.929894 0.764864 -0.644121 0.009530 0.339759 0.755893 1 7 1.000000
  7 0.930977 9.349274 6.709642 0.503570 -0.477772 0.719827 0.335212 0.703647 1 7 1.000000
..\..\..\Desktop\General\noesis\dk_body
  7 -0.000019 10.322060 7.088570 0.856623 -0.000000 -0.515944 0.407912 0.838120 1 7 1.000000
  7 1.217843 9.743375 6.929894 0.764864 -0.644121 0.009530 0.339759 0.755893 1 7 1.000000
  7 0.865858 10.793572 6.407403 0.724872 -0.397650 -0.562526 0.351846 0.888124 1 7 1.000000
..\..\..\Desktop\General\noesis\dk_body
  7 -0.000016 9.482446 7.430144 0.886702 -0.000000 0.462342 0.407912 0.713408 1 7 1.000000
  7 1.217843 9.743375 6.929894 0.764864 -0.644121 0.009530 0.339759 0.755893 1 7 1.000000
  7 -0.000019 10.322060 7.088570 0.856623 -0.000000 -0.515944 0.407912 0.838120 1 7 1.000000
..\..\..\Desktop\General\noesis\dk_body
  7 1.217843 9.743375 6.929894 0.764864 -0.644121 0.009530 0.339759 0.755893 1 7 1.000000
  7 -0.000016 9.482446 7.430144 0.886702 -0.000000 0.462342 0.407912 0.713408 1 7 1.000000
  7 0.930977 9.349274 6.709642 0.503570 -0.477772 0.719827 0.335212 0.703647 1 7 1.000000
..\..\..\Desktop\General\noesis\dk_body
  7 0.930977 9.349274 6.709642 0.503570 -0.477772 0.719827 0.335212 0.703647 1 7 1.000000
  7 -0.000016 9.482446 7.430144 0.886702 -0.000000 0.462342 0.407912 0.713408 1 7 1.000000
  7 -0.000015 9.203386 7.022100 0.564523 -0.000000 0.825417 0.407912 0.675397 1 7 1.000000
..\..\..\Desktop\General\noesis\dk_body
  7 -0.931009 9.349260 6.709642 0.503571 0.477772 0.719827 0.335212 0.703647 1 7 1.000000
  7 -0.000015 9.203386 7.022100 0.564523 -0.000000 0.825417 0.407912 0.675397 1 7 1.000000
  7 -0.000016 9.482446 7.430144 0.886702 -0.000000 0.462342 0.407912 0.713408 1 7 1.000000
..\..\..\Desktop\General\noesis\dk_body
  7 -1.217877 9.743358 6.929894 0.764864 0.644121 0.009530 0.339759 0.755893 1 7 1.000000
  7 -0.931009 9.349260 6.709642 0.503571 0.477772 0.719827 0.335212 0.703647 1 7 1.000000
  7 -0.000016 9.482446 7.430144 0.886702 -0.000000 0.462342 0.407912 0.713408 1 7 1.000000
..\..\..\Desktop\General\noesis\dk_body
  7 -0.000016 9.482446 7.430144 0.886702 -0.000000 0.462342 0.407912 0.713408 1 7 1.000000
  7 -0.000019 10.322060 7.088570 0.856623 -0.000000 -0.515944 0.407912 0.838120 1 7 1.000000
  7 -1.217877 9.743358 6.929894 0.764864 0.644121 0.009530 0.339759 0.755893 1 7 1.000000
..\..\..\Desktop\General\noesis\dk_body
  7 -1.727928 9.811878 5.880836 0.577382 0.808139 0.116371 0.294506 0.764408 1 7 1.000000
  7 -0.931009 9.349260 6.709642 0.503571 0.477772 0.719827 0.335212 0.703647 1 7 1.000000
  7 -1.217877 9.743358 6.929894 0.764864 0.644121 0.009530 0.339759 0.755893 1 7 1.000000
..\..\..\Desktop\General\noesis\dk_body
  7 -1.832500 10.555213 5.858291 0.576405 0.781098 -0.240090 0.299600 0.862918 1 7 1.000000
  7 -1.727928 9.811878 5.880836 0.577382 0.808139 0.116371 0.294506 0.764408 1 7 1.000000
  7 -1.217877 9.743358 6.929894 0.764864 0.644121 0.009530 0.339759 0.755893 1 7 1.000000
..\..\..\Desktop\General\noesis\dk_body
  7 -1.727928 9.811878 5.880836 0.577382 0.808139 0.116371 0.294506 0.764408 1 7 1.000000
  7 -1.832500 10.555213 5.858291 0.576405 0.781098 -0.240090 0.299600 0.862918 1 7 1.000000
  7 -2.216577 9.697247 5.283774 0.430677 0.900355 0.062275 0.252386 0.756560 1 7 1.000000
..\..\..\Desktop\General\noesis\dk_body
  7 -1.389552 8.312129 6.348165 0.528882 0.844820 0.081015 0.301733 0.564590 1 7 1.000000
  7 -1.727928 9.811878 5.880836 0.577382 0.808139 0.116371 0.294506 0.764408 1 7 1.000000
  7 -2.216577 9.697247 5.283774 0.430677 0.900355 0.062275 0.252386 0.756560 1 7 1.000000
..\..\..\Desktop\General\noesis\dk_body
  7 -1.389552 8.312129 6.348165 0.528882 0.844820 0.081015 0.301733 0.564590 1 7 1.000000
  7 -2.216577 9.697247 5.283774 0.430677 0.900355 0.062275 0.252386 0.756560 1 7 1.000000
  7 -1.926312 8.182947 4.963924 0.394851 0.840214 0.371662 0.210554 0.579922 1 7 1.000000
..\..\..\Desktop\General\noesis\dk_body
  7 -2.421027 9.724319 4.435434 0.376208 0.915880 -0.140112 0.210266 0.784601 1 7 1.000000
  7 -1.926312 8.182947 4.963924 0.394851 0.840214 0.371662 0.210554 0.579922 1 7 1.000000
  7 -2.216577 9.697247 5.283774 0.430677 0.900355 0.062275 0.252386 0.756560 1 7 1.000000
..\..\..\Desktop\General\noesis\dk_body
  7 -2.216577 9.697247 5.283774 0.430677 0.900355 0.062275 0.252386 0.756560 1 7 1.000000
  7 -1.832500 10.555213 5.858291 0.576405 0.781098 -0.240090 0.299600 0.862918 1 7 1.000000
  7 -2.251060 10.617191 4.927882 0.215283 0.940517 -0.262834 0.249390 0.897060 1 7 1.000000
..\..\..\Desktop\General\noesis\dk_body
  7 -2.421027 9.724319 4.435434 0.376208 0.915880 -0.140112 0.210266 0.784601 1 7 1.000000
  7 -2.216577 9.697247 5.283774 0.430677 0.900355 0.062275 0.252386 0.756560 1 7 1.000000
  7 -2.251060 10.617191 4.927882 0.215283 0.940517 -0.262834 0.249390 0.897060 1 7 1.000000
..\..\..\Desktop\General\noesis\dk_body
  7 -1.832500 10.555213 5.858291 0.576405 0.781098 -0.240090 0.299600 0.862918 1 7 1.000000
  7 -1.600844 11.525004 5.325478 0.491185 0.711505 -0.502491 0.299376 0.984553 1 7 1.000000
  7 -2.251060 10.617191 4.927882 0.215283 0.940517 -0.262834 0.249390 0.897060 1 7 1.000000
..\..\..\Desktop\General\noesis\dk_body
  7 -1.832500 10.555213 5.858291 0.576405 0.781098 -0.240090 0.299600 0.862918 1 7 1.000000
  7 -0.865900 10.793566 6.407403 0.724846 0.397660 -0.562552 0.351846 0.888124 1 7 1.000000
  7 -1.600844 11.525004 5.325478 0.491185 0.711505 -0.502491 0.299376 0.984553 1 7 1.000000
..\..\..\Desktop\General\noesis\dk_body
  7 -0.000019 10.322060 7.088570 0.856623 -0.000000 -0.515944 0.407912 0.838120 1 7 1.000000
  7 -0.865900 10.793566 6.407403 0.724846 0.397660 -0.562552 0.351846 0.888124 1 7 1.000000
  7 -1.217877 9.743358 6.929894 0.764864 0.644121 0.009530 0.339759 0.755893 1 7 1.000000
..\..\..\Desktop\General\noesis\dk_body
  7 -1.217877 9.743358 6.929894 0.764864 0.644121 0.009530 0.339759 0.755893 1 7 1.000000
  7 -0.865900 10.793566 6.407403 0.724846 0.397660 -0.562552 0.351846 0.888124 1 7 1.000000
  7 -1.832500 10.555213 5.858291 0.576405 0.781098 -0.240090 0.299600 0.862918 1 7 1.000000
..\..\..\Desktop\General\noesis\dk_body
  7 -0.000028 12.625550 3.843027 -0.611312 -0.021158 -0.791107 0.568664 0.978715 1 7 1.000000
  7 0.435233 12.829751 4.564308 -0.058468 -0.556277 -0.828937 0.592537 0.934757 1 7 1.000000
  7 1.287944 12.176565 4.258210 -0.158974 -0.650956 -0.742283 0.569673 0.884852 1 7 1.000000
..\..\..\Desktop\General\noesis\dk_body
  7 0.551604 12.592112 5.833646 0.487054 -0.764767 -0.421793 0.622244 0.869490 1 7 1.000000
  7 1.287944 12.176565 4.258210 -0.158974 -0.650956 -0.742283 0.569673 0.884852 1 7 1.000000
  7 0.435233 12.829751 4.564308 -0.058468 -0.556277 -0.828937 0.592537 0.934757 1 7 1.000000
..\..\..\Desktop\General\noesis\dk_body
  7 0.435233 12.829751 4.564308 -0.058468 -0.556277 -0.828937 0.592537 0.934757 1 7 1.000000
  7 -0.000030 13.153250 5.674859 0.074104 0.005707 -0.997234 0.632621 0.915242 1 7 1.000000
  7 0.551604 12.592112 5.833646 0.487054 -0.764767 -0.421793 0.622244 0.869490 1 7 1.000000
..\..\..\Desktop\General\noesis\dk_body
  7 -0.607468 12.613247 5.547555 0.162547 0.818315 -0.551306 0.622244 0.869490 1 7 1.000000
  7 -0.435289 12.829738 4.564308 -0.067669 0.493592 -0.867057 0.592537 0.934757 1 7 1.000000
  7 -1.287946 12.176605 4.258348 -0.163448 0.649909 -0.742228 0.569673 0.884852 1 7 1.000000
..\..\..\Desktop\General\noesis\dk_body
  7 -0.435289 12.829738 4.564308 -0.067669 0.493592 -0.867057 0.592537 0.934757 1 7 1.000000
  7 -0.607468 12.613247 5.547555 0.162547 0.818315 -0.551306 0.622244 0.869490 1 7 1.000000
  7 -0.000030 13.153250 5.674859 0.074104 0.005707 -0.997234 0.632621 0.915242 1 7 1.000000
..\..\..\Desktop\General\noesis\dk_body
  7 0.435233 12.829751 4.564308 -0.058468 -0.556277 -0.828937 0.592537 0.934757 1 7 1.000000
  7 -0.435289 12.829738 4.564308 -0.067669 0.493592 -0.867057 0.592537 0.934757 1 7 1.000000
  7 -0.000030 13.153250 5.674859 0.074104 0.005707 -0.997234 0.632621 0.915242 1 7 1.000000
..\..\..\Desktop\General\noesis\dk_body
  7 -0.000028 12.625550 3.843027 -0.611312 -0.021158 -0.791107 0.568664 0.978715 1 7 1.000000
  7 -1.287946 12.176605 4.258348 -0.163448 0.649909 -0.742228 0.569673 0.884852 1 7 1.000000
  7 -0.435289 12.829738 4.564308 -0.067669 0.493592 -0.867057 0.592537 0.934757 1 7 1.000000
..\..\..\Desktop\General\noesis\dk_body
  7 0.158399 13.352970 4.259731 -0.199061 -0.124099 -0.972098 0.593964 0.985985 1 7 1.000000
  7 -0.435289 12.829738 4.564308 -0.067669 0.493592 -0.867057 0.592537 0.934757 1 7 1.000000
  7 0.435233 12.829751 4.564308 -0.058468 -0.556277 -0.828937 0.592537 0.934757 1 7 1.000000
..\..\..\Desktop\General\noesis\dk_body
  7 -0.435289 12.829738 4.564308 -0.067669 0.493592 -0.867057 0.592537 0.934757 1 7 1.000000
  7 0.158399 13.352970 4.259731 -0.199061 -0.124099 -0.972098 0.593964 0.985985 1 7 1.000000
  7 -0.000028 12.625550 3.843027 -0.611312 -0.021158 -0.791107 0.568664 0.978715 1 7 1.000000
..\..\..\Desktop\General\noesis\dk_body
  7 0.435233 12.829751 4.564308 -0.058468 -0.556277 -0.828937 0.592537 0.934757 1 7 1.000000
  7 -0.000028 12.625550 3.843027 -0.611312 -0.021158 -0.791107 0.568664 0.978715 1 7 1.000000
  7 0.158399 13.352970 4.259731 -0.199061 -0.124099 -0.972098 0.593964 0.985985 1 7 1.000000
..\..\..\Desktop\General\noesis\dk_body
  7 -0.607468 12.613247 5.547555 0.162547 0.818315 -0.551306 0.622244 0.869490 1 7 1.000000
  7 -0.630700 12.736958 6.542916 0.199045 0.860585 -0.468801 0.646575 0.870053 1 7 1.000000
  7 -0.000030 13.153250 5.674859 0.074104 0.005707 -0.997234 0.632621 0.915242 1 7 1.000000
..\..\..\Desktop\General\noesis\dk_body
  7 -0.630700 12.736958 6.542916 0.199045 0.860585 -0.468801 0.646575 0.870053 1 7 1.000000
  7 -0.607468 12.613247 5.547555 0.162547 0.818315 -0.551306 0.622244 0.869490 1 7 1.000000
  7 -0.230229 12.223839 6.296692 0.761340 0.290959 0.579400 0.636264 0.838258 1 7 1.000000
..\..\..\Desktop\General\noesis\dk_body
  7 -0.630700 12.736958 6.542916 0.199045 0.860585 -0.468801 0.646575 0.870053 1 7 1.000000
  7 -0.230229 12.223839 6.296692 0.761340 0.290959 0.579400 0.636264 0.838258 1 7 1.000000
  7 -0.759527 11.776867 7.198400 0.699581 0.268034 0.662378 0.652875 0.789499 1 7 1.000000
..\..\..\Desktop\General\noesis\dk_body
  7 0.089818 12.725430 6.698936 0.710154 -0.629779 -0.314737 0.646575 0.870053 1 7 1.000000
  7 -0.230229 12.223839 6.296692 0.761340 0.290959 0.579400 0.636264 0.838258 1 7 1.000000
  7 0.551604 12.592112 5.833646 0.487054 -0.764767 -0.421793 0.622244 0.869490 1 7 1.000000
..\..\..\Desktop\General\noesis\dk_body
  7 0.551604 12.592112 5.833646 0.487054 -0.764767 -0.421793 0.622244 0.869490 1 7 1.000000
  7 -0.000030 13.153250 5.674859 0.074104 0.005707 -0.997234 0.632621 0.915242 1 7 1.000000
  7 0.089818 12.725430 6.698936 0.710154 -0.629779 -0.314737 0.646575 0.870053 1 7 1.000000
..\..\..\Desktop\General\noesis\dk_body
  7 0.089818 12.725430 6.698936 0.710154 -0.629779 -0.314737 0.646575 0.870053 1 7 1.000000
  7 -0.759527 11.776867 7.198400 0.699581 0.268034 0.662378 0.652875 0.789499 1 7 1.000000
  7 -0.230229 12.223839 6.296692 0.761340 0.290959 0.579400 0.636264 0.838258 1 7 1.000000
..\..\..\Desktop\General\noesis\dk_body
  7 -0.000030 13.153250 5.674859 0.074104 0.005707 -0.997234 0.632621 0.915242 1 7 1.000000
  7 -0.630700 12.736958 6.542916 0.199045 0.860585 -0.468801 0.649151 0.870516 1 7 1.000000
  7 0.089818 12.725430 6.698936 0.710154 -0.629779 -0.314737 0.646575 0.870053 1 7 1.000000
..\..\..\Desktop\General\noesis\dk_body
  7 0.089818 12.725430 6.698936 0.710154 -0.629779 -0.314737 0.646575 0.870053 1 7 1.000000
  7 -0.630700 12.736958 6.542916 0.199045 0.860585 -0.468801 0.649151 0.870516 1 7 1.000000
  7 -0.759527 11.776867 7.198400 0.699581 0.268034 0.662378 0.652875 0.789499 1 7 1.000000
..\..\..\Desktop\General\noesis\dk_body
  7 1.989454 6.741961 7.243334 -0.011690 0.012120 0.999858 0.166922 0.845020 1 7 1.000000
  7 -0.000007 6.853335 8.896334 0.038251 -0.000000 0.999268 0.155111 0.901010 1 7 1.000000
  7 -1.989466 6.741932 7.243334 -0.011690 -0.012120 0.999858 0.166922 0.957000 1 7 1.000000
..\..\..\Desktop\General\noesis\dk_body
  7 1.989454 6.741961 7.243334 -0.011690 0.012120 0.999858 0.166922 0.845020 1 7 1.000000
  7 -1.989466 6.741932 7.243334 -0.011690 -0.012120 0.999858 0.166922 0.957000 1 7 1.000000
  7 -2.698817 6.950183 5.602414 -0.125901 -0.000000 0.992043 0.178471 0.976964 1 7 1.000000
..\..\..\Desktop\General\noesis\dk_body
  7 2.698803 6.950222 5.602414 -0.125901 -0.000000 0.992043 0.178471 0.825057 1 7 1.000000
  7 1.989454 6.741961 7.243334 -0.011690 0.012120 0.999858 0.166922 0.845020 1 7 1.000000
  7 -2.698817 6.950183 5.602414 -0.125901 -0.000000 0.992043 0.178471 0.976964 1 7 1.000000
..\..\..\Desktop\General\noesis\dk_body
  3 -13.928593 8.471478 2.172319 -0.090809 0.453234 -0.886754 0.057602 0.492567 1 3 1.000000
  3 -15.426713 8.785515 2.071258 0.270273 0.650163 -0.710099 0.007784 0.491521 1 3 1.000000
  3 -13.941063 6.970382 2.636943 -0.052192 -0.169981 -0.984064 0.066470 0.416533 1 3 1.000000
..\..\..\Desktop\General\noesis\dk_body
  3 -13.928593 8.471478 2.172319 -0.090809 0.453234 -0.886754 0.057602 0.492567 1 3 1.000000
  3 -13.941063 6.970382 2.636943 -0.052192 -0.169981 -0.984064 0.066470 0.416533 1 3 1.000000
  3 -11.835593 8.497022 1.812259 -0.466546 0.514316 -0.719593 0.125573 0.512040 1 3 1.000000
..\..\..\Desktop\General\noesis\dk_body
  3 -13.007063 6.481216 1.849764 -0.550782 -0.775685 -0.308142 0.101546 0.371664 1 3 1.000000
  3 -11.835593 8.497022 1.812259 -0.466546 0.514316 -0.719593 0.125573 0.512040 1 3 1.000000
  3 -13.941063 6.970382 2.636943 -0.052192 -0.169981 -0.984064 0.066470 0.416533 1 3 1.000000
..\..\..\Desktop\General\noesis\dk_body
  3 -13.941063 6.970382 2.636943 -0.052192 -0.169981 -0.984064 0.066470 0.416533 1 3 1.000000
  3 -14.328663 5.899977 1.777585 0.151080 -0.913446 -0.377877 0.061664 0.354002 1 3 1.000000
  3 -13.007063 6.481216 1.849764 -0.550782 -0.775685 -0.308142 0.101546 0.371664 1 3 1.000000
..\..\..\Desktop\General\noesis\dk_body
  3 -15.742173 6.987247 1.955533 0.766506 -0.240676 -0.595436 0.007784 0.369975 1 3 1.000000
  3 -14.328663 5.899977 1.777585 0.151080 -0.913446 -0.377877 0.061664 0.354002 1 3 1.000000
  3 -13.941063 6.970382 2.636943 -0.052192 -0.169981 -0.984064 0.066470 0.416533 1 3 1.000000
..\..\..\Desktop\General\noesis\dk_body
  3 -13.941063 6.970382 2.636943 -0.052192 -0.169981 -0.984064 0.066470 0.416533 1 3 1.000000
  3 -15.426713 8.785515 2.071258 0.270273 0.650163 -0.710099 0.007784 0.491521 1 3 1.000000
  3 -15.742173 6.987247 1.955533 0.766506 -0.240676 -0.595436 0.007784 0.369975 1 3 1.000000
..\..\..\Desktop\General\noesis\dk_body
  3 -15.742173 6.987247 1.955533 0.766506 -0.240676 -0.595436 0.007784 0.369975 1 3 1.000000
  3 -16.152224 6.823900 0.463861 0.834011 -0.551703 0.007004 0.007784 0.257424 1 3 1.000000
  3 -14.328663 5.899977 1.777585 0.151080 -0.913446 -0.377877 0.061664 0.354002 1 3 1.000000
..\..\..\Desktop\General\noesis\dk_body
  3 -14.328663 5.899977 1.777585 0.151080 -0.913446 -0.377877 0.061664 0.354002 1 3 1.000000
  3 -16.152224 6.823900 0.463861 0.834011 -0.551703 0.007004 0.007784 0.257424 1 3 1.000000
  3 -14.404913 6.150960 -0.796665 -0.046619 -0.869644 0.491474 0.056473 0.160965 1 3 1.000000
..\..\..\Desktop\General\noesis\dk_body
  3 -14.328663 5.899977 1.777585 0.151080 -0.913446 -0.377877 0.061664 0.354002 1 3 1.000000
  3 -14.404913 6.150960 -0.796665 -0.046619 -0.869644 0.491474 0.056473 0.160965 1 3 1.000000
  3 -13.007063 6.481216 1.849764 -0.550782 -0.775685 -0.308142 0.101546 0.371664 1 3 1.000000
..\..\..\Desktop\General\noesis\dk_body
  3 -13.007063 6.481216 1.849764 -0.550782 -0.775685 -0.308142 0.101546 0.371664 1 3 1.000000
  3 -14.404913 6.150960 -0.796665 -0.046619 -0.869644 0.491474 0.056473 0.160965 1 3 1.000000
  3 -12.194783 7.682235 -1.223949 -0.566901 -0.354036 0.743830 0.137443 0.120023 1 3 1.000000
..\..\..\Desktop\General\noesis\dk_body
  3 -11.835593 8.497022 1.812259 -0.466546 0.514316 -0.719593 0.125573 0.512040 1 3 1.000000
  3 -13.007063 6.481216 1.849764 -0.550782 -0.775685 -0.308142 0.101546 0.371664 1 3 1.000000
  3 -10.971593 7.809519 0.314620 -0.988856 -0.144487 0.035883 0.181796 0.354709 1 3 1.000000
..\..\..\Desktop\General\noesis\dk_body
  3 -10.971593 7.809519 0.314620 -0.988856 -0.144487 0.035883 0.181796 0.354709 1 3 1.000000
  3 -13.007063 6.481216 1.849764 -0.550782 -0.775685 -0.308142 0.101546 0.371664 1 3 1.000000
  3 -12.194783 7.682235 -1.223949 -0.566901 -0.354036 0.743830 0.137443 0.120023 1 3 1.000000
..\..\..\Desktop\General\noesis\dk_body
  3 -14.404913 6.150960 -0.796665 -0.046619 -0.869644 0.491474 0.056473 0.160965 1 3 1.000000
  3 -16.152224 6.823900 0.463861 0.834011 -0.551703 0.007004 0.007784 0.257424 1 3 1.000000
  3 -15.696873 6.967649 -1.248167 0.662773 -0.238661 0.709769 0.007784 0.123735 1 3 1.000000
..\..\..\Desktop\General\noesis\dk_body
  3 -15.696873 6.967649 -1.248167 0.662773 -0.238661 0.709769 0.007784 0.123735 1 3 1.000000
  3 -13.744773 8.230368 -1.580981 -0.095526 0.114724 0.988794 0.087322 0.054315 1 3 1.000000
  3 -14.404913 6.150960 -0.796665 -0.046619 -0.869644 0.491474 0.056473 0.160965 1 3 1.000000
..\..\..\Desktop\General\noesis\dk_body
  3 -14.404913 6.150960 -0.796665 -0.046619 -0.869644 0.491474 0.056473 0.160965 1 3 1.000000
  3 -13.744773 8.230368 -1.580981 -0.095526 0.114724 0.988794 0.087322 0.054315 1 3 1.000000
  3 -12.194783 7.682235 -1.223949 -0.566901 -0.354036 0.743830 0.137443 0.120023 1 3 1.000000
..\..\..\Desktop\General\noesis\dk_body
  3 -15.696873 6.967649 -1.248167 0.662773 -0.238661 0.709769 0.007784 0.123735 1 3 1.000000
  3 -15.349103 8.573537 -1.312221 0.320079 0.713767 0.622966 0.007784 0.022379 1 3 1.000000
  3 -13.744773 8.230368 -1.580981 -0.095526 0.114724 0.988794 0.087322 0.054315 1 3 1.000000
..\..\..\Desktop\General\noesis\dk_body
  3 -13.879943 9.309756 0.467931 0.029404 0.997716 -0.060820 0.075602 0.749258 1 3 1.000000
  3 -15.782022 8.988634 0.441976 0.846452 0.531557 0.031066 0.074094 0.872892 1 3 1.000000
  3 -15.426713 8.785515 2.071258 0.270273 0.650163 -0.710099 0.007375 0.872892 1 3 1.000000
..\..\..\Desktop\General\noesis\dk_body
  3 -15.426713 8.785515 2.071258 0.270273 0.650163 -0.710099 0.007375 0.872892 1 3 1.000000
  3 -11.835593 8.497022 1.812259 -0.466546 0.514316 -0.719593 0.007375 0.590568 1 3 1.000000
  3 -13.879943 9.309756 0.467931 0.029404 0.997716 -0.060820 0.075602 0.749258 1 3 1.000000
..\..\..\Desktop\General\noesis\dk_body
  3 -15.426713 8.785515 2.071258 0.270273 0.650163 -0.710099 0.007375 0.872892 1 3 1.000000
  3 -13.928593 8.471478 2.172319 -0.090809 0.453234 -0.886754 0.007375 0.755299 1 3 1.000000
  3 -11.835593 8.497022 1.812259 -0.466546 0.514316 -0.719593 0.007375 0.590568 1 3 1.000000
..\..\..\Desktop\General\noesis\dk_body
  3 -15.782022 8.988634 0.441976 0.846452 0.531557 0.031066 0.074094 0.872892 1 3 1.000000
  3 -15.742173 6.987247 1.955533 0.766506 -0.240676 -0.595436 0.007375 0.986139 1 3 1.000000
  3 -15.426713 8.785515 2.071258 0.270273 0.650163 -0.710099 0.007375 0.872892 1 3 1.000000
..\..\..\Desktop\General\noesis\dk_body
  3 -16.152224 6.823900 0.463861 0.834011 -0.551703 0.007004 0.072074 0.986139 1 3 1.000000
  3 -15.742173 6.987247 1.955533 0.766506 -0.240676 -0.595436 0.007375 0.986139 1 3 1.000000
  3 -15.782022 8.988634 0.441976 0.846452 0.531557 0.031066 0.074094 0.872892 1 3 1.000000
..\..\..\Desktop\General\noesis\dk_body
  3 -15.782022 8.988634 0.441976 0.846452 0.531557 0.031066 0.074094 0.872892 1 3 1.000000
  3 -15.696873 6.967649 -1.248167 0.662773 -0.238661 0.709769 0.138952 0.986139 1 3 1.000000
  3 -16.152224 6.823900 0.463861 0.834011 -0.551703 0.007004 0.072074 0.986139 1 3 1.000000
..\..\..\Desktop\General\noesis\dk_body
  3 -13.879943 9.309756 0.467931 0.029404 0.997716 -0.060820 0.075602 0.749258 1 3 1.000000
  3 -15.349103 8.573537 -1.312221 0.320079 0.713767 0.622966 0.145718 0.872892 1 3 1.000000
  3 -15.782022 8.988634 0.441976 0.846452 0.531557 0.031066 0.074094 0.872892 1 3 1.000000
..\..\..\Desktop\General\noesis\dk_body
  3 -15.349103 8.573537 -1.312221 0.320079 0.713767 0.622966 0.145718 0.872892 1 3 1.000000
  3 -15.696873 6.967649 -1.248167 0.662773 -0.238661 0.709769 0.138952 0.986139 1 3 1.000000
  3 -15.782022 8.988634 0.441976 0.846452 0.531557 0.031066 0.074094 0.872892 1 3 1.000000
..\..\..\Desktop\General\noesis\dk_body
  3 -15.349103 8.573537 -1.312221 0.320079 0.713767 0.622966 0.145718 0.872892 1 3 1.000000
  3 -13.879943 9.309756 0.467931 0.029404 0.997716 -0.060820 0.075602 0.749258 1 3 1.000000
  3 -11.969203 9.224268 -0.209114 -0.411633 0.825442 0.386269 0.104638 0.602773 1 3 1.000000
..\..\..\Desktop\General\noesis\dk_body
  3 -11.835593 8.497022 1.812259 -0.466546 0.514316 -0.719593 0.007375 0.590568 1 3 1.000000
  3 -11.969203 9.224268 -0.209114 -0.411633 0.825442 0.386269 0.104638 0.602773 1 3 1.000000
  3 -13.879943 9.309756 0.467931 0.029404 0.997716 -0.060820 0.075602 0.749258 1 3 1.000000
..\..\..\Desktop\General\noesis\dk_body
  3 -11.969203 9.224268 -0.209114 -0.411633 0.825442 0.386269 0.104638 0.602773 1 3 1.000000
  3 -13.744773 8.230368 -1.580981 -0.095526 0.114724 0.988794 0.154520 0.766254 1 3 1.000000
  3 -15.349103 8.573537 -1.312221 0.320079 0.713767 0.622966 0.145718 0.872892 1 3 1.000000
..\..\..\Desktop\General\noesis\dk_body
  3 -13.744773 8.230368 -1.580981 -0.095526 0.114724 0.988794 0.154520 0.766254 1 3 1.000000
  3 -11.969203 9.224268 -0.209114 -0.411633 0.825442 0.386269 0.104638 0.602773 1 3 1.000000
  3 -12.194783 7.682235 -1.223949 -0.566901 -0.354036 0.743830 0.155192 0.623359 1 3 1.000000
..\..\..\Desktop\General\noesis\dk_body
  3 -11.835593 8.497022 1.812259 -0.466546 0.514316 -0.719593 0.007375 0.590568 1 3 1.000000
  3 -10.971593 7.809519 0.314620 -0.988856 -0.144487 0.035883 0.040480 0.527497 1 3 1.000000
  3 -11.969203 9.224268 -0.209114 -0.411633 0.825442 0.386269 0.104638 0.602773 1 3 1.000000
..\..\..\Desktop\General\noesis\dk_body
  3 -11.969203 9.224268 -0.209114 -0.411633 0.825442 0.386269 0.104638 0.602773 1 3 1.000000
  3 -10.971593 7.809519 0.314620 -0.988856 -0.144487 0.035883 0.040480 0.527497 1 3 1.000000
  3 -12.194783 7.682235 -1.223949 -0.566901 -0.354036 0.743830 0.155192 0.623359 1 3 1.000000
..\..\..\Desktop\General\noesis\dk_body
  0 15.696869 6.967755 -1.248170 0.662773 -0.238662 -0.709769 0.007784 0.123735 1 0 1.000000
  0 13.744759 8.230465 -1.580980 -0.095526 0.114724 -0.988794 0.087322 0.054315 1 0 1.000000
  0 15.349089 8.573645 -1.312220 0.320079 0.713767 -0.622966 0.007784 0.022379 1 0 1.000000
..\..\..\Desktop\General\noesis\dk_body
  0 15.696869 6.967755 -1.248170 0.662773 -0.238662 -0.709769 0.007784 0.123735 1 0 1.000000
  0 14.404909 6.151055 -0.796670 -0.046618 -0.869644 -0.491474 0.056473 0.160965 1 0 1.000000
  0 13.744759 8.230465 -1.580980 -0.095526 0.114724 -0.988794 0.087322 0.054315 1 0 1.000000
..\..\..\Desktop\General\noesis\dk_body
  0 14.404909 6.151055 -0.796670 -0.046618 -0.869644 -0.491474 0.056473 0.160965 1 0 1.000000
  0 15.696869 6.967755 -1.248170 0.662773 -0.238662 -0.709769 0.007784 0.123735 1 0 1.000000
  0 16.152218 6.824007 0.463858 0.834011 -0.551703 -0.007003 0.007784 0.257424 1 0 1.000000
..\..\..\Desktop\General\noesis\dk_body
  0 14.404909 6.151055 -0.796670 -0.046618 -0.869644 -0.491474 0.056473 0.160965 1 0 1.000000
  0 16.152218 6.824007 0.463858 0.834011 -0.551703 -0.007003 0.007784 0.257424 1 0 1.000000
  0 14.328669 5.900065 1.777580 0.151080 -0.913446 0.377878 0.061664 0.354002 1 0 1.000000
..\..\..\Desktop\General\noesis\dk_body
  0 14.328669 5.900065 1.777580 0.151080 -0.913446 0.377878 0.061664 0.354002 1 0 1.000000
  0 13.007059 6.481297 1.849760 -0.550782 -0.775685 0.308142 0.101546 0.371664 1 0 1.000000
  0 14.404909 6.151055 -0.796670 -0.046618 -0.869644 -0.491474 0.056473 0.160965 1 0 1.000000
..\..\..\Desktop\General\noesis\dk_body
  0 13.941059 6.970467 2.636940 -0.052191 -0.169981 0.984064 0.066470 0.416533 1 0 1.000000
  0 13.007059 6.481297 1.849760 -0.550782 -0.775685 0.308142 0.101546 0.371664 1 0 1.000000
  0 14.328669 5.900065 1.777580 0.151080 -0.913446 0.377878 0.061664 0.354002 1 0 1.000000
..\..\..\Desktop\General\noesis\dk_body
  0 13.007059 6.481297 1.849760 -0.550782 -0.775685 0.308142 0.101546 0.371664 1 0 1.000000
  0 13.941059 6.970467 2.636940 -0.052191 -0.169981 0.984064 0.066470 0.416533 1 0 1.000000
  0 11.835569 8.497097 1.812260 -0.466546 0.514316 0.719593 0.125573 0.512040 1 0 1.000000
..\..\..\Desktop\General\noesis\dk_body
  0 11.835569 8.497097 1.812260 -0.466546 0.514316 0.719593 0.125573 0.512040 1 0 1.000000
  0 10.971579 7.809591 0.314619 -0.988856 -0.144487 -0.035882 0.181796 0.354709 1 0 1.000000
  0 13.007059 6.481297 1.849760 -0.550782 -0.775685 0.308142 0.101546 0.371664 1 0 1.000000
..\..\..\Desktop\General\noesis\dk_body
  0 14.404909 6.151055 -0.796670 -0.046618 -0.869644 -0.491474 0.056473 0.160965 1 0 1.000000
  0 12.194769 7.682319 -1.223950 -0.566901 -0.354035 -0.743830 0.137443 0.120023 1 0 1.000000
  0 13.744759 8.230465 -1.580980 -0.095526 0.114724 -0.988794 0.087322 0.054315 1 0 1.000000
..\..\..\Desktop\General\noesis\dk_body
  0 10.971579 7.809591 0.314619 -0.988856 -0.144487 -0.035882 0.181796 0.354709 1 0 1.000000
  0 12.194769 7.682319 -1.223950 -0.566901 -0.354035 -0.743830 0.137443 0.120023 1 0 1.000000
  0 13.007059 6.481297 1.849760 -0.550782 -0.775685 0.308142 0.101546 0.371664 1 0 1.000000
..\..\..\Desktop\General\noesis\dk_body
  0 14.404909 6.151055 -0.796670 -0.046618 -0.869644 -0.491474 0.056473 0.160965 1 0 1.000000
  0 13.007059 6.481297 1.849760 -0.550782 -0.775685 0.308142 0.101546 0.371664 1 0 1.000000
  0 12.194769 7.682319 -1.223950 -0.566901 -0.354035 -0.743830 0.137443 0.120023 1 0 1.000000
..\..\..\Desktop\General\noesis\dk_body
  0 13.879910 9.309847 0.467934 0.029404 0.997716 0.060820 0.075602 0.749258 1 0 1.000000
  0 15.426689 8.785614 2.071260 0.270273 0.650163 0.710099 0.007375 0.872892 1 0 1.000000
  0 15.781999 8.988741 0.441978 0.846452 0.531557 -0.031066 0.074094 0.872892 1 0 1.000000
..\..\..\Desktop\General\noesis\dk_body
  0 11.835569 8.497097 1.812260 -0.466546 0.514316 0.719593 0.007375 0.590568 1 0 1.000000
  0 15.426689 8.785614 2.071260 0.270273 0.650163 0.710099 0.007375 0.872892 1 0 1.000000
  0 13.879910 9.309847 0.467934 0.029404 0.997716 0.060820 0.075602 0.749258 1 0 1.000000
..\..\..\Desktop\General\noesis\dk_body
  0 11.835569 8.497097 1.812260 -0.466546 0.514316 0.719593 0.007375 0.590568 1 0 1.000000
  0 13.928579 8.471565 2.172320 -0.090809 0.453233 0.886754 0.007375 0.755299 1 0 1.000000
  0 15.426689 8.785614 2.071260 0.270273 0.650163 0.710099 0.007375 0.872892 1 0 1.000000
..\..\..\Desktop\General\noesis\dk_body
  0 11.835569 8.497097 1.812260 -0.466546 0.514316 0.719593 0.007375 0.590568 1 0 1.000000
  0 13.879910 9.309847 0.467934 0.029404 0.997716 0.060820 0.075602 0.749258 1 0 1.000000
  0 11.969179 9.224346 -0.209111 -0.411633 0.825442 -0.386268 0.104638 0.602773 1 0 1.000000
..\..\..\Desktop\General\noesis\dk_body
  0 11.835569 8.497097 1.812260 -0.466546 0.514316 0.719593 0.007375 0.590568 1 0 1.000000
  0 11.969179 9.224346 -0.209111 -0.411633 0.825442 -0.386268 0.104638 0.602773 1 0 1.000000
  0 10.971579 7.809591 0.314619 -0.988856 -0.144487 -0.035882 0.040480 0.527497 1 0 1.000000
..\..\..\Desktop\General\noesis\dk_body
  0 11.969179 9.224346 -0.209111 -0.411633 0.825442 -0.386268 0.104638 0.602773 1 0 1.000000
  0 12.194769 7.682319 -1.223950 -0.566901 -0.354035 -0.743830 0.155192 0.623359 1 0 1.000000
  0 10.971579 7.809591 0.314619 -0.988856 -0.144487 -0.035882 0.040480 0.527497 1 0 1.000000
..\..\..\Desktop\General\noesis\dk_body
  0 13.744759 8.230465 -1.580980 -0.095526 0.114724 -0.988794 0.154520 0.766254 1 0 1.000000
  0 12.194769 7.682319 -1.223950 -0.566901 -0.354035 -0.743830 0.155192 0.623359 1 0 1.000000
  0 11.969179 9.224346 -0.209111 -0.411633 0.825442 -0.386268 0.104638 0.602773 1 0 1.000000
..\..\..\Desktop\General\noesis\dk_body
  0 13.879910 9.309847 0.467934 0.029404 0.997716 0.060820 0.075602 0.749258 1 0 1.000000
  0 15.781999 8.988741 0.441978 0.846452 0.531557 -0.031066 0.074094 0.872892 1 0 1.000000
  0 15.349089 8.573645 -1.312220 0.320079 0.713767 -0.622966 0.145718 0.872892 1 0 1.000000
..\..\..\Desktop\General\noesis\dk_body
  0 11.969179 9.224346 -0.209111 -0.411633 0.825442 -0.386268 0.104638 0.602773 1 0 1.000000
  0 15.349089 8.573645 -1.312220 0.320079 0.713767 -0.622966 0.145718 0.872892 1 0 1.000000
  0 13.744759 8.230465 -1.580980 -0.095526 0.114724 -0.988794 0.154520 0.766254 1 0 1.000000
..\..\..\Desktop\General\noesis\dk_body
  0 15.349089 8.573645 -1.312220 0.320079 0.713767 -0.622966 0.145718 0.872892 1 0 1.000000
  0 11.969179 9.224346 -0.209111 -0.411633 0.825442 -0.386268 0.104638 0.602773 1 0 1.000000
  0 13.879910 9.309847 0.467934 0.029404 0.997716 0.060820 0.075602 0.749258 1 0 1.000000
..\..\..\Desktop\General\noesis\dk_body
  0 15.349089 8.573645 -1.312220 0.320079 0.713767 -0.622966 0.145718 0.872892 1 0 1.000000
  0 15.781999 8.988741 0.441978 0.846452 0.531557 -0.031066 0.074094 0.872892 1 0 1.000000
  0 15.696869 6.967755 -1.248170 0.662773 -0.238662 -0.709769 0.138952 0.986139 1 0 1.000000
..\..\..\Desktop\General\noesis\dk_body
  0 15.781999 8.988741 0.441978 0.846452 0.531557 -0.031066 0.074094 0.872892 1 0 1.000000
  0 16.152218 6.824007 0.463858 0.834011 -0.551703 -0.007003 0.072074 0.986139 1 0 1.000000
  0 15.696869 6.967755 -1.248170 0.662773 -0.238662 -0.709769 0.138952 0.986139 1 0 1.000000
..\..\..\Desktop\General\noesis\dk_body
  0 16.152218 6.824007 0.463858 0.834011 -0.551703 -0.007003 0.072074 0.986139 1 0 1.000000
  0 15.781999 8.988741 0.441978 0.846452 0.531557 -0.031066 0.074094 0.872892 1 0 1.000000
  0 15.742159 6.987347 1.955530 0.766506 -0.240676 0.595436 0.007375 0.986139 1 0 1.000000
..\..\..\Desktop\General\noesis\dk_body
  0 15.781999 8.988741 0.441978 0.846452 0.531557 -0.031066 0.074094 0.872892 1 0 1.000000
  0 15.426689 8.785614 2.071260 0.270273 0.650163 0.710099 0.007375 0.872892 1 0 1.000000
  0 15.742159 6.987347 1.955530 0.766506 -0.240676 0.595436 0.007375 0.986139 1 0 1.000000
..\..\..\Desktop\General\noesis\dk_body
  0 13.928579 8.471565 2.172320 -0.090809 0.453233 0.886754 0.057602 0.492567 1 0 1.000000
  0 11.835569 8.497097 1.812260 -0.466546 0.514316 0.719593 0.125573 0.512040 1 0 1.000000
  0 13.941059 6.970467 2.636940 -0.052191 -0.169981 0.984064 0.066470 0.416533 1 0 1.000000
..\..\..\Desktop\General\noesis\dk_body
  0 13.928579 8.471565 2.172320 -0.090809 0.453233 0.886754 0.057602 0.492567 1 0 1.000000
  0 13.941059 6.970467 2.636940 -0.052191 -0.169981 0.984064 0.066470 0.416533 1 0 1.000000
  0 15.426689 8.785614 2.071260 0.270273 0.650163 0.710099 0.007784 0.491521 1 0 1.000000
..\..\..\Desktop\General\noesis\dk_body
  0 14.328669 5.900065 1.777580 0.151080 -0.913446 0.377878 0.061664 0.354002 1 0 1.000000
  0 16.152218 6.824007 0.463858 0.834011 -0.551703 -0.007003 0.007784 0.257424 1 0 1.000000
  0 15.742159 6.987347 1.955530 0.766506 -0.240676 0.595436 0.007784 0.369975 1 0 1.000000
..\..\..\Desktop\General\noesis\dk_body
  0 15.426689 8.785614 2.071260 0.270273 0.650163 0.710099 0.007784 0.491521 1 0 1.000000
  0 13.941059 6.970467 2.636940 -0.052191 -0.169981 0.984064 0.066470 0.416533 1 0 1.000000
  0 15.742159 6.987347 1.955530 0.766506 -0.240676 0.595436 0.007784 0.369975 1 0 1.000000
..\..\..\Desktop\General\noesis\dk_body
  0 13.941059 6.970467 2.636940 -0.052191 -0.169981 0.984064 0.066470 0.416533 1 0 1.000000
  0 14.328669 5.900065 1.777580 0.151080 -0.913446 0.377878 0.061664 0.354002 1 0 1.000000
  0 15.742159 6.987347 1.955530 0.766506 -0.240676 0.595436 0.007784 0.369975 1 0 1.000000
end
