version 1
nodes
  0 "wristL"  1
  1 "armL2"  2
  2 "armL1"  8
  3 "wristR"  4
  4 "armR2"  5
  5 "armR1"  8
  6 "mouth"  7
  7 "head"  8
  8 "spine"  10
  9 "waist"  10
  10 "skl_root"  11
  11 "all_root"  -1
end
skeleton
time 0
  0 3.000000 -0.000001 0.000000 0.000000 -0.000000 0.000000
  1 2.450000 0.000000 0.000000 -0.000000 0.000000 0.000000
  2 5.000002 -4.200000 -0.000000 -0.000000 0.000000 -1.570800
  3 3.000000 0.000001 0.000000 0.000000 -0.000000 0.000000
  4 2.450000 0.000000 0.000000 0.000000 0.000000 0.000000
  5 5.000001 4.200000 -0.000000 -3.141590 -0.000000 1.570800
  6 1.800000 -0.000000 -0.700000 -1.570800 -1.134460 -0.000000
  7 7.200002 -0.000000 -0.000000 0.000000 -0.959931 0.000000
  8 0.000000 0.600000 -0.600000 0.000000 -0.558505 1.570800
  9 0.000000 0.000000 0.000000 1.570800 -0.959931 -1.570800
  10 0.000000 2.000000 0.000000 0.000000 -0.000000 0.000000
  11 0.000000 0.000000 0.000000 0.000000 -0.000000 0.000000
end
triangles
..\..\..\Desktop\General\noesis\bowser_eye.0
  7 -0.450647 11.749430 8.421118 0.866893 0.398699 -0.299225 0.447282 0.905899 1 7 1.000000
  7 -2.235909 10.661882 6.859867 0.463121 0.705318 -0.536699 0.019096 0.205994 1 7 1.000000
  7 -0.620111 10.440699 8.149540 0.914450 0.337068 -0.223977 0.404223 0.036775 1 7 1.000000
..\..\..\Desktop\General\noesis\bowser_eye.0
  7 -0.450647 11.749430 8.421118 0.866893 0.398699 -0.299225 0.447282 0.905899 1 7 1.000000
  7 -1.799624 11.926826 7.108354 0.501170 0.652890 -0.567947 0.087445 1.047500 1 7 1.000000
  7 -2.235909 10.661882 6.859867 0.463121 0.705318 -0.536699 0.019096 0.205994 1 7 1.000000
..\..\..\Desktop\General\noesis\bowser_eye.0
  7 2.235851 10.661908 6.859867 0.463120 -0.705318 -0.536699 0.980904 0.205994 1 7 1.000000
  7 0.450581 11.749444 8.421118 0.866893 -0.398699 -0.299225 0.552718 0.905899 1 7 1.000000
  7 0.620055 10.440702 8.149540 0.914450 -0.337068 -0.223977 0.595777 0.036775 1 7 1.000000
..\..\..\Desktop\General\noesis\bowser_eye.0
  7 2.235851 10.661908 6.859867 0.463120 -0.705318 -0.536699 0.980904 0.205994 1 7 1.000000
  7 1.799556 11.926848 7.108354 0.501170 -0.652890 -0.567947 0.912555 1.047500 1 7 1.000000
  7 0.450581 11.749444 8.421118 0.866893 -0.398699 -0.299225 0.552718 0.905899 1 7 1.000000
..\..\..\Desktop\General\noesis\bowser_all
  0 10.475581 8.701675 0.703431 -0.228209 0.610755 -0.758221 0.403343 0.623870 1 0 1.000000
  1 8.973232 7.946483 1.058485 -0.474043 0.210580 -0.854950 0.337737 0.578520 1 1 1.000000
  1 8.973235 7.914968 2.666860 -0.364392 0.931159 0.012694 0.336090 0.497534 1 1 1.000000
..\..\..\Desktop\General\noesis\bowser_all
  0 12.240981 8.300655 2.983054 0.535188 0.840675 -0.082702 0.477865 0.497600 1 0 1.000000
  0 10.475581 8.701675 0.703431 -0.228209 0.610755 -0.758221 0.403343 0.623870 1 0 1.000000
  1 8.973235 7.914968 2.666860 -0.364392 0.931159 0.012694 0.336090 0.497534 1 1 1.000000
..\..\..\Desktop\General\noesis\bowser_all
  1 8.973235 7.914968 2.666860 -0.364392 0.931159 0.012694 0.336090 0.497534 1 1 1.000000
  0 10.651191 7.006651 4.017683 -0.067133 0.523879 0.849143 0.410755 0.399155 1 0 1.000000
  0 12.240981 8.300655 2.983054 0.535188 0.840675 -0.082702 0.477865 0.497600 1 0 1.000000
..\..\..\Desktop\General\noesis\bowser_all
  0 10.651191 7.006651 4.017683 -0.067133 0.523879 0.849143 0.410755 0.399155 1 0 1.000000
  1 8.973235 7.914968 2.666860 -0.364392 0.931159 0.012694 0.336090 0.497534 1 1 1.000000
  1 8.973237 6.051227 3.107281 -0.527612 0.147058 0.836660 0.307028 0.420953 1 1 1.000000
..\..\..\Desktop\General\noesis\bowser_all
  0 10.651191 7.006651 4.017683 -0.067133 0.523879 0.849143 0.410755 0.399155 1 0 1.000000
  0 12.023461 7.137924 3.979703 0.422632 0.597558 0.681401 0.468683 0.405868 1 0 1.000000
  0 12.240981 8.300655 2.983054 0.535188 0.840675 -0.082702 0.477865 0.497600 1 0 1.000000
..\..\..\Desktop\General\noesis\bowser_all
  0 10.475581 8.701675 0.703431 -0.228209 0.610755 -0.758221 0.403343 0.623870 1 0 1.000000
  0 12.240981 8.300655 2.983054 0.535188 0.840675 -0.082702 0.477865 0.497600 1 0 1.000000
  0 11.511041 8.670268 0.742161 0.351268 0.302492 -0.886064 0.447052 0.620815 1 0 1.000000
..\..\..\Desktop\General\noesis\bowser_all
  0 10.602571 4.820087 3.200240 -0.129968 -0.346638 0.928951 0.539324 0.044770 1 0 1.000000
  1 8.973235 5.284624 1.743698 -0.390994 -0.881001 0.266384 0.509288 0.041170 1 1 1.000000
  0 10.964761 4.491791 1.826672 0.065452 -0.965379 0.252506 0.541752 0.029884 1 0 1.000000
..\..\..\Desktop\General\noesis\bowser_all
  1 8.973237 6.051227 3.107281 -0.527612 0.147058 0.836660 0.497766 0.078879 1 1 1.000000
  1 8.973235 5.284624 1.743698 -0.390994 -0.881001 0.266384 0.509288 0.041170 1 1 1.000000
  0 10.602571 4.820087 3.200240 -0.129968 -0.346638 0.928951 0.539324 0.044770 1 0 1.000000
..\..\..\Desktop\General\noesis\bowser_all
  0 10.651191 7.006651 4.017683 -0.067133 0.523879 0.849143 0.540512 0.094192 1 0 1.000000
  1 8.973237 6.051227 3.107281 -0.527612 0.147058 0.836660 0.497766 0.078879 1 1 1.000000
  0 10.602571 4.820087 3.200240 -0.129968 -0.346638 0.928951 0.539324 0.044770 1 0 1.000000
..\..\..\Desktop\General\noesis\bowser_all
  0 11.287951 4.800720 2.718870 0.504119 -0.422837 0.753042 0.556075 0.043475 1 0 1.000000
  0 10.651191 7.006651 4.017683 -0.067133 0.523879 0.849143 0.540512 0.094192 1 0 1.000000
  0 10.602571 4.820087 3.200240 -0.129968 -0.346638 0.928951 0.539324 0.044770 1 0 1.000000
..\..\..\Desktop\General\noesis\bowser_all
  0 12.572181 5.718985 3.171266 0.725363 -0.145230 0.672872 0.587464 0.061491 1 0 1.000000
  0 10.651191 7.006651 4.017683 -0.067133 0.523879 0.849143 0.540512 0.094192 1 0 1.000000
  0 11.287951 4.800720 2.718870 0.504119 -0.422837 0.753042 0.556075 0.043475 1 0 1.000000
..\..\..\Desktop\General\noesis\bowser_all
  0 12.023461 7.137924 3.979703 0.422632 0.597558 0.681401 0.574053 0.096302 1 0 1.000000
  0 10.651191 7.006651 4.017683 -0.067133 0.523879 0.849143 0.540512 0.094192 1 0 1.000000
  0 12.572181 5.718985 3.171266 0.725363 -0.145230 0.672872 0.587464 0.061491 1 0 1.000000
..\..\..\Desktop\General\noesis\bowser_all
  0 9.730057 5.754003 1.027539 -0.142985 -0.962324 -0.231276 0.607787 0.188165 1 0 1.000000
  0 10.964761 4.491791 1.826672 0.065452 -0.965379 0.252506 0.574385 0.147920 1 0 1.000000
  1 8.973235 5.284624 1.743698 -0.390994 -0.881001 0.266384 0.607095 0.153062 1 1 1.000000
..\..\..\Desktop\General\noesis\bowser_all
  0 10.964761 4.491791 1.826672 0.065452 -0.965379 0.252506 0.574385 0.147920 1 0 1.000000
  0 9.730057 5.754003 1.027539 -0.142985 -0.962324 -0.231276 0.607787 0.188165 1 0 1.000000
  0 11.606441 5.287848 1.233723 0.490769 -0.868096 -0.074534 0.568322 0.175354 1 0 1.000000
..\..\..\Desktop\General\noesis\bowser_all
  0 10.964761 4.491791 1.826672 0.065452 -0.965379 0.252506 0.574385 0.147920 1 0 1.000000
  0 11.606441 5.287848 1.233723 0.490769 -0.868096 -0.074534 0.568322 0.175354 1 0 1.000000
  0 11.287951 4.800720 2.718870 0.504119 -0.422837 0.753042 0.566010 0.142413 1 0 1.000000
..\..\..\Desktop\General\noesis\bowser_all
  0 11.287951 4.800720 2.718870 0.504119 -0.422837 0.753042 0.566010 0.142413 1 0 1.000000
  0 10.602571 4.820087 3.200240 -0.129968 -0.346638 0.928951 0.583768 0.121795 1 0 1.000000
  0 10.964761 4.491791 1.826672 0.065452 -0.965379 0.252506 0.574385 0.147920 1 0 1.000000
..\..\..\Desktop\General\noesis\bowser_all
  0 11.606441 5.287848 1.233723 0.490769 -0.868096 -0.074534 0.568322 0.175354 1 0 1.000000
  0 12.572181 5.718985 3.171266 0.725363 -0.145230 0.672872 0.532735 0.137957 1 0 1.000000
  0 11.287951 4.800720 2.718870 0.504119 -0.422837 0.753042 0.566010 0.142413 1 0 1.000000
..\..\..\Desktop\General\noesis\bowser_all
  0 11.606441 5.287848 1.233723 0.490769 -0.868096 -0.074534 0.568322 0.175354 1 0 1.000000
  0 12.993541 6.497478 2.004546 0.973593 -0.219800 -0.061685 0.521819 0.178363 1 0 1.000000
  0 12.572181 5.718985 3.171266 0.725363 -0.145230 0.672872 0.532735 0.137957 1 0 1.000000
..\..\..\Desktop\General\noesis\bowser_all
  0 12.156291 7.378637 0.347359 0.744648 -0.255768 -0.616508 0.543517 0.231881 1 0 1.000000
  0 12.993541 6.497478 2.004546 0.973593 -0.219800 -0.061685 0.521819 0.178363 1 0 1.000000
  0 11.606441 5.287848 1.233723 0.490769 -0.868096 -0.074534 0.568322 0.175354 1 0 1.000000
..\..\..\Desktop\General\noesis\bowser_all
  0 12.240981 8.300655 2.983054 0.535188 0.840675 -0.082702 0.499988 0.186786 1 0 1.000000
  0 12.572181 5.718985 3.171266 0.725363 -0.145230 0.672872 0.532735 0.137957 1 0 1.000000
  0 12.993541 6.497478 2.004546 0.973593 -0.219800 -0.061685 0.521819 0.178363 1 0 1.000000
..\..\..\Desktop\General\noesis\bowser_all
  0 12.156291 7.378637 0.347359 0.744648 -0.255768 -0.616508 0.543517 0.231881 1 0 1.000000
  0 12.240981 8.300655 2.983054 0.535188 0.840675 -0.082702 0.499988 0.186786 1 0 1.000000
  0 12.993541 6.497478 2.004546 0.973593 -0.219800 -0.061685 0.521819 0.178363 1 0 1.000000
..\..\..\Desktop\General\noesis\bowser_all
  0 11.511041 8.670268 0.742161 0.351268 0.302492 -0.886064 0.505174 0.233014 1 0 1.000000
  0 12.240981 8.300655 2.983054 0.535188 0.840675 -0.082702 0.499988 0.186786 1 0 1.000000
  0 12.156291 7.378637 0.347359 0.744648 -0.255768 -0.616508 0.543517 0.231881 1 0 1.000000
..\..\..\Desktop\General\noesis\bowser_all
  0 12.240981 8.300655 2.983054 0.535188 0.840675 -0.082702 0.499988 0.186786 1 0 1.000000
  0 12.023461 7.137924 3.979703 0.422632 0.597558 0.681401 0.505622 0.143696 1 0 1.000000
  0 12.572181 5.718985 3.171266 0.725363 -0.145230 0.672872 0.532735 0.137957 1 0 1.000000
..\..\..\Desktop\General\noesis\bowser_all
  1 8.973232 7.946483 1.058485 -0.474043 0.210580 -0.854950 0.502774 0.054095 1 1 1.000000
  0 10.475581 8.701675 0.703431 -0.228209 0.610755 -0.758221 0.537917 0.084164 1 0 1.000000
  0 10.453021 6.774974 -0.230414 -0.074533 -0.576479 -0.813705 0.537406 0.041802 1 0 1.000000
..\..\..\Desktop\General\noesis\bowser_all
  0 10.475581 8.701675 0.703431 -0.228209 0.610755 -0.758221 0.537917 0.084164 1 0 1.000000
  0 11.511041 8.670268 0.742161 0.351268 0.302492 -0.886064 0.561332 0.083891 1 0 1.000000
  0 10.453021 6.774974 -0.230414 -0.074533 -0.576479 -0.813705 0.537406 0.041802 1 0 1.000000
..\..\..\Desktop\General\noesis\bowser_all
  0 10.453021 6.774974 -0.230414 -0.074533 -0.576479 -0.813705 0.537406 0.041802 1 0 1.000000
  0 11.511041 8.670268 0.742161 0.351268 0.302492 -0.886064 0.561332 0.083891 1 0 1.000000
  0 12.156291 7.378637 0.347359 0.744648 -0.255768 -0.616508 0.575922 0.057282 1 0 1.000000
..\..\..\Desktop\General\noesis\bowser_all
  1 8.973232 7.946483 1.058485 -0.474043 0.210580 -0.854950 0.497559 0.256719 1 1 1.000000
  0 10.453021 6.774974 -0.230414 -0.074533 -0.576479 -0.813705 0.518693 0.232385 1 0 1.000000
  1 8.973231 6.494546 0.388335 -0.288314 -0.817820 -0.498042 0.543271 0.272567 1 1 1.000000
..\..\..\Desktop\General\noesis\bowser_all
  0 10.453021 6.774974 -0.230414 -0.074533 -0.576479 -0.813705 0.518693 0.232385 1 0 1.000000
  0 9.730057 5.754003 1.027539 -0.142985 -0.962324 -0.231276 0.565371 0.248620 1 0 1.000000
  1 8.973231 6.494546 0.388335 -0.288314 -0.817820 -0.498042 0.543271 0.272567 1 1 1.000000
..\..\..\Desktop\General\noesis\bowser_all
  1 8.973235 5.284624 1.743698 -0.390994 -0.881001 0.266384 0.600474 0.248062 1 1 1.000000
  1 8.973231 6.494546 0.388335 -0.288314 -0.817820 -0.498042 0.543271 0.272567 1 1 1.000000
  0 9.730057 5.754003 1.027539 -0.142985 -0.962324 -0.231276 0.565371 0.248620 1 0 1.000000
..\..\..\Desktop\General\noesis\bowser_all
  1 9.382201 8.397607 0.826998 0.727125 0.298194 -0.618361 0.284176 0.277899 1 1 1.000000
  1 6.768431 8.011586 0.931621 -0.064769 0.435295 -0.897955 0.284176 0.158846 1 1 1.000000
  1 9.382205 8.355318 2.985366 0.453997 0.885147 0.101987 0.377267 0.277899 1 1 1.000000
..\..\..\Desktop\General\noesis\bowser_all
  1 9.382201 8.397607 0.826998 0.727125 0.298194 -0.618361 0.284176 0.277899 1 1 1.000000
  1 9.382200 6.449179 -0.072313 0.757412 -0.443527 -0.479177 0.200170 0.277899 1 1 1.000000
  1 6.768431 8.011586 0.931621 -0.064769 0.435295 -0.897955 0.284176 0.158846 1 1 1.000000
..\..\..\Desktop\General\noesis\bowser_all
  1 9.382200 6.449179 -0.072313 0.757412 -0.443527 -0.479177 0.200170 0.277899 1 1 1.000000
  1 6.768429 6.463638 0.162588 -0.039872 -0.671246 -0.740162 0.200685 0.158846 1 1 1.000000
  1 6.768431 8.011586 0.931621 -0.064769 0.435295 -0.897955 0.284176 0.158846 1 1 1.000000
..\..\..\Desktop\General\noesis\bowser_all
  1 9.382200 6.449179 -0.072313 0.757412 -0.443527 -0.479177 0.200170 0.277899 1 1 1.000000
  1 9.382205 4.825513 1.746523 0.496895 -0.785467 0.368967 0.088638 0.277899 1 1 1.000000
  1 6.768429 6.463638 0.162588 -0.039872 -0.671246 -0.740162 0.200685 0.158846 1 1 1.000000
..\..\..\Desktop\General\noesis\bowser_all
  1 9.382205 4.825513 1.746523 0.496895 -0.785467 0.368967 0.088638 0.277899 1 1 1.000000
  2 6.654624 4.922444 1.740146 0.001952 -0.790340 0.612665 0.088638 0.145713 1 2 1.000000
  1 6.768429 6.463638 0.162588 -0.039872 -0.671246 -0.740162 0.200685 0.158846 1 1 1.000000
..\..\..\Desktop\General\noesis\bowser_all
  1 9.382208 5.854259 3.576396 0.600928 0.128340 0.788933 -0.013245 0.277899 1 1 1.000000
  2 6.654624 4.922444 1.740146 0.001952 -0.790340 0.612665 0.088638 0.145713 1 2 1.000000
  1 9.382205 4.825513 1.746523 0.496895 -0.785467 0.368967 0.088638 0.277899 1 1 1.000000
..\..\..\Desktop\General\noesis\bowser_all
  1 9.382208 5.854259 3.576396 0.600928 0.128340 0.788933 -0.013245 0.277899 1 1 1.000000
  1 7.213221 6.016462 3.138849 0.022210 0.170668 0.985078 -0.013245 0.171264 1 1 1.000000
  2 6.654624 4.922444 1.740146 0.001952 -0.790340 0.612665 0.088638 0.145713 1 2 1.000000
..\..\..\Desktop\General\noesis\bowser_all
  1 7.213221 6.016462 3.138849 0.022210 0.170668 0.985078 -0.013245 0.171264 1 1 1.000000
  2 6.542467 5.921010 3.302401 0.146442 0.161048 0.976022 -0.013245 0.134183 1 2 1.000000
  2 6.654624 4.922444 1.740146 0.001952 -0.790340 0.612665 0.088638 0.145713 1 2 1.000000
..\..\..\Desktop\General\noesis\bowser_all
  2 6.654624 4.922444 1.740146 0.001952 -0.790340 0.612665 0.088638 0.145713 1 2 1.000000
  2 6.542467 5.921010 3.302401 0.146442 0.161048 0.976022 -0.013245 0.134183 1 2 1.000000
  2 4.085635 5.899757 3.343319 0.306106 0.222110 0.925725 -0.013245 0.001804 1 2 1.000000
..\..\..\Desktop\General\noesis\bowser_all
  2 6.654624 4.922444 1.740146 0.001952 -0.790340 0.612665 0.088638 0.145713 1 2 1.000000
  2 4.085635 5.899757 3.343319 0.306106 0.222110 0.925725 -0.013245 0.001804 1 2 1.000000
  8 4.623362 4.917417 1.668000 -0.795927 -0.555882 0.239780 0.088638 0.026134 1 8 1.000000
..\..\..\Desktop\General\noesis\bowser_all
  2 6.558980 6.463628 0.161851 0.062768 -0.769420 -0.635652 0.200685 0.132388 1 2 1.000000
  2 6.654624 4.922444 1.740146 0.001952 -0.790340 0.612665 0.088638 0.145713 1 2 1.000000
  8 4.623362 4.917417 1.668000 -0.795927 -0.555882 0.239780 0.088638 0.026134 1 8 1.000000
..\..\..\Desktop\General\noesis\bowser_all
  2 6.558980 6.463628 0.161851 0.062768 -0.769420 -0.635652 0.200685 0.132388 1 2 1.000000
  8 4.623362 4.917417 1.668000 -0.795927 -0.555882 0.239780 0.088638 0.026134 1 8 1.000000
  2 4.655865 6.555042 -0.129765 0.485192 -0.363709 -0.795176 0.200685 0.000407 1 2 1.000000
..\..\..\Desktop\General\noesis\bowser_all
  2 4.655865 6.555042 -0.129765 0.485192 -0.363709 -0.795176 0.200685 0.000407 1 2 1.000000
  2 6.558981 8.011525 0.931359 0.106336 0.332834 -0.936971 0.284176 0.132388 1 2 1.000000
  2 6.558980 6.463628 0.161851 0.062768 -0.769420 -0.635652 0.200685 0.132388 1 2 1.000000
..\..\..\Desktop\General\noesis\bowser_all
  2 4.655865 6.555042 -0.129765 0.485192 -0.363709 -0.795176 0.200685 0.000407 1 2 1.000000
  2 4.159502 8.501612 0.934131 0.330923 0.613967 -0.716613 0.284176 0.000407 1 2 1.000000
  2 6.558981 8.011525 0.931359 0.106336 0.332834 -0.936971 0.284176 0.132388 1 2 1.000000
..\..\..\Desktop\General\noesis\bowser_all
  2 6.654624 8.027373 2.860468 0.023042 0.970048 0.241818 0.377267 0.145713 1 2 1.000000
  2 6.558981 8.011525 0.931359 0.106336 0.332834 -0.936971 0.284176 0.132388 1 2 1.000000
  2 4.159502 8.501612 0.934131 0.330923 0.613967 -0.716613 0.284176 0.000407 1 2 1.000000
..\..\..\Desktop\General\noesis\bowser_all
  1 6.768431 8.011586 0.931621 -0.064769 0.435295 -0.897955 0.284176 0.158846 1 1 1.000000
  2 6.654624 8.027373 2.860468 0.023042 0.970048 0.241818 0.377267 0.145713 1 2 1.000000
  1 9.382205 8.355318 2.985366 0.453997 0.885147 0.101987 0.377267 0.277899 1 1 1.000000
..\..\..\Desktop\General\noesis\bowser_all
  2 6.654624 8.027373 2.860468 0.023042 0.970048 0.241818 0.377267 0.145713 1 2 1.000000
  2 4.159502 8.501612 0.934131 0.330923 0.613967 -0.716613 0.284176 0.000407 1 2 1.000000
  2 4.085632 8.214879 2.976594 0.322206 0.924594 0.203248 0.377267 0.001804 1 2 1.000000
..\..\..\Desktop\General\noesis\bowser_all
  2 4.085635 5.899757 3.343319 0.306106 0.222110 0.925725 0.480790 0.001804 1 2 1.000000
  2 6.654624 8.027373 2.860468 0.023042 0.970048 0.241818 0.377267 0.145713 1 2 1.000000
  2 4.085632 8.214879 2.976594 0.322206 0.924594 0.203248 0.377267 0.001804 1 2 1.000000
..\..\..\Desktop\General\noesis\bowser_all
  2 6.542467 5.921010 3.302401 0.146442 0.161048 0.976022 0.480790 0.134183 1 2 1.000000
  2 6.654624 8.027373 2.860468 0.023042 0.970048 0.241818 0.377267 0.145713 1 2 1.000000
  2 4.085635 5.899757 3.343319 0.306106 0.222110 0.925725 0.480790 0.001804 1 2 1.000000
..\..\..\Desktop\General\noesis\bowser_all
  1 7.213221 6.016462 3.138849 0.022210 0.170668 0.985078 0.480790 0.171264 1 1 1.000000
  2 6.654624 8.027373 2.860468 0.023042 0.970048 0.241818 0.377267 0.145713 1 2 1.000000
  2 6.542467 5.921010 3.302401 0.146442 0.161048 0.976022 0.480790 0.134183 1 2 1.000000
..\..\..\Desktop\General\noesis\bowser_all
  1 9.382208 5.854259 3.576396 0.600928 0.128340 0.788933 0.480790 0.277899 1 1 1.000000
  1 9.382205 8.355318 2.985366 0.453997 0.885147 0.101987 0.377267 0.277899 1 1 1.000000
  2 6.654624 8.027373 2.860468 0.023042 0.970048 0.241818 0.377267 0.145713 1 2 1.000000
..\..\..\Desktop\General\noesis\bowser_all
  1 9.382208 5.854259 3.576396 0.600928 0.128340 0.788933 0.480790 0.277899 1 1 1.000000
  2 6.654624 8.027373 2.860468 0.023042 0.970048 0.241818 0.377267 0.145713 1 2 1.000000
  1 7.213221 6.016462 3.138849 0.022210 0.170668 0.985078 0.480790 0.171264 1 1 1.000000
..\..\..\Desktop\General\noesis\bowser_all
  1 6.768431 8.011586 0.931621 -0.064769 0.435295 -0.897955 0.284176 0.188668 1 1 1.000000
  2 6.558981 8.011525 0.931359 0.106336 0.332834 -0.936971 0.284176 0.104303 1 2 1.000000
  2 6.654624 8.027373 2.860468 0.023042 0.970048 0.241818 0.377267 0.145713 1 2 1.000000
..\..\..\Desktop\General\noesis\bowser_all
  1 6.768431 8.011586 0.931621 -0.064769 0.435295 -0.897955 0.284176 0.188668 1 1 1.000000
  1 6.768429 6.463638 0.162588 -0.039872 -0.671246 -0.740162 0.200685 0.188668 1 1 1.000000
  2 6.558981 8.011525 0.931359 0.106336 0.332834 -0.936971 0.284176 0.104303 1 2 1.000000
..\..\..\Desktop\General\noesis\bowser_all
  1 6.768429 6.463638 0.162588 -0.039872 -0.671246 -0.740162 0.200685 0.188668 1 1 1.000000
  2 6.654624 4.922444 1.740146 0.001952 -0.790340 0.612665 0.088638 0.145713 1 2 1.000000
  2 6.558980 6.463628 0.161851 0.062768 -0.769420 -0.635652 0.200685 0.104303 1 2 1.000000
..\..\..\Desktop\General\noesis\bowser_all
  1 6.768429 6.463638 0.162588 -0.039872 -0.671246 -0.740162 0.200685 0.188668 1 1 1.000000
  2 6.558980 6.463628 0.161851 0.062768 -0.769420 -0.635652 0.200685 0.104303 1 2 1.000000
  2 6.558981 8.011525 0.931359 0.106336 0.332834 -0.936971 0.284176 0.104303 1 2 1.000000
..\..\..\Desktop\General\noesis\bowser_all
  1 9.382201 8.397607 0.826998 0.727125 0.298194 -0.618361 0.073253 0.276056 1 1 1.000000
  1 9.382205 8.355318 2.985366 0.453997 0.885147 0.101987 0.057391 0.276056 1 1 1.000000
  1 9.382208 5.854259 3.576396 0.600928 0.128340 0.788933 0.055843 0.271124 1 1 1.000000
..\..\..\Desktop\General\noesis\bowser_all
  1 9.382200 6.449179 -0.072313 0.757412 -0.443527 -0.479177 0.074846 0.271465 1 1 1.000000
  1 9.382201 8.397607 0.826998 0.727125 0.298194 -0.618361 0.073253 0.276056 1 1 1.000000
  1 9.382208 5.854259 3.576396 0.600928 0.128340 0.788933 0.055843 0.271124 1 1 1.000000
..\..\..\Desktop\General\noesis\bowser_all
  1 9.382200 6.449179 -0.072313 0.757412 -0.443527 -0.479177 0.074846 0.271465 1 1 1.000000
  1 9.382208 5.854259 3.576396 0.600928 0.128340 0.788933 0.055843 0.271124 1 1 1.000000
  1 9.382205 4.825513 1.746523 0.496895 -0.785467 0.368967 0.065616 0.269430 1 1 1.000000
..\..\..\Desktop\General\noesis\bowser_all
  0 9.730057 5.754003 1.027539 -0.142985 -0.962324 -0.231276 0.607787 0.188165 1 0 1.000000
  0 10.453021 6.774974 -0.230414 -0.074533 -0.576479 -0.813705 0.587651 0.225458 1 0 1.000000
  0 11.606441 5.287848 1.233723 0.490769 -0.868096 -0.074534 0.568322 0.175354 1 0 1.000000
..\..\..\Desktop\General\noesis\bowser_all
  0 10.453021 6.774974 -0.230414 -0.074533 -0.576479 -0.813705 0.587651 0.225458 1 0 1.000000
  0 12.156291 7.378637 0.347359 0.744648 -0.255768 -0.616508 0.543517 0.231881 1 0 1.000000
  0 11.606441 5.287848 1.233723 0.490769 -0.868096 -0.074534 0.568322 0.175354 1 0 1.000000
..\..\..\Desktop\General\noesis\bowser_all
  8 4.057059 5.472980 3.175859 0.110054 -0.697800 0.707788 0.189637 0.571481 1 8 1.000000
  2 4.085635 5.899757 3.343319 0.306106 0.222110 0.925725 0.198433 0.595664 1 2 1.000000
  8 3.816887 6.078717 3.507294 0.440231 -0.454330 0.774455 0.183827 0.600443 1 8 1.000000
..\..\..\Desktop\General\noesis\bowser_all
  2 4.085635 5.899757 3.343319 0.306106 0.222110 0.925725 0.198433 0.595664 1 2 1.000000
  8 4.057059 5.472980 3.175859 0.110054 -0.697800 0.707788 0.189637 0.571481 1 8 1.000000
  8 4.618883 4.585570 1.593164 -0.029598 -0.950242 0.310104 0.223342 0.532565 1 8 1.000000
..\..\..\Desktop\General\noesis\bowser_all
  8 4.623362 4.917417 1.668000 -0.795927 -0.555882 0.239780 0.227744 0.547734 1 8 1.000000
  2 4.085635 5.899757 3.343319 0.306106 0.222110 0.925725 0.198433 0.595664 1 2 1.000000
  8 4.618883 4.585570 1.593164 -0.029598 -0.950242 0.310104 0.223342 0.532565 1 8 1.000000
..\..\..\Desktop\General\noesis\bowser_all
  2 4.655865 6.555042 -0.129765 0.485192 -0.363709 -0.795176 0.264002 0.595569 1 2 1.000000
  8 4.623362 4.917417 1.668000 -0.795927 -0.555882 0.239780 0.227744 0.547734 1 8 1.000000
  8 4.618883 4.585570 1.593164 -0.029598 -0.950242 0.310104 0.223342 0.532565 1 8 1.000000
..\..\..\Desktop\General\noesis\bowser_all
  8 4.481976 6.538695 -0.318364 -0.117670 -0.856271 -0.502945 0.266928 0.590518 1 8 1.000000
  2 4.655865 6.555042 -0.129765 0.485192 -0.363709 -0.795176 0.264002 0.595569 1 2 1.000000
  8 4.618883 4.585570 1.593164 -0.029598 -0.950242 0.310104 0.223342 0.532565 1 8 1.000000
..\..\..\Desktop\General\noesis\bowser_all
  8 4.481976 6.538695 -0.318364 -0.117670 -0.856271 -0.502945 0.266928 0.590518 1 8 1.000000
  8 4.618883 4.585570 1.593164 -0.029598 -0.950242 0.310104 0.223342 0.532565 1 8 1.000000
  9 4.701798 2.289525 0.728627 0.037416 -0.032223 -0.998780 0.257017 0.462865 1 9 1.000000
..\..\..\Desktop\General\noesis\bowser_all
  8 4.618883 4.585570 1.593164 -0.029598 -0.950242 0.310104 0.223342 0.532565 1 8 1.000000
  8 4.057059 5.472980 3.175859 0.110054 -0.697800 0.707788 0.189637 0.571481 1 8 1.000000
  10 2.893300 2.152228 3.068800 0.555652 -0.448590 0.700013 0.145656 0.450566 1 10 1.000000
..\..\..\Desktop\General\noesis\bowser_all
  8 4.618883 4.585570 1.593164 -0.029598 -0.950242 0.310104 0.223342 0.532565 1 8 1.000000
  10 2.893300 2.152228 3.068800 0.555652 -0.448590 0.700013 0.145656 0.450566 1 10 1.000000
  9 4.701798 2.289525 0.728627 0.037416 -0.032223 -0.998780 0.257017 0.462865 1 9 1.000000
..\..\..\Desktop\General\noesis\bowser_all
  10 2.893300 2.152228 3.068800 0.555652 -0.448590 0.700013 0.145656 0.450566 1 10 1.000000
  9 -0.000005 -0.311461 1.701260 0.938540 -0.345170 -0.000000 0.045439 0.323367 1 9 1.000000
  9 4.701798 2.289525 0.728627 0.037416 -0.032223 -0.998780 0.257017 0.462865 1 9 1.000000
..\..\..\Desktop\General\noesis\bowser_all
  9 -0.000005 -0.311461 1.701260 0.938540 -0.345170 -0.000000 0.045439 0.323367 1 9 1.000000
  10 2.893300 2.152228 3.068800 0.555652 -0.448590 0.700013 0.145656 0.450566 1 10 1.000000
  10 0.000000 1.700606 3.733770 0.000000 -0.586422 0.810006 0.000872 0.432706 1 10 1.000000
..\..\..\Desktop\General\noesis\bowser_all
  9 -0.000005 -0.311461 1.701260 0.938540 -0.345170 -0.000000 0.045439 0.323367 1 9 1.000000
  10 0.000000 1.700606 3.733770 0.000000 -0.586422 0.810006 0.000872 0.432706 1 10 1.000000
  10 -2.893300 2.152228 3.068800 -0.555652 -0.448590 0.700013 0.145656 0.450566 1 10 1.000000
..\..\..\Desktop\General\noesis\bowser_all
  10 -2.893300 2.152228 3.068800 -0.555652 -0.448590 0.700013 0.145656 0.450566 1 10 1.000000
  9 -4.701801 2.289538 0.728587 0.037416 -0.032223 0.998780 0.257017 0.462865 1 9 1.000000
  9 -0.000005 -0.311461 1.701260 0.938540 -0.345170 -0.000000 0.045439 0.323367 1 9 1.000000
..\..\..\Desktop\General\noesis\bowser_all
  8 -4.618897 4.585504 1.593164 -0.029598 0.950242 0.310105 0.223342 0.532565 1 8 1.000000
  9 -4.701801 2.289538 0.728587 0.037416 -0.032223 0.998780 0.257017 0.462865 1 9 1.000000
  10 -2.893300 2.152228 3.068800 -0.555652 -0.448590 0.700013 0.145656 0.450566 1 10 1.000000
..\..\..\Desktop\General\noesis\bowser_all
  9 -4.701801 2.289538 0.728587 0.037416 -0.032223 0.998780 0.257017 0.462865 1 9 1.000000
  8 -4.482004 6.538630 -0.318364 -0.117670 0.856271 -0.502945 0.266928 0.590518 1 8 1.000000
  8 -3.896918 2.015594 -1.563278 -0.440177 0.769129 -0.463341 0.285585 0.440063 1 8 1.000000
..\..\..\Desktop\General\noesis\bowser_all
  8 -4.482004 6.538630 -0.318364 -0.117670 0.856271 -0.502945 0.266928 0.590518 1 8 1.000000
  9 -4.701801 2.289538 0.728587 0.037416 -0.032223 0.998780 0.257017 0.462865 1 9 1.000000
  8 -4.618897 4.585504 1.593164 -0.029598 0.950242 0.310105 0.223342 0.532565 1 8 1.000000
..\..\..\Desktop\General\noesis\bowser_all
  8 -4.482004 6.538630 -0.318364 -0.117670 0.856271 -0.502945 0.266928 0.590518 1 8 1.000000
  8 -4.618897 4.585504 1.593164 -0.029598 0.950242 0.310105 0.223342 0.532565 1 8 1.000000
  5 -4.655893 6.555003 -0.129763 0.485192 -0.363709 0.795176 0.264002 0.595569 1 5 1.000000
..\..\..\Desktop\General\noesis\bowser_all
  8 -4.618897 4.585504 1.593164 -0.029598 0.950242 0.310105 0.223342 0.532565 1 8 1.000000
  8 -4.623378 4.917351 1.668000 -0.795927 0.555882 0.239780 0.227744 0.547734 1 8 1.000000
  5 -4.655893 6.555003 -0.129763 0.485192 -0.363709 0.795176 0.264002 0.595569 1 5 1.000000
..\..\..\Desktop\General\noesis\bowser_all
  8 -4.623378 4.917351 1.668000 -0.795927 0.555882 0.239780 0.227744 0.547734 1 8 1.000000
  8 -4.618897 4.585504 1.593164 -0.029598 0.950242 0.310105 0.223342 0.532565 1 8 1.000000
  5 -4.085659 5.899729 3.343323 0.306107 0.222110 -0.925724 0.198433 0.595664 1 5 1.000000
..\..\..\Desktop\General\noesis\bowser_all
  8 -4.618897 4.585504 1.593164 -0.029598 0.950242 0.310105 0.223342 0.532565 1 8 1.000000
  10 -2.893300 2.152228 3.068800 -0.555652 -0.448590 0.700013 0.145656 0.450566 1 10 1.000000
  8 -4.057080 5.472922 3.175859 0.110054 0.697800 0.707788 0.189637 0.571481 1 8 1.000000
..\..\..\Desktop\General\noesis\bowser_all
  8 -4.618897 4.585504 1.593164 -0.029598 0.950242 0.310105 0.223342 0.532565 1 8 1.000000
  8 -4.057080 5.472922 3.175859 0.110054 0.697800 0.707788 0.189637 0.571481 1 8 1.000000
  5 -4.085659 5.899729 3.343323 0.306107 0.222110 -0.925724 0.198433 0.595664 1 5 1.000000
..\..\..\Desktop\General\noesis\bowser_all
  10 -2.893300 2.152228 3.068800 -0.555652 -0.448590 0.700013 0.145656 0.450566 1 10 1.000000
  8 -2.815478 4.858231 4.016283 0.406587 0.420563 0.811057 0.129858 0.577396 1 8 1.000000
  8 -4.057080 5.472922 3.175859 0.110054 0.697800 0.707788 0.189637 0.571481 1 8 1.000000
..\..\..\Desktop\General\noesis\bowser_all
  10 0.000000 1.700606 3.733770 0.000000 -0.586422 0.810006 0.000872 0.432706 1 10 1.000000
  8 -0.000005 4.059299 4.910324 0.268427 -0.000000 0.963300 0.000879 0.554021 1 8 1.000000
  10 -2.893300 2.152228 3.068800 -0.555652 -0.448590 0.700013 0.145656 0.450566 1 10 1.000000
..\..\..\Desktop\General\noesis\bowser_all
  10 0.000000 1.700606 3.733770 0.000000 -0.586422 0.810006 0.000872 0.432706 1 10 1.000000
  10 2.893300 2.152228 3.068800 0.555652 -0.448590 0.700013 0.145656 0.450566 1 10 1.000000
  8 -0.000005 4.059299 4.910324 0.268427 -0.000000 0.963300 0.000879 0.554021 1 8 1.000000
..\..\..\Desktop\General\noesis\bowser_all
  8 -0.000005 4.059299 4.910324 0.268427 -0.000000 0.963300 0.000879 0.554021 1 8 1.000000
  8 -2.815478 4.858231 4.016283 0.406587 0.420563 0.811057 0.129858 0.577396 1 8 1.000000
  10 -2.893300 2.152228 3.068800 -0.555652 -0.448590 0.700013 0.145656 0.450566 1 10 1.000000
..\..\..\Desktop\General\noesis\bowser_all
  8 -0.000005 4.059299 4.910324 0.268427 -0.000000 0.963300 0.000879 0.554021 1 8 1.000000
  8 -0.000014 6.343573 5.066471 0.541188 -0.000000 0.840901 0.000889 0.640949 1 8 1.000000
  8 -2.815478 4.858231 4.016283 0.406587 0.420563 0.811057 0.129858 0.577396 1 8 1.000000
..\..\..\Desktop\General\noesis\bowser_all
  10 2.893300 2.152228 3.068800 0.555652 -0.448590 0.700013 0.145656 0.450566 1 10 1.000000
  8 4.057059 5.472980 3.175859 0.110054 -0.697800 0.707788 0.189637 0.571481 1 8 1.000000
  8 2.815462 4.858271 4.016283 0.406587 -0.420563 0.811057 0.129858 0.577396 1 8 1.000000
..\..\..\Desktop\General\noesis\bowser_all
  8 4.057059 5.472980 3.175859 0.110054 -0.697800 0.707788 0.189637 0.571481 1 8 1.000000
  8 3.816887 6.078717 3.507294 0.440231 -0.454330 0.774455 0.183827 0.600443 1 8 1.000000
  8 2.815462 4.858271 4.016283 0.406587 -0.420563 0.811057 0.129858 0.577396 1 8 1.000000
..\..\..\Desktop\General\noesis\bowser_all
  8 -0.000005 4.059299 4.910324 0.268427 -0.000000 0.963300 0.000879 0.554021 1 8 1.000000
  8 2.815462 4.858271 4.016283 0.406587 -0.420563 0.811057 0.129858 0.577396 1 8 1.000000
  8 -0.000014 6.343573 5.066471 0.541188 -0.000000 0.840901 0.000889 0.640949 1 8 1.000000
..\..\..\Desktop\General\noesis\bowser_all
  8 -0.000005 4.059299 4.910324 0.268427 -0.000000 0.963300 0.000879 0.554021 1 8 1.000000
  10 2.893300 2.152228 3.068800 0.555652 -0.448590 0.700013 0.145656 0.450566 1 10 1.000000
  8 2.815462 4.858271 4.016283 0.406587 -0.420563 0.811057 0.129858 0.577396 1 8 1.000000
..\..\..\Desktop\General\noesis\bowser_all
  8 3.816887 6.078717 3.507294 0.440231 -0.454330 0.774455 0.183827 0.600443 1 8 1.000000
  2 4.085635 5.899757 3.343319 0.306106 0.222110 0.925725 0.198433 0.595664 1 2 1.000000
  8 3.786249 8.316152 3.078376 0.894521 -0.397730 0.204065 0.200099 0.665079 1 8 1.000000
..\..\..\Desktop\General\noesis\bowser_all
  8 2.815462 4.858271 4.016283 0.406587 -0.420563 0.811057 0.129858 0.577396 1 8 1.000000
  8 2.540263 7.321951 3.892600 0.719384 -0.294631 0.629030 0.091730 0.671280 1 8 1.000000
  8 -0.000014 6.343573 5.066471 0.541188 -0.000000 0.840901 0.000889 0.640949 1 8 1.000000
..\..\..\Desktop\General\noesis\bowser_all
  8 3.816887 6.078717 3.507294 0.440231 -0.454330 0.774455 0.183827 0.600443 1 8 1.000000
  8 3.786249 8.316152 3.078376 0.894521 -0.397730 0.204065 0.200099 0.665079 1 8 1.000000
  8 2.540263 7.321951 3.892600 0.719384 -0.294631 0.629030 0.091730 0.671280 1 8 1.000000
..\..\..\Desktop\General\noesis\bowser_all
  2 4.085635 5.899757 3.343319 0.306106 0.222110 0.925725 0.198433 0.595664 1 2 1.000000
  2 4.085632 8.214879 2.976594 0.322206 0.924594 0.203248 0.221773 0.663839 1 2 1.000000
  8 3.786249 8.316152 3.078376 0.894521 -0.397730 0.204065 0.200099 0.665079 1 8 1.000000
..\..\..\Desktop\General\noesis\bowser_all
  2 4.085632 8.214879 2.976594 0.322206 0.924594 0.203248 0.397838 0.430414 1 2 1.000000
  2 4.159502 8.501612 0.934131 0.330923 0.613967 -0.716613 0.406512 0.569413 1 2 1.000000
  8 3.786249 8.316152 3.078376 0.894521 -0.397730 0.204065 0.386931 0.432680 1 8 1.000000
..\..\..\Desktop\General\noesis\bowser_all
  2 4.159502 8.501612 0.934131 0.330923 0.613967 -0.716613 0.406512 0.569413 1 2 1.000000
  8 3.946798 8.644230 0.844666 0.572226 -0.565214 -0.594215 0.392498 0.573934 1 8 1.000000
  8 3.786249 8.316152 3.078376 0.894521 -0.397730 0.204065 0.386931 0.432680 1 8 1.000000
..\..\..\Desktop\General\noesis\bowser_all
  8 3.786249 8.316152 3.078376 0.894521 -0.397730 0.204065 0.386931 0.432680 1 8 1.000000
  8 3.946798 8.644230 0.844666 0.572226 -0.565214 -0.594215 0.392498 0.573934 1 8 1.000000
  8 1.760805 9.603613 1.613318 0.930862 -0.268745 -0.247532 0.318018 0.519896 1 8 1.000000
..\..\..\Desktop\General\noesis\bowser_all
  8 1.760805 9.603613 1.613318 0.930862 -0.268745 -0.247532 0.318018 0.519896 1 8 1.000000
  8 3.946798 8.644230 0.844666 0.572226 -0.565214 -0.594215 0.392498 0.573934 1 8 1.000000
  8 2.805227 8.923281 -0.584524 0.204711 -0.571373 -0.794749 0.326836 0.673182 1 8 1.000000
..\..\..\Desktop\General\noesis\bowser_all
  8 2.540263 7.321951 3.892600 0.719384 -0.294631 0.629030 0.346774 0.368127 1 8 1.000000
  8 3.786249 8.316152 3.078376 0.894521 -0.397730 0.204065 0.386931 0.432680 1 8 1.000000
  8 1.760805 9.603613 1.613318 0.930862 -0.268745 -0.247532 0.318018 0.519896 1 8 1.000000
..\..\..\Desktop\General\noesis\bowser_all
  2 4.159502 8.501612 0.934131 0.330923 0.613967 -0.716613 0.406512 0.569413 1 2 1.000000
  2 4.655865 6.555042 -0.129765 0.485192 -0.363709 -0.795176 0.420441 0.647510 1 2 1.000000
  8 3.946798 8.644230 0.844666 0.572226 -0.565214 -0.594215 0.392498 0.573934 1 8 1.000000
..\..\..\Desktop\General\noesis\bowser_all
  8 3.946798 8.644230 0.844666 0.572226 -0.565214 -0.594215 0.392498 0.573934 1 8 1.000000
  8 4.481976 6.538695 -0.318364 -0.117670 -0.856271 -0.502945 0.404840 0.651789 1 8 1.000000
  8 2.805227 8.923281 -0.584524 0.204711 -0.571373 -0.794749 0.326836 0.673182 1 8 1.000000
..\..\..\Desktop\General\noesis\bowser_all
  2 4.655865 6.555042 -0.129765 0.485192 -0.363709 -0.795176 0.420441 0.647510 1 2 1.000000
  8 4.481976 6.538695 -0.318364 -0.117670 -0.856271 -0.502945 0.404840 0.651789 1 8 1.000000
  8 3.946798 8.644230 0.844666 0.572226 -0.565214 -0.594215 0.392498 0.573934 1 8 1.000000
..\..\..\Desktop\General\noesis\bowser_all
  8 6.687055 6.858282 -1.550573 0.115499 -0.976951 0.179519 0.679341 0.612292 1 8 1.000000
  8 3.896922 2.015649 -1.563277 -0.150309 -0.416940 0.896420 0.662077 0.412314 1 8 1.000000
  8 5.777630 2.545226 -2.502732 -0.509467 -0.857316 0.073840 0.716943 0.409518 1 8 1.000000
..\..\..\Desktop\General\noesis\bowser_all
  8 6.687055 6.858282 -1.550573 0.115499 -0.976951 0.179519 0.679341 0.612292 1 8 1.000000
  8 5.777630 2.545226 -2.502732 -0.509467 -0.857316 0.073840 0.716943 0.409518 1 8 1.000000
  8 3.551923 7.185390 -6.068545 -0.196705 -0.613251 -0.765003 0.830867 0.550935 1 8 1.000000
..\..\..\Desktop\General\noesis\bowser_all
  8 6.687055 6.858282 -1.550573 0.115499 -0.976951 0.179519 0.679341 0.612292 1 8 1.000000
  8 3.551923 7.185390 -6.068545 -0.196705 -0.613251 -0.765003 0.830867 0.550935 1 8 1.000000
  8 3.109373 10.085862 -4.204632 0.342296 -0.557053 -0.756654 0.838387 0.680405 1 8 1.000000
..\..\..\Desktop\General\noesis\bowser_all
  8 6.687055 6.858282 -1.550573 0.115499 -0.976951 0.179519 0.679341 0.612292 1 8 1.000000
  8 3.109373 10.085862 -4.204632 0.342296 -0.557053 -0.756654 0.838387 0.680405 1 8 1.000000
  8 5.720263 9.982774 0.143259 0.631699 -0.771982 -0.070706 0.710103 0.766375 1 8 1.000000
..\..\..\Desktop\General\noesis\bowser_all
  8 4.085649 8.571927 0.935657 -0.149770 -0.459340 0.875543 0.656142 0.762109 1 8 1.000000
  8 6.687055 6.858282 -1.550573 0.115499 -0.976951 0.179519 0.679341 0.612292 1 8 1.000000
  8 5.720263 9.982774 0.143259 0.631699 -0.771982 -0.070706 0.710103 0.766375 1 8 1.000000
..\..\..\Desktop\General\noesis\bowser_all
  8 4.085649 8.571927 0.935657 -0.149770 -0.459340 0.875543 0.656142 0.762109 1 8 1.000000
  8 5.720263 9.982774 0.143259 0.631699 -0.771982 -0.070706 0.710103 0.766375 1 8 1.000000
  8 3.628606 9.312535 2.718243 0.171486 -0.459967 0.871219 0.755751 0.993458 1 8 1.000000
..\..\..\Desktop\General\noesis\bowser_all
  8 3.628606 9.312535 2.718243 0.171486 -0.459967 0.871219 0.755751 0.993458 1 8 1.000000
  8 5.720263 9.982774 0.143259 0.631699 -0.771982 -0.070706 0.710103 0.766375 1 8 1.000000
  8 3.274110 10.912394 2.298503 0.899247 -0.433085 -0.061579 0.811628 0.969746 1 8 1.000000
..\..\..\Desktop\General\noesis\bowser_all
  8 3.628606 9.312535 2.718243 0.171486 -0.459967 0.871219 0.755751 0.993458 1 8 1.000000
  8 3.274110 10.912394 2.298503 0.899247 -0.433085 -0.061579 0.811628 0.969746 1 8 1.000000
  8 -0.000034 11.887211 2.474402 0.999777 -0.000000 0.021103 0.999640 0.973842 1 8 1.000000
..\..\..\Desktop\General\noesis\bowser_all
  8 -0.000028 10.311911 2.943238 0.094132 -0.000000 0.995560 0.999640 1.041370 1 8 1.000000
  8 3.628606 9.312535 2.718243 0.171486 -0.459967 0.871219 0.755751 0.993458 1 8 1.000000
  8 -0.000034 11.887211 2.474402 0.999777 -0.000000 0.021103 0.999640 0.973842 1 8 1.000000
..\..\..\Desktop\General\noesis\bowser_all
  8 -0.000028 10.311911 2.943238 0.094132 -0.000000 0.995560 0.999640 1.041370 1 8 1.000000
  8 -0.000034 11.887211 2.474402 0.999777 -0.000000 0.021103 0.999640 0.973842 1 8 1.000000
  8 -3.628654 9.312481 2.718244 0.171485 0.459967 0.871219 1.243530 0.993458 1 8 1.000000
..\..\..\Desktop\General\noesis\bowser_all
  8 -0.000034 11.887211 2.474402 0.999777 -0.000000 0.021103 0.999640 0.973842 1 8 1.000000
  8 -3.274170 10.912350 2.298495 0.899247 0.433085 -0.061579 1.187650 0.969746 1 8 1.000000
  8 -3.628654 9.312481 2.718244 0.171485 0.459967 0.871219 1.243530 0.993458 1 8 1.000000
..\..\..\Desktop\General\noesis\bowser_all
  8 -0.000033 11.681451 1.115239 0.846495 0.000000 -0.532396 0.999640 0.902102 1 8 1.000000
  8 -0.000034 11.887211 2.474402 0.999777 -0.000000 0.021103 0.999640 0.973842 1 8 1.000000
  8 3.274110 10.912394 2.298503 0.899247 -0.433085 -0.061579 0.811628 0.969746 1 8 1.000000
..\..\..\Desktop\General\noesis\bowser_all
  8 -0.000033 11.681451 1.115239 0.846495 0.000000 -0.532396 0.999640 0.902102 1 8 1.000000
  8 -3.274170 10.912350 2.298495 0.899247 0.433085 -0.061579 1.187650 0.969746 1 8 1.000000
  8 -0.000034 11.887211 2.474402 0.999777 -0.000000 0.021103 0.999640 0.973842 1 8 1.000000
..\..\..\Desktop\General\noesis\bowser_all
  8 5.720263 9.982774 0.143259 0.631699 -0.771982 -0.070706 0.710103 0.766375 1 8 1.000000
  8 -0.000033 11.681451 1.115239 0.846495 0.000000 -0.532396 0.999640 0.902102 1 8 1.000000
  8 3.274110 10.912394 2.298503 0.899247 -0.433085 -0.061579 0.811628 0.969746 1 8 1.000000
..\..\..\Desktop\General\noesis\bowser_all
  8 3.109373 10.085862 -4.204632 0.342296 -0.557053 -0.756654 0.838387 0.680405 1 8 1.000000
  8 -0.000035 12.228042 -0.908790 0.802974 0.000000 -0.596014 0.999640 0.830362 1 8 1.000000
  8 5.720263 9.982774 0.143259 0.631699 -0.771982 -0.070706 0.710103 0.766375 1 8 1.000000
..\..\..\Desktop\General\noesis\bowser_all
  8 5.720263 9.982774 0.143259 0.631699 -0.771982 -0.070706 0.710103 0.766375 1 8 1.000000
  8 -0.000035 12.228042 -0.908790 0.802974 0.000000 -0.596014 0.999640 0.830362 1 8 1.000000
  8 -0.000033 11.681451 1.115239 0.846495 0.000000 -0.532396 0.999640 0.902102 1 8 1.000000
..\..\..\Desktop\General\noesis\bowser_all
  8 3.109373 10.085862 -4.204632 0.342296 -0.557053 -0.756654 0.838387 0.680405 1 8 1.000000
  8 -0.000031 11.101091 -4.942619 0.390545 0.000000 -0.920584 0.999640 0.682219 1 8 1.000000
  8 -0.000035 12.228042 -0.908790 0.802974 0.000000 -0.596014 0.999640 0.830362 1 8 1.000000
..\..\..\Desktop\General\noesis\bowser_all
  8 3.109373 10.085862 -4.204632 0.342296 -0.557053 -0.756654 0.838387 0.680405 1 8 1.000000
  8 3.551923 7.185390 -6.068545 -0.196705 -0.613251 -0.765003 0.830867 0.550935 1 8 1.000000
  8 -0.000019 7.777502 -7.318680 -0.266578 0.000000 -0.963813 0.999640 0.540288 1 8 1.000000
..\..\..\Desktop\General\noesis\bowser_all
  8 -0.000031 11.101091 -4.942619 0.390545 0.000000 -0.920584 0.999640 0.682219 1 8 1.000000
  8 3.109373 10.085862 -4.204632 0.342296 -0.557053 -0.756654 0.838387 0.680405 1 8 1.000000
  8 -0.000019 7.777502 -7.318680 -0.266578 0.000000 -0.963813 0.999640 0.540288 1 8 1.000000
..\..\..\Desktop\General\noesis\bowser_all
  8 -0.000031 11.101091 -4.942619 0.390545 0.000000 -0.920584 0.999640 0.682219 1 8 1.000000
  8 -0.000019 7.777502 -7.318680 -0.266578 0.000000 -0.963813 0.999640 0.540288 1 8 1.000000
  8 -3.109427 10.085819 -4.204632 0.342296 0.557053 -0.756654 1.160890 0.680405 1 8 1.000000
..\..\..\Desktop\General\noesis\bowser_all
  8 -3.109427 10.085819 -4.204632 0.342296 0.557053 -0.756654 1.160890 0.680405 1 8 1.000000
  8 -0.000035 12.228042 -0.908790 0.802974 0.000000 -0.596014 0.999640 0.830362 1 8 1.000000
  8 -0.000031 11.101091 -4.942619 0.390545 0.000000 -0.920584 0.999640 0.682219 1 8 1.000000
..\..\..\Desktop\General\noesis\bowser_all
  8 -5.720317 9.982693 0.143259 0.631699 0.771983 -0.070706 1.289170 0.766375 1 8 1.000000
  8 -0.000033 11.681451 1.115239 0.846495 0.000000 -0.532396 0.999640 0.902102 1 8 1.000000
  8 -0.000035 12.228042 -0.908790 0.802974 0.000000 -0.596014 0.999640 0.830362 1 8 1.000000
..\..\..\Desktop\General\noesis\bowser_all
  8 -3.109427 10.085819 -4.204632 0.342296 0.557053 -0.756654 1.160890 0.680405 1 8 1.000000
  8 -5.720317 9.982693 0.143259 0.631699 0.771983 -0.070706 1.289170 0.766375 1 8 1.000000
  8 -0.000035 12.228042 -0.908790 0.802974 0.000000 -0.596014 0.999640 0.830362 1 8 1.000000
..\..\..\Desktop\General\noesis\bowser_all
  8 -5.720317 9.982693 0.143259 0.631699 0.771983 -0.070706 1.289170 0.766375 1 8 1.000000
  8 -3.274170 10.912350 2.298495 0.899247 0.433085 -0.061579 1.187650 0.969746 1 8 1.000000
  8 -0.000033 11.681451 1.115239 0.846495 0.000000 -0.532396 0.999640 0.902102 1 8 1.000000
..\..\..\Desktop\General\noesis\bowser_all
  8 -3.628654 9.312481 2.718244 0.171485 0.459967 0.871219 1.243530 0.993458 1 8 1.000000
  8 -3.274170 10.912350 2.298495 0.899247 0.433085 -0.061579 1.187650 0.969746 1 8 1.000000
  8 -5.720317 9.982693 0.143259 0.631699 0.771983 -0.070706 1.289170 0.766375 1 8 1.000000
..\..\..\Desktop\General\noesis\bowser_all
  8 -3.109427 10.085819 -4.204632 0.342296 0.557053 -0.756654 1.160890 0.680405 1 8 1.000000
  8 -6.687075 6.858190 -1.550582 0.115499 0.976951 0.179518 1.319940 0.612292 1 8 1.000000
  8 -5.720317 9.982693 0.143259 0.631699 0.771983 -0.070706 1.289170 0.766375 1 8 1.000000
..\..\..\Desktop\General\noesis\bowser_all
  8 -0.000019 7.777502 -7.318680 -0.266578 0.000000 -0.963813 0.999640 0.540288 1 8 1.000000
  8 -3.551957 7.185339 -6.068544 -0.196705 0.613251 -0.765003 1.168410 0.550935 1 8 1.000000
  8 -3.109427 10.085819 -4.204632 0.342296 0.557053 -0.756654 1.160890 0.680405 1 8 1.000000
..\..\..\Desktop\General\noesis\bowser_all
  8 -3.109427 10.085819 -4.204632 0.342296 0.557053 -0.756654 1.160890 0.680405 1 8 1.000000
  8 -3.551957 7.185339 -6.068544 -0.196705 0.613251 -0.765003 1.168410 0.550935 1 8 1.000000
  8 -6.687075 6.858190 -1.550582 0.115499 0.976951 0.179518 1.319940 0.612292 1 8 1.000000
..\..\..\Desktop\General\noesis\bowser_all
  8 -0.000019 7.777502 -7.318680 -0.266578 0.000000 -0.963813 0.999640 0.540288 1 8 1.000000
  8 -0.000004 3.615946 -7.192104 -0.694098 0.000000 -0.719881 0.999639 0.378851 1 8 1.000000
  8 -3.551957 7.185339 -6.068544 -0.196705 0.613251 -0.765003 1.168410 0.550935 1 8 1.000000
..\..\..\Desktop\General\noesis\bowser_all
  8 -0.000019 7.777502 -7.318680 -0.266578 0.000000 -0.963813 0.999640 0.540288 1 8 1.000000
  8 3.551923 7.185390 -6.068545 -0.196705 -0.613251 -0.765003 0.830867 0.550935 1 8 1.000000
  8 -0.000004 3.615946 -7.192104 -0.694098 0.000000 -0.719881 0.999639 0.378851 1 8 1.000000
..\..\..\Desktop\General\noesis\bowser_all
  8 5.777630 2.545226 -2.502732 -0.509467 -0.857316 0.073840 0.716943 0.409518 1 8 1.000000
  8 3.273347 3.479859 -5.977865 -0.581751 -0.577220 -0.573047 0.838321 0.411463 1 8 1.000000
  8 3.551923 7.185390 -6.068545 -0.196705 -0.613251 -0.765003 0.830867 0.550935 1 8 1.000000
..\..\..\Desktop\General\noesis\bowser_all
  8 3.551923 7.185390 -6.068545 -0.196705 -0.613251 -0.765003 0.830867 0.550935 1 8 1.000000
  8 3.273347 3.479859 -5.977865 -0.581751 -0.577220 -0.573047 0.838321 0.411463 1 8 1.000000
  8 -0.000004 3.615946 -7.192104 -0.694098 0.000000 -0.719881 0.999639 0.378851 1 8 1.000000
..\..\..\Desktop\General\noesis\bowser_all
  8 5.777630 2.545226 -2.502732 -0.509467 -0.857316 0.073840 0.716943 0.409518 1 8 1.000000
  8 3.121503 1.888905 -5.442019 -0.651923 -0.551555 -0.520368 0.843809 0.348617 1 8 1.000000
  8 3.273347 3.479859 -5.977865 -0.581751 -0.577220 -0.573047 0.838321 0.411463 1 8 1.000000
..\..\..\Desktop\General\noesis\bowser_all
  8 3.194406 0.849679 -4.993395 -0.843869 -0.512491 0.158864 0.856750 0.292099 1 8 1.000000
  8 5.777630 2.545226 -2.502732 -0.509467 -0.857316 0.073840 0.716943 0.409518 1 8 1.000000
  8 3.896922 2.015649 -1.563277 -0.150309 -0.416940 0.896420 0.662077 0.412314 1 8 1.000000
..\..\..\Desktop\General\noesis\bowser_all
  8 5.777630 2.545226 -2.502732 -0.509467 -0.857316 0.073840 0.716943 0.409518 1 8 1.000000
  8 3.194406 0.849679 -4.993395 -0.843869 -0.512491 0.158864 0.856750 0.292099 1 8 1.000000
  8 3.121503 1.888905 -5.442019 -0.651923 -0.551555 -0.520368 0.843809 0.348617 1 8 1.000000
..\..\..\Desktop\General\noesis\bowser_all
  8 3.194406 0.849679 -4.993395 -0.843869 -0.512491 0.158864 0.856750 0.292099 1 8 1.000000
  8 3.896922 2.015649 -1.563277 -0.150309 -0.416940 0.896420 0.662077 0.412314 1 8 1.000000
  8 0.000010 -0.084868 -2.183812 -0.679281 -0.000000 0.733879 0.805894 0.287572 1 8 1.000000
..\..\..\Desktop\General\noesis\bowser_all
  8 3.121503 1.888905 -5.442019 -0.651923 -0.551555 -0.520368 0.843809 0.348617 1 8 1.000000
  8 3.194406 0.849679 -4.993395 -0.843869 -0.512491 0.158864 0.856750 0.292099 1 8 1.000000
  8 0.000008 0.518580 -6.246347 -0.986644 0.000000 -0.162890 0.999638 0.260965 1 8 1.000000
..\..\..\Desktop\General\noesis\bowser_all
  8 0.000008 0.518580 -6.246347 -0.986644 0.000000 -0.162890 0.999638 0.260965 1 8 1.000000
  8 3.194406 0.849679 -4.993395 -0.843869 -0.512491 0.158864 0.856750 0.292099 1 8 1.000000
  8 0.000010 -0.084868 -2.183812 -0.679281 -0.000000 0.733879 0.805894 0.287572 1 8 1.000000
..\..\..\Desktop\General\noesis\bowser_all
  8 -0.000004 3.615946 -7.192104 -0.694098 0.000000 -0.719881 0.999639 0.378851 1 8 1.000000
  8 3.273347 3.479859 -5.977865 -0.581751 -0.577220 -0.573047 0.838321 0.411463 1 8 1.000000
  8 0.000004 1.529774 -6.331871 -0.762885 0.000000 -0.646534 0.999639 0.314146 1 8 1.000000
..\..\..\Desktop\General\noesis\bowser_all
  8 0.000004 1.529774 -6.331871 -0.762885 0.000000 -0.646534 0.999639 0.314146 1 8 1.000000
  8 3.121503 1.888905 -5.442019 -0.651923 -0.551555 -0.520368 0.843809 0.348617 1 8 1.000000
  8 0.000008 0.518580 -6.246347 -0.986644 0.000000 -0.162890 0.999638 0.260965 1 8 1.000000
..\..\..\Desktop\General\noesis\bowser_all
  8 3.273347 3.479859 -5.977865 -0.581751 -0.577220 -0.573047 0.838321 0.411463 1 8 1.000000
  8 3.121503 1.888905 -5.442019 -0.651923 -0.551555 -0.520368 0.843809 0.348617 1 8 1.000000
  8 0.000004 1.529774 -6.331871 -0.762885 0.000000 -0.646534 0.999639 0.314146 1 8 1.000000
..\..\..\Desktop\General\noesis\bowser_all
  8 -0.000004 3.615946 -7.192104 -0.694098 0.000000 -0.719881 0.999639 0.378851 1 8 1.000000
  8 -3.273353 3.479812 -5.977865 -0.581751 0.577220 -0.573047 1.160950 0.411463 1 8 1.000000
  8 -3.551957 7.185339 -6.068544 -0.196705 0.613251 -0.765003 1.168410 0.550935 1 8 1.000000
..\..\..\Desktop\General\noesis\bowser_all
  8 -0.000004 3.615946 -7.192104 -0.694098 0.000000 -0.719881 0.999639 0.378851 1 8 1.000000
  8 0.000004 1.529774 -6.331871 -0.762885 0.000000 -0.646534 0.999639 0.314146 1 8 1.000000
  8 -3.273353 3.479812 -5.977865 -0.581751 0.577220 -0.573047 1.160950 0.411463 1 8 1.000000
..\..\..\Desktop\General\noesis\bowser_all
  8 -3.551957 7.185339 -6.068544 -0.196705 0.613251 -0.765003 1.168410 0.550935 1 8 1.000000
  8 -3.273353 3.479812 -5.977865 -0.581751 0.577220 -0.573047 1.160950 0.411463 1 8 1.000000
  8 -5.777629 2.545142 -2.502732 -0.509467 0.857316 0.073839 1.282330 0.409518 1 8 1.000000
..\..\..\Desktop\General\noesis\bowser_all
  8 -6.687075 6.858190 -1.550582 0.115499 0.976951 0.179518 1.319940 0.612292 1 8 1.000000
  8 -3.551957 7.185339 -6.068544 -0.196705 0.613251 -0.765003 1.168410 0.550935 1 8 1.000000
  8 -5.777629 2.545142 -2.502732 -0.509467 0.857316 0.073839 1.282330 0.409518 1 8 1.000000
..\..\..\Desktop\General\noesis\bowser_all
  8 -3.896918 2.015593 -1.563277 -0.150309 0.416940 0.896420 1.337200 0.412314 1 8 1.000000
  8 -6.687075 6.858190 -1.550582 0.115499 0.976951 0.179518 1.319940 0.612292 1 8 1.000000
  8 -5.777629 2.545142 -2.502732 -0.509467 0.857316 0.073839 1.282330 0.409518 1 8 1.000000
..\..\..\Desktop\General\noesis\bowser_all
  8 -3.896918 2.015593 -1.563277 -0.150309 0.416940 0.896420 1.337200 0.412314 1 8 1.000000
  8 -4.085691 8.571869 0.935657 -0.149770 0.459340 0.875543 1.343130 0.762109 1 8 1.000000
  8 -6.687075 6.858190 -1.550582 0.115499 0.976951 0.179518 1.319940 0.612292 1 8 1.000000
..\..\..\Desktop\General\noesis\bowser_all
  8 -3.896918 2.015593 -1.563277 -0.150309 0.416940 0.896420 1.337200 0.412314 1 8 1.000000
  8 -5.777629 2.545142 -2.502732 -0.509467 0.857316 0.073839 1.282330 0.409518 1 8 1.000000
  8 -3.194394 0.849632 -4.993395 -0.843869 0.512491 0.158864 1.142530 0.292099 1 8 1.000000
..\..\..\Desktop\General\noesis\bowser_all
  8 0.000004 1.529774 -6.331871 -0.762885 0.000000 -0.646534 0.999639 0.314146 1 8 1.000000
  8 0.000008 0.518580 -6.246347 -0.986644 0.000000 -0.162890 0.999638 0.260965 1 8 1.000000
  8 -3.194394 0.849632 -4.993395 -0.843869 0.512491 0.158864 1.142530 0.292099 1 8 1.000000
..\..\..\Desktop\General\noesis\bowser_all
  8 0.000008 0.518580 -6.246347 -0.986644 0.000000 -0.162890 0.999638 0.260965 1 8 1.000000
  8 0.000010 -0.084868 -2.183812 -0.679281 -0.000000 0.733879 1.193380 0.287572 1 8 1.000000
  8 -3.194394 0.849632 -4.993395 -0.843869 0.512491 0.158864 1.142530 0.292099 1 8 1.000000
..\..\..\Desktop\General\noesis\bowser_all
  8 -3.896918 2.015593 -1.563277 -0.150309 0.416940 0.896420 1.337200 0.412314 1 8 1.000000
  8 -3.194394 0.849632 -4.993395 -0.843869 0.512491 0.158864 1.142530 0.292099 1 8 1.000000
  8 0.000010 -0.084868 -2.183812 -0.679281 -0.000000 0.733879 1.193380 0.287572 1 8 1.000000
..\..\..\Desktop\General\noesis\bowser_all
  8 -3.121497 1.888859 -5.442019 -0.651923 0.551555 -0.520369 1.155470 0.348617 1 8 1.000000
  8 0.000004 1.529774 -6.331871 -0.762885 0.000000 -0.646534 0.999639 0.314146 1 8 1.000000
  8 -3.194394 0.849632 -4.993395 -0.843869 0.512491 0.158864 1.142530 0.292099 1 8 1.000000
..\..\..\Desktop\General\noesis\bowser_all
  8 -5.777629 2.545142 -2.502732 -0.509467 0.857316 0.073839 1.282330 0.409518 1 8 1.000000
  8 -3.273353 3.479812 -5.977865 -0.581751 0.577220 -0.573047 1.160950 0.411463 1 8 1.000000
  8 -3.121497 1.888859 -5.442019 -0.651923 0.551555 -0.520369 1.155470 0.348617 1 8 1.000000
..\..\..\Desktop\General\noesis\bowser_all
  8 0.000004 1.529774 -6.331871 -0.762885 0.000000 -0.646534 0.999639 0.314146 1 8 1.000000
  8 -3.121497 1.888859 -5.442019 -0.651923 0.551555 -0.520369 1.155470 0.348617 1 8 1.000000
  8 -3.273353 3.479812 -5.977865 -0.581751 0.577220 -0.573047 1.160950 0.411463 1 8 1.000000
..\..\..\Desktop\General\noesis\bowser_all
  8 -5.777629 2.545142 -2.502732 -0.509467 0.857316 0.073839 1.282330 0.409518 1 8 1.000000
  8 -3.121497 1.888859 -5.442019 -0.651923 0.551555 -0.520369 1.155470 0.348617 1 8 1.000000
  8 -3.194394 0.849632 -4.993395 -0.843869 0.512491 0.158864 1.142530 0.292099 1 8 1.000000
..\..\..\Desktop\General\noesis\bowser_all
  8 -6.687075 6.858190 -1.550582 0.115499 0.976951 0.179518 1.319940 0.612292 1 8 1.000000
  8 -4.085691 8.571869 0.935657 -0.149770 0.459340 0.875543 1.343130 0.762109 1 8 1.000000
  8 -5.720317 9.982693 0.143259 0.631699 0.771983 -0.070706 1.289170 0.766375 1 8 1.000000
..\..\..\Desktop\General\noesis\bowser_all
  8 -4.085691 8.571869 0.935657 -0.149770 0.459340 0.875543 1.343130 0.762109 1 8 1.000000
  8 -3.628654 9.312481 2.718244 0.171485 0.459967 0.871219 1.243530 0.993458 1 8 1.000000
  8 -5.720317 9.982693 0.143259 0.631699 0.771983 -0.070706 1.289170 0.766375 1 8 1.000000
..\..\..\Desktop\General\noesis\bowser_all
  8 4.085649 8.571927 0.935657 -0.149770 -0.459340 0.875543 0.634434 0.690330 1 8 1.000000
  8 3.628606 9.312535 2.718243 0.171486 -0.459967 0.871219 0.634434 0.690330 1 8 1.000000
  8 -0.000028 10.311911 2.943238 0.094132 -0.000000 0.995560 0.634434 0.690330 1 8 1.000000
..\..\..\Desktop\General\noesis\bowser_all
  8 -0.000028 10.311911 2.943238 0.094132 -0.000000 0.995560 0.634434 0.690330 1 8 1.000000
  8 -3.628654 9.312481 2.718244 0.171485 0.459967 0.871219 0.634434 0.690330 1 8 1.000000
  8 -4.085691 8.571869 0.935657 -0.149770 0.459340 0.875543 0.634434 0.690330 1 8 1.000000
..\..\..\Desktop\General\noesis\bowser_all
  8 -3.896918 2.015593 -1.563277 -0.150309 0.416940 0.896420 1.015470 0.267815 1 8 1.000000
  8 0.000010 -0.084868 -2.183812 -0.679281 -0.000000 0.733879 1.000680 0.255287 1 8 1.000000
  8 3.896922 2.015649 -1.563277 -0.150309 -0.416940 0.896420 0.984294 0.267815 1 8 1.000000
..\..\..\Desktop\General\noesis\bowser_all
  8 4.085649 8.571927 0.935657 -0.149770 -0.459340 0.875543 0.656142 0.762109 1 8 1.000000
  8 3.896922 2.015649 -1.563277 -0.150309 -0.416940 0.896420 0.662077 0.412314 1 8 1.000000
  8 6.687055 6.858282 -1.550573 0.115499 -0.976951 0.179519 0.679341 0.612292 1 8 1.000000
..\..\..\Desktop\General\noesis\bowser_all
  8 -0.000032 11.515311 -2.783072 -0.160440 0.000000 -0.987046 1.060600 -0.012825 1 8 1.000000
  8 -0.000044 14.559752 -1.505330 0.802974 0.000000 -0.596014 1.000270 0.138608 1 8 1.000000
  8 1.591259 11.229076 -0.190467 0.647084 -0.760207 0.058041 1.000270 -0.012825 1 8 1.000000
..\..\..\Desktop\General\noesis\bowser_all
  8 -0.000032 11.515311 -2.783072 -0.160440 0.000000 -0.987046 1.060600 -0.012825 1 8 1.000000
  8 -1.591321 11.229055 -0.190467 0.647083 0.760207 0.058041 1.000270 -0.012825 1 8 1.000000
  8 -0.000044 14.559752 -1.505330 0.802974 0.000000 -0.596014 1.000270 0.138608 1 8 1.000000
..\..\..\Desktop\General\noesis\bowser_all
  8 -0.000044 14.559752 -1.505330 0.802974 0.000000 -0.596014 1.000270 0.138608 1 8 1.000000
  8 -1.591321 11.229055 -0.190467 0.647083 0.760207 0.058041 1.000270 -0.012825 1 8 1.000000
  8 1.591259 11.229076 -0.190467 0.647084 -0.760207 0.058041 1.000270 -0.012825 1 8 1.000000
..\..\..\Desktop\General\noesis\bowser_all
  8 2.214779 11.045039 -1.584922 0.767061 0.459971 -0.447262 0.939934 -0.009106 1 8 1.000000
  8 4.928594 12.478589 -2.467923 0.611914 -0.626390 -0.482904 1.000270 0.138608 1 8 1.000000
  8 3.262353 10.104263 -3.421751 -0.266025 -0.145204 -0.952967 1.000270 -0.012148 1 8 1.000000
..\..\..\Desktop\General\noesis\bowser_all
  8 3.678222 10.412304 -0.448533 0.800433 -0.450680 0.395214 1.000270 -0.012148 1 8 1.000000
  8 4.928594 12.478589 -2.467923 0.611914 -0.626390 -0.482904 1.000270 0.138608 1 8 1.000000
  8 2.214779 11.045039 -1.584922 0.767061 0.459971 -0.447262 0.939934 -0.009106 1 8 1.000000
..\..\..\Desktop\General\noesis\bowser_all
  8 3.678222 10.412304 -0.448533 0.800433 -0.450680 0.395214 1.000270 -0.012148 1 8 1.000000
  8 4.456696 9.277847 -1.853548 -0.192022 -0.981389 0.001992 1.060600 -0.020938 1 8 1.000000
  8 4.928594 12.478589 -2.467923 0.611914 -0.626390 -0.482904 1.000270 0.138608 1 8 1.000000
..\..\..\Desktop\General\noesis\bowser_all
  8 3.262353 10.104263 -3.421751 -0.266025 -0.145204 -0.952967 1.000270 -0.012148 1 8 1.000000
  8 4.928594 12.478589 -2.467923 0.611914 -0.626390 -0.482904 1.000270 0.138608 1 8 1.000000
  8 4.456696 9.277847 -1.853548 -0.192022 -0.981389 0.001992 1.060600 -0.020938 1 8 1.000000
..\..\..\Desktop\General\noesis\bowser_all
  8 2.697229 8.223627 -5.422172 -0.219391 0.219526 -0.950619 1.000270 -0.027362 1 8 1.000000
  8 5.953676 9.308714 -5.823452 0.012043 -0.741869 -0.670437 1.000270 0.138608 1 8 1.000000
  8 4.120245 6.823479 -4.788883 -0.841028 -0.514252 -0.167980 1.060600 -0.020262 1 8 1.000000
..\..\..\Desktop\General\noesis\bowser_all
  8 3.537416 9.323359 -3.799735 0.902721 -0.111501 -0.415526 0.939934 -0.012825 1 8 1.000000
  8 5.953676 9.308714 -5.823452 0.012043 -0.741869 -0.670437 1.000270 0.138608 1 8 1.000000
  8 2.697229 8.223627 -5.422172 -0.219391 0.219526 -0.950619 1.000270 -0.027362 1 8 1.000000
..\..\..\Desktop\General\noesis\bowser_all
  8 3.537416 9.323359 -3.799735 0.902721 -0.111501 -0.415526 0.939934 -0.012825 1 8 1.000000
  8 4.744262 7.600136 -2.991117 0.232255 -0.914667 0.330821 1.000270 -0.027362 1 8 1.000000
  8 5.953676 9.308714 -5.823452 0.012043 -0.741869 -0.670437 1.000270 0.138608 1 8 1.000000
..\..\..\Desktop\General\noesis\bowser_all
  8 4.120245 6.823479 -4.788883 -0.841028 -0.514252 -0.167980 1.060600 -0.020262 1 8 1.000000
  8 5.953676 9.308714 -5.823452 0.012043 -0.741869 -0.670437 1.000270 0.138608 1 8 1.000000
  8 4.744262 7.600136 -2.991117 0.232255 -0.914667 0.330821 1.000270 -0.027362 1 8 1.000000
..\..\..\Desktop\General\noesis\bowser_all
  8 2.378510 5.384588 -5.916448 -0.506095 0.119376 -0.854176 1.000270 -0.036490 1 8 1.000000
  8 5.787780 5.199733 -6.330847 -0.340603 -0.785600 -0.516548 1.000270 0.138608 1 8 1.000000
  8 3.575805 3.957996 -5.062690 -0.919909 -0.327486 0.215687 1.060600 -0.029728 1 8 1.000000
..\..\..\Desktop\General\noesis\bowser_all
  8 3.635806 6.601916 -5.039633 0.595624 -0.405065 -0.693653 0.939934 -0.029728 1 8 1.000000
  8 5.787780 5.199733 -6.330847 -0.340603 -0.785600 -0.516548 1.000270 0.138608 1 8 1.000000
  8 2.378510 5.384588 -5.916448 -0.506095 0.119376 -0.854176 1.000270 -0.036490 1 8 1.000000
..\..\..\Desktop\General\noesis\bowser_all
  8 3.635806 6.601916 -5.039633 0.595624 -0.405065 -0.693653 0.939934 -0.029728 1 8 1.000000
  8 4.381920 5.211133 -3.929161 0.233950 -0.862254 0.449205 1.000270 -0.036490 1 8 1.000000
  8 5.787780 5.199733 -6.330847 -0.340603 -0.785600 -0.516548 1.000270 0.138608 1 8 1.000000
..\..\..\Desktop\General\noesis\bowser_all
  8 3.575805 3.957996 -5.062690 -0.919909 -0.327486 0.215687 1.060600 -0.029728 1 8 1.000000
  8 5.787780 5.199733 -6.330847 -0.340603 -0.785600 -0.516548 1.000270 0.138608 1 8 1.000000
  8 4.381920 5.211133 -3.929161 0.233950 -0.862254 0.449205 1.000270 -0.036490 1 8 1.000000
..\..\..\Desktop\General\noesis\bowser_all
  8 -0.000011 5.591914 -6.976747 0.240404 -0.000000 -0.970673 0.939934 -0.018045 1 8 1.000000
  8 1.501427 3.424763 -6.375354 -0.690371 -0.688708 -0.221515 1.000270 -0.024689 1 8 1.000000
  8 -0.000005 3.941880 -8.680063 -0.611871 0.000000 -0.790957 1.000270 0.138608 1 8 1.000000
..\..\..\Desktop\General\noesis\bowser_all
  8 1.501427 3.424763 -6.375354 -0.690371 -0.688708 -0.221515 1.000270 -0.024689 1 8 1.000000
  8 -1.501433 3.424741 -6.375354 -0.690371 0.688708 -0.221515 1.000270 -0.024689 1 8 1.000000
  8 -0.000005 3.941880 -8.680063 -0.611871 0.000000 -0.790957 1.000270 0.138608 1 8 1.000000
..\..\..\Desktop\General\noesis\bowser_all
  8 -0.000011 5.591914 -6.976747 0.240404 -0.000000 -0.970673 0.939934 -0.018045 1 8 1.000000
  8 -0.000005 3.941880 -8.680063 -0.611871 0.000000 -0.790957 1.000270 0.138608 1 8 1.000000
  8 -1.501433 3.424741 -6.375354 -0.690371 0.688708 -0.221515 1.000270 -0.024689 1 8 1.000000
..\..\..\Desktop\General\noesis\bowser_all
  8 -0.000023 9.049708 -6.338810 0.759572 0.000000 -0.650424 0.939934 -0.012825 1 8 1.000000
  8 1.591982 7.552565 -6.539048 -0.102763 -0.899408 -0.424860 1.000270 -0.020892 1 8 1.000000
  8 -0.000022 8.549007 -9.659756 -0.235097 0.000000 -0.971972 1.000270 0.138608 1 8 1.000000
..\..\..\Desktop\General\noesis\bowser_all
  8 -0.000023 9.049708 -6.338810 0.759572 0.000000 -0.650424 0.939934 -0.012825 1 8 1.000000
  8 -0.000022 8.549007 -9.659756 -0.235097 0.000000 -0.971972 1.000270 0.138608 1 8 1.000000
  8 -1.592018 7.552542 -6.539048 -0.102763 0.899407 -0.424860 1.000270 -0.020892 1 8 1.000000
..\..\..\Desktop\General\noesis\bowser_all
  8 -0.000012 6.028865 -7.093463 -0.976371 0.000000 -0.216100 1.060600 -0.020892 1 8 1.000000
  8 -0.000022 8.549007 -9.659756 -0.235097 0.000000 -0.971972 1.000270 0.138608 1 8 1.000000
  8 1.591982 7.552565 -6.539048 -0.102763 -0.899408 -0.424860 1.000270 -0.020892 1 8 1.000000
..\..\..\Desktop\General\noesis\bowser_all
  8 -0.000012 6.028865 -7.093463 -0.976371 0.000000 -0.216100 1.060600 -0.020892 1 8 1.000000
  8 -1.592018 7.552542 -6.539048 -0.102763 0.899407 -0.424860 1.000270 -0.020892 1 8 1.000000
  8 -0.000022 8.549007 -9.659756 -0.235097 0.000000 -0.971972 1.000270 0.138608 1 8 1.000000
..\..\..\Desktop\General\noesis\bowser_all
  8 -0.000032 11.407751 -3.381867 0.995445 0.000000 -0.095335 0.939934 -0.012825 1 8 1.000000
  8 1.536422 10.386057 -4.460888 0.162137 -0.907902 -0.386557 1.000270 -0.012825 1 8 1.000000
  8 -0.000038 12.987382 -6.546042 0.390545 0.000000 -0.920584 1.000270 0.138608 1 8 1.000000
..\..\..\Desktop\General\noesis\bowser_all
  8 -0.000032 11.407751 -3.381867 0.995445 0.000000 -0.095335 0.939934 -0.012825 1 8 1.000000
  8 -0.000038 12.987382 -6.546042 0.390545 0.000000 -0.920584 1.000270 0.138608 1 8 1.000000
  8 -1.536478 10.386025 -4.460888 0.162137 0.907902 -0.386557 1.000270 -0.012825 1 8 1.000000
..\..\..\Desktop\General\noesis\bowser_all
  8 -0.000025 9.491744 -5.825405 -0.694098 0.000000 -0.719881 1.060600 -0.012825 1 8 1.000000
  8 -1.536478 10.386025 -4.460888 0.162137 0.907902 -0.386557 1.000270 -0.012825 1 8 1.000000
  8 -0.000038 12.987382 -6.546042 0.390545 0.000000 -0.920584 1.000270 0.138608 1 8 1.000000
..\..\..\Desktop\General\noesis\bowser_all
  8 -0.000025 9.491744 -5.825405 -0.694098 0.000000 -0.719881 1.060600 -0.012825 1 8 1.000000
  8 -0.000038 12.987382 -6.546042 0.390545 0.000000 -0.920584 1.000270 0.138608 1 8 1.000000
  8 1.536422 10.386057 -4.460888 0.162137 -0.907902 -0.386557 1.000270 -0.012825 1 8 1.000000
..\..\..\Desktop\General\noesis\bowser_all
  8 -2.214840 11.045013 -1.584922 0.767061 -0.459972 -0.447262 0.939934 -0.009106 1 8 1.000000
  8 -3.262407 10.104219 -3.421751 -0.266025 0.145204 -0.952967 1.000270 -0.012148 1 8 1.000000
  8 -4.928666 12.478514 -2.467923 0.611914 0.626390 -0.482904 1.000270 0.138608 1 8 1.000000
..\..\..\Desktop\General\noesis\bowser_all
  8 -3.678278 10.412248 -0.448533 0.800433 0.450680 0.395214 1.000270 -0.012148 1 8 1.000000
  8 -2.214840 11.045013 -1.584922 0.767061 -0.459972 -0.447262 0.939934 -0.009106 1 8 1.000000
  8 -4.928666 12.478514 -2.467923 0.611914 0.626390 -0.482904 1.000270 0.138608 1 8 1.000000
..\..\..\Desktop\General\noesis\bowser_all
  8 -3.262407 10.104219 -3.421751 -0.266025 0.145204 -0.952967 1.000270 -0.012148 1 8 1.000000
  8 -4.456744 9.277782 -1.853548 -0.192022 0.981389 0.001992 1.060600 -0.020938 1 8 1.000000
  8 -4.928666 12.478514 -2.467923 0.611914 0.626390 -0.482904 1.000270 0.138608 1 8 1.000000
..\..\..\Desktop\General\noesis\bowser_all
  8 -3.678278 10.412248 -0.448533 0.800433 0.450680 0.395214 1.000270 -0.012148 1 8 1.000000
  8 -4.928666 12.478514 -2.467923 0.611914 0.626390 -0.482904 1.000270 0.138608 1 8 1.000000
  8 -4.456744 9.277782 -1.853548 -0.192022 0.981389 0.001992 1.060600 -0.020938 1 8 1.000000
..\..\..\Desktop\General\noesis\bowser_all
  8 -2.697270 8.223588 -5.422172 -0.219391 -0.219526 -0.950619 1.000270 -0.027362 1 8 1.000000
  8 -4.120275 6.823419 -4.788883 -0.841028 0.514252 -0.167980 1.060600 -0.020262 1 8 1.000000
  8 -5.953724 9.308628 -5.823452 0.012043 0.741869 -0.670437 1.000270 0.138608 1 8 1.000000
..\..\..\Desktop\General\noesis\bowser_all
  8 -3.537464 9.323306 -3.799735 0.902721 0.111501 -0.415526 0.939934 -0.012825 1 8 1.000000
  8 -2.697270 8.223588 -5.422172 -0.219391 -0.219526 -0.950619 1.000270 -0.027362 1 8 1.000000
  8 -5.953724 9.308628 -5.823452 0.012043 0.741869 -0.670437 1.000270 0.138608 1 8 1.000000
..\..\..\Desktop\General\noesis\bowser_all
  8 -3.537464 9.323306 -3.799735 0.902721 0.111501 -0.415526 0.939934 -0.012825 1 8 1.000000
  8 -5.953724 9.308628 -5.823452 0.012043 0.741869 -0.670437 1.000270 0.138608 1 8 1.000000
  8 -4.744298 7.600068 -2.991117 0.232255 0.914667 0.330821 1.000270 -0.027362 1 8 1.000000
..\..\..\Desktop\General\noesis\bowser_all
  8 -4.120275 6.823419 -4.788883 -0.841028 0.514252 -0.167980 1.060600 -0.020262 1 8 1.000000
  8 -4.744298 7.600068 -2.991117 0.232255 0.914667 0.330821 1.000270 -0.027362 1 8 1.000000
  8 -5.953724 9.308628 -5.823452 0.012043 0.741869 -0.670437 1.000270 0.138608 1 8 1.000000
..\..\..\Desktop\General\noesis\bowser_all
  8 -2.378530 5.384554 -5.916448 -0.506095 -0.119376 -0.854176 1.000270 -0.036490 1 8 1.000000
  8 -3.575815 3.957936 -5.062696 -0.919909 0.327486 0.215687 1.060600 -0.029728 1 8 1.000000
  8 -5.787799 5.199649 -6.330847 -0.340603 0.785600 -0.516548 1.000270 0.138608 1 8 1.000000
..\..\..\Desktop\General\noesis\bowser_all
  8 -3.635834 6.601863 -5.039633 0.595624 0.405065 -0.693653 0.939934 -0.029728 1 8 1.000000
  8 -2.378530 5.384554 -5.916448 -0.506095 -0.119376 -0.854176 1.000270 -0.036490 1 8 1.000000
  8 -5.787799 5.199649 -6.330847 -0.340603 0.785600 -0.516548 1.000270 0.138608 1 8 1.000000
..\..\..\Desktop\General\noesis\bowser_all
  8 -3.635834 6.601863 -5.039633 0.595624 0.405065 -0.693653 0.939934 -0.029728 1 8 1.000000
  8 -5.787799 5.199649 -6.330847 -0.340603 0.785600 -0.516548 1.000270 0.138608 1 8 1.000000
  8 -4.381939 5.211069 -3.929161 0.233950 0.862254 0.449205 1.000270 -0.036490 1 8 1.000000
..\..\..\Desktop\General\noesis\bowser_all
  8 -3.575815 3.957936 -5.062696 -0.919909 0.327486 0.215687 1.060600 -0.029728 1 8 1.000000
  8 -4.381939 5.211069 -3.929161 0.233950 0.862254 0.449205 1.000270 -0.036490 1 8 1.000000
  8 -5.787799 5.199649 -6.330847 -0.340603 0.785600 -0.516548 1.000270 0.138608 1 8 1.000000
..\..\..\Desktop\General\noesis\bowser_all
  8 -2.383948 10.359782 2.375210 0.720644 0.692579 0.031725 -0.132903 0.000195 1 8 1.000000
  8 -2.435215 9.558266 1.510570 0.052907 0.988748 -0.139921 -0.132903 0.073751 1 8 1.000000
  8 -2.904130 8.145174 4.770949 0.821930 0.448547 0.351052 -0.013394 0.000195 1 8 1.000000
..\..\..\Desktop\General\noesis\bowser_all
  8 -2.435215 9.558266 1.510570 0.052907 0.988748 -0.139921 -0.132903 0.073751 1 8 1.000000
  8 -2.904127 7.196866 3.896969 -0.049816 0.917036 0.395680 -0.013394 0.073751 1 8 1.000000
  8 -2.904130 8.145174 4.770949 0.821930 0.448547 0.351052 -0.013394 0.000195 1 8 1.000000
..\..\..\Desktop\General\noesis\bowser_all
  8 -2.904130 8.145174 4.770949 0.821930 0.448547 0.351052 -0.013394 0.000195 1 8 1.000000
  8 -2.904127 7.196866 3.896969 -0.049816 0.917036 0.395680 -0.013394 0.073751 1 8 1.000000
  8 -0.000015 6.816970 6.239284 0.366859 0.000019 0.930277 0.124550 0.000195 1 8 1.000000
..\..\..\Desktop\General\noesis\bowser_all
  8 -2.904127 7.196866 3.896969 -0.049816 0.917036 0.395680 -0.013394 0.073751 1 8 1.000000
  8 -0.000012 5.833467 5.397284 -0.167005 0.000022 0.985956 0.124547 0.073751 1 8 1.000000
  8 -0.000015 6.816970 6.239284 0.366859 0.000019 0.930277 0.124550 0.000195 1 8 1.000000
..\..\..\Desktop\General\noesis\bowser_all
  8 -0.000015 6.816970 6.239284 0.366859 0.000019 0.930277 0.124550 0.000195 1 8 1.000000
  8 -0.000012 5.833467 5.397284 -0.167005 0.000022 0.985956 0.124547 0.073751 1 8 1.000000
  8 2.904360 8.145216 4.770949 0.819508 -0.450977 0.353591 0.262519 0.000195 1 8 1.000000
..\..\..\Desktop\General\noesis\bowser_all
  8 -0.000012 5.833467 5.397284 -0.167005 0.000022 0.985956 0.124547 0.073751 1 8 1.000000
  8 2.904363 7.196908 3.896969 -0.062497 -0.915865 0.396593 0.262519 0.073751 1 8 1.000000
  8 2.904360 8.145216 4.770949 0.819508 -0.450977 0.353591 0.262519 0.000195 1 8 1.000000
..\..\..\Desktop\General\noesis\bowser_all
  8 2.904360 8.145216 4.770949 0.819508 -0.450977 0.353591 0.262519 0.000195 1 8 1.000000
  8 2.904363 7.196908 3.896969 -0.062497 -0.915865 0.396593 0.262519 0.073751 1 8 1.000000
  8 2.434902 10.359811 2.375210 0.712779 -0.700553 0.034212 0.381029 0.000195 1 8 1.000000
..\..\..\Desktop\General\noesis\bowser_all
  8 2.904363 7.196908 3.896969 -0.062497 -0.915865 0.396593 0.262519 0.073751 1 8 1.000000
  8 2.434905 9.558290 1.510565 0.031160 -0.990085 -0.136973 0.381029 0.073751 1 8 1.000000
  8 2.434902 10.359811 2.375210 0.712779 -0.700553 0.034212 0.381029 0.000195 1 8 1.000000
..\..\..\Desktop\General\noesis\bowser_all
  8 -2.383948 10.359782 2.375210 0.720644 0.692579 0.031725 0.315947 0.015755 1 8 1.000000
  8 -2.904130 8.145174 4.770949 0.821930 0.448547 0.351052 0.318586 0.005173 1 8 1.000000
  8 -0.000030 10.791091 1.930346 0.982334 0.000055 0.187134 0.322470 0.020715 1 8 1.000000
..\..\..\Desktop\General\noesis\bowser_all
  8 -0.000030 10.791091 1.930346 0.982334 0.000055 0.187134 0.322470 0.020715 1 8 1.000000
  8 -2.904130 8.145174 4.770949 0.821930 0.448547 0.351052 0.318586 0.005173 1 8 1.000000
  8 2.904360 8.145216 4.770949 0.819508 -0.450977 0.353591 0.336392 0.012788 1 8 1.000000
..\..\..\Desktop\General\noesis\bowser_all
  8 -0.000030 10.791091 1.930346 0.982334 0.000055 0.187134 0.322470 0.020715 1 8 1.000000
  8 2.904360 8.145216 4.770949 0.819508 -0.450977 0.353591 0.336392 0.012788 1 8 1.000000
  8 2.434902 10.359811 2.375210 0.712779 -0.700553 0.034212 0.330720 0.022072 1 8 1.000000
..\..\..\Desktop\General\noesis\bowser_all
  8 2.904360 8.145216 4.770949 0.819508 -0.450977 0.353591 0.336392 0.012788 1 8 1.000000
  8 -2.904130 8.145174 4.770949 0.821930 0.448547 0.351052 0.318586 0.005173 1 8 1.000000
  8 -0.000015 6.816970 6.239284 0.366859 0.000019 0.930277 0.330085 0.002909 1 8 1.000000
..\..\..\Desktop\General\noesis\bowser_all
  8 3.816887 6.078717 3.507294 0.440231 -0.454330 0.774455 0.183827 0.600443 1 8 1.000000
  8 2.540263 7.321951 3.892600 0.719384 -0.294631 0.629030 0.091730 0.671280 1 8 1.000000
  8 2.815462 4.858271 4.016283 0.406587 -0.420563 0.811057 0.129858 0.577396 1 8 1.000000
..\..\..\Desktop\General\noesis\bowser_all
  8 2.805227 8.923281 -0.584524 0.204711 -0.571373 -0.794749 0.291812 0.679061 1 8 1.000000
  8 4.481976 6.538695 -0.318364 -0.117670 -0.856271 -0.502945 0.266928 0.590518 1 8 1.000000
  8 3.896922 2.015650 -1.563278 -0.440177 -0.769129 -0.463341 0.285585 0.440063 1 8 1.000000
..\..\..\Desktop\General\noesis\bowser_all
  8 -1.760855 9.603589 1.613318 0.930862 0.268745 -0.247532 0.318018 0.519896 1 8 1.000000
  8 -2.805273 8.923239 -0.584524 0.204711 0.571373 -0.794749 0.326836 0.673182 1 8 1.000000
  8 -3.946842 8.644173 0.844666 0.572226 0.565214 -0.594215 0.392498 0.573934 1 8 1.000000
..\..\..\Desktop\General\noesis\bowser_all
  8 -3.786291 8.316097 3.078376 0.894521 0.397731 0.204065 0.386931 0.432680 1 8 1.000000
  8 -1.760855 9.603589 1.613318 0.930862 0.268745 -0.247532 0.318018 0.519896 1 8 1.000000
  8 -3.946842 8.644173 0.844666 0.572226 0.565214 -0.594215 0.392498 0.573934 1 8 1.000000
..\..\..\Desktop\General\noesis\bowser_all
  8 -3.786291 8.316097 3.078376 0.894521 0.397731 0.204065 0.386931 0.432680 1 8 1.000000
  8 -3.946842 8.644173 0.844666 0.572226 0.565214 -0.594215 0.392498 0.573934 1 8 1.000000
  5 -4.159544 8.501579 0.934127 0.330923 0.613967 0.716613 0.406512 0.569413 1 5 1.000000
..\..\..\Desktop\General\noesis\bowser_all
  5 -4.085673 8.214853 2.976592 0.322207 0.924593 -0.203248 0.397838 0.430414 1 5 1.000000
  8 -3.786291 8.316097 3.078376 0.894521 0.397731 0.204065 0.386931 0.432680 1 8 1.000000
  5 -4.159544 8.501579 0.934127 0.330923 0.613967 0.716613 0.406512 0.569413 1 5 1.000000
..\..\..\Desktop\General\noesis\bowser_all
  5 -4.159544 8.501579 0.934127 0.330923 0.613967 0.716613 0.406512 0.569413 1 5 1.000000
  8 -3.946842 8.644173 0.844666 0.572226 0.565214 -0.594215 0.392498 0.573934 1 8 1.000000
  5 -4.655893 6.555003 -0.129763 0.485192 -0.363709 0.795176 0.420441 0.647510 1 5 1.000000
..\..\..\Desktop\General\noesis\bowser_all
  8 -3.946842 8.644173 0.844666 0.572226 0.565214 -0.594215 0.392498 0.573934 1 8 1.000000
  8 -4.482004 6.538630 -0.318364 -0.117670 0.856271 -0.502945 0.404840 0.651789 1 8 1.000000
  5 -4.655893 6.555003 -0.129763 0.485192 -0.363709 0.795176 0.420441 0.647510 1 5 1.000000
..\..\..\Desktop\General\noesis\bowser_all
  8 -3.946842 8.644173 0.844666 0.572226 0.565214 -0.594215 0.392498 0.573934 1 8 1.000000
  8 -2.805273 8.923239 -0.584524 0.204711 0.571373 -0.794749 0.326836 0.673182 1 8 1.000000
  8 -4.482004 6.538630 -0.318364 -0.117670 0.856271 -0.502945 0.404840 0.651789 1 8 1.000000
..\..\..\Desktop\General\noesis\bowser_all
  8 -2.815478 4.858231 4.016283 0.406587 0.420563 0.811057 0.129858 0.577396 1 8 1.000000
  8 -0.000014 6.343573 5.066471 0.541188 -0.000000 0.840901 0.000889 0.640949 1 8 1.000000
  8 -2.540297 7.321915 3.892600 0.719385 0.294631 0.629030 0.091730 0.671280 1 8 1.000000
..\..\..\Desktop\General\noesis\bowser_all
  8 -3.816913 6.078663 3.507294 0.440231 0.454331 0.774455 0.183827 0.600443 1 8 1.000000
  8 -2.815478 4.858231 4.016283 0.406587 0.420563 0.811057 0.129858 0.577396 1 8 1.000000
  8 -2.540297 7.321915 3.892600 0.719385 0.294631 0.629030 0.091730 0.671280 1 8 1.000000
..\..\..\Desktop\General\noesis\bowser_all
  8 -2.815478 4.858231 4.016283 0.406587 0.420563 0.811057 0.129858 0.577396 1 8 1.000000
  8 -3.816913 6.078663 3.507294 0.440231 0.454331 0.774455 0.183827 0.600443 1 8 1.000000
  8 -4.057080 5.472922 3.175859 0.110054 0.697800 0.707788 0.189637 0.571481 1 8 1.000000
..\..\..\Desktop\General\noesis\bowser_all
  8 -4.057080 5.472922 3.175859 0.110054 0.697800 0.707788 0.189637 0.571481 1 8 1.000000
  8 -3.816913 6.078663 3.507294 0.440231 0.454331 0.774455 0.183827 0.600443 1 8 1.000000
  5 -4.085659 5.899729 3.343323 0.306107 0.222110 -0.925724 0.198433 0.595664 1 5 1.000000
..\..\..\Desktop\General\noesis\bowser_all
  8 -3.816913 6.078663 3.507294 0.440231 0.454331 0.774455 0.183827 0.600443 1 8 1.000000
  8 -3.786291 8.316097 3.078376 0.894521 0.397731 0.204065 0.200099 0.665079 1 8 1.000000
  5 -4.085659 5.899729 3.343323 0.306107 0.222110 -0.925724 0.198433 0.595664 1 5 1.000000
..\..\..\Desktop\General\noesis\bowser_all
  8 -3.816913 6.078663 3.507294 0.440231 0.454331 0.774455 0.183827 0.600443 1 8 1.000000
  8 -2.540297 7.321915 3.892600 0.719385 0.294631 0.629030 0.091730 0.671280 1 8 1.000000
  8 -3.786291 8.316097 3.078376 0.894521 0.397731 0.204065 0.200099 0.665079 1 8 1.000000
..\..\..\Desktop\General\noesis\bowser_all
  8 -3.786291 8.316097 3.078376 0.894521 0.397731 0.204065 0.200099 0.665079 1 8 1.000000
  5 -4.085673 8.214853 2.976592 0.322207 0.924593 -0.203248 0.221773 0.663839 1 5 1.000000
  5 -4.085659 5.899729 3.343323 0.306107 0.222110 -0.925724 0.198433 0.595664 1 5 1.000000
..\..\..\Desktop\General\noesis\bowser_all
  8 -2.805273 8.923239 -0.584524 0.204711 0.571373 -0.794749 0.291812 0.679061 1 8 1.000000
  8 -3.896918 2.015594 -1.563278 -0.440177 0.769129 -0.463341 0.285585 0.440063 1 8 1.000000
  8 -4.482004 6.538630 -0.318364 -0.117670 0.856271 -0.502945 0.266928 0.590518 1 8 1.000000
..\..\..\Desktop\General\noesis\bowser_all
  8 -2.540297 7.321915 3.892600 0.719385 0.294631 0.629030 0.346774 0.368127 1 8 1.000000
  8 -1.760855 9.603589 1.613318 0.930862 0.268745 -0.247532 0.318018 0.519896 1 8 1.000000
  8 -3.786291 8.316097 3.078376 0.894521 0.397731 0.204065 0.386931 0.432680 1 8 1.000000
..\..\..\Desktop\General\noesis\bowser_all
  5 -6.559010 6.463575 0.161853 0.062768 -0.769420 0.635651 0.200685 0.132388 1 5 1.000000
  8 -4.623378 4.917351 1.668000 -0.795927 0.555882 0.239780 0.088638 0.026134 1 8 1.000000
  5 -6.654643 4.922394 1.740152 0.001952 -0.790340 -0.612665 0.088638 0.145713 1 5 1.000000
..\..\..\Desktop\General\noesis\bowser_all
  5 -6.559010 6.463575 0.161853 0.062768 -0.769420 0.635651 0.200685 0.132388 1 5 1.000000
  5 -4.655893 6.555003 -0.129763 0.485192 -0.363709 0.795176 0.200685 0.000407 1 5 1.000000
  8 -4.623378 4.917351 1.668000 -0.795927 0.555882 0.239780 0.088638 0.026134 1 8 1.000000
..\..\..\Desktop\General\noesis\bowser_all
  5 -4.655893 6.555003 -0.129763 0.485192 -0.363709 0.795176 0.200685 0.000407 1 5 1.000000
  5 -6.559010 6.463575 0.161853 0.062768 -0.769420 0.635651 0.200685 0.132388 1 5 1.000000
  5 -6.559022 8.011476 0.931357 0.106336 0.332834 0.936971 0.284176 0.132388 1 5 1.000000
..\..\..\Desktop\General\noesis\bowser_all
  5 -4.655893 6.555003 -0.129763 0.485192 -0.363709 0.795176 0.200685 0.000407 1 5 1.000000
  5 -6.559022 8.011476 0.931357 0.106336 0.332834 0.936971 0.284176 0.132388 1 5 1.000000
  5 -4.159544 8.501579 0.934127 0.330923 0.613967 0.716613 0.284176 0.000407 1 5 1.000000
..\..\..\Desktop\General\noesis\bowser_all
  5 -6.654666 8.027328 2.860466 0.023042 0.970048 -0.241818 0.377267 0.145713 1 5 1.000000
  5 -4.159544 8.501579 0.934127 0.330923 0.613967 0.716613 0.284176 0.000407 1 5 1.000000
  5 -6.559022 8.011476 0.931357 0.106336 0.332834 0.936971 0.284176 0.132388 1 5 1.000000
..\..\..\Desktop\General\noesis\bowser_all
  5 -6.654666 8.027328 2.860466 0.023042 0.970048 -0.241818 0.377267 0.145713 1 5 1.000000
  5 -4.085673 8.214853 2.976592 0.322207 0.924593 -0.203248 0.377267 0.001804 1 5 1.000000
  5 -4.159544 8.501579 0.934127 0.330923 0.613967 0.716613 0.284176 0.000407 1 5 1.000000
..\..\..\Desktop\General\noesis\bowser_all
  5 -4.085659 5.899729 3.343323 0.306107 0.222110 -0.925724 0.480790 0.001804 1 5 1.000000
  5 -4.085673 8.214853 2.976592 0.322207 0.924593 -0.203248 0.377267 0.001804 1 5 1.000000
  5 -6.654666 8.027328 2.860466 0.023042 0.970048 -0.241818 0.377267 0.145713 1 5 1.000000
..\..\..\Desktop\General\noesis\bowser_all
  5 -6.542492 5.920966 3.302403 0.146442 0.161048 -0.976022 0.480790 0.134183 1 5 1.000000
  5 -4.085659 5.899729 3.343323 0.306107 0.222110 -0.925724 0.480790 0.001804 1 5 1.000000
  5 -6.654666 8.027328 2.860466 0.023042 0.970048 -0.241818 0.377267 0.145713 1 5 1.000000
..\..\..\Desktop\General\noesis\bowser_all
  4 -7.213245 6.016414 3.138852 0.022210 0.170668 -0.985078 0.480790 0.171264 1 4 1.000000
  5 -6.542492 5.920966 3.302403 0.146442 0.161048 -0.976022 0.480790 0.134183 1 5 1.000000
  5 -6.654666 8.027328 2.860466 0.023042 0.970048 -0.241818 0.377267 0.145713 1 5 1.000000
..\..\..\Desktop\General\noesis\bowser_all
  4 -9.382231 5.854195 3.576399 0.600928 0.128339 -0.788933 0.480790 0.277899 1 4 1.000000
  4 -7.213245 6.016414 3.138852 0.022210 0.170668 -0.985078 0.480790 0.171264 1 4 1.000000
  5 -6.654666 8.027328 2.860466 0.023042 0.970048 -0.241818 0.377267 0.145713 1 5 1.000000
..\..\..\Desktop\General\noesis\bowser_all
  4 -9.382231 5.854195 3.576399 0.600928 0.128339 -0.788933 0.480790 0.277899 1 4 1.000000
  5 -6.654666 8.027328 2.860466 0.023042 0.970048 -0.241818 0.377267 0.145713 1 5 1.000000
  4 -9.382247 8.355254 2.985363 0.453997 0.885147 -0.101987 0.377267 0.277899 1 4 1.000000
..\..\..\Desktop\General\noesis\bowser_all
  4 -9.382247 8.355254 2.985363 0.453997 0.885147 -0.101987 0.377267 0.277899 1 4 1.000000
  5 -6.654666 8.027328 2.860466 0.023042 0.970048 -0.241818 0.377267 0.145713 1 5 1.000000
  4 -6.768469 8.011536 0.931619 -0.064769 0.435295 0.897955 0.284176 0.158846 1 4 1.000000
..\..\..\Desktop\General\noesis\bowser_all
  4 -9.382243 8.397537 0.826995 0.727125 0.298194 0.618361 0.284176 0.277899 1 4 1.000000
  4 -9.382247 8.355254 2.985363 0.453997 0.885147 -0.101987 0.377267 0.277899 1 4 1.000000
  4 -6.768469 8.011536 0.931619 -0.064769 0.435295 0.897955 0.284176 0.158846 1 4 1.000000
..\..\..\Desktop\General\noesis\bowser_all
  4 -9.382243 8.397537 0.826995 0.727125 0.298194 0.618361 0.284176 0.277899 1 4 1.000000
  4 -6.768469 8.011536 0.931619 -0.064769 0.435295 0.897955 0.284176 0.158846 1 4 1.000000
  4 -9.382228 6.449106 -0.072312 0.757412 -0.443526 0.479177 0.200170 0.277899 1 4 1.000000
..\..\..\Desktop\General\noesis\bowser_all
  4 -6.768469 8.011536 0.931619 -0.064769 0.435295 0.897955 0.284176 0.158846 1 4 1.000000
  4 -6.768458 6.463585 0.162589 -0.039873 -0.671246 0.740161 0.200685 0.158846 1 4 1.000000
  4 -9.382228 6.449106 -0.072312 0.757412 -0.443526 0.479177 0.200170 0.277899 1 4 1.000000
..\..\..\Desktop\General\noesis\bowser_all
  4 -9.382228 6.449106 -0.072312 0.757412 -0.443526 0.479177 0.200170 0.277899 1 4 1.000000
  4 -6.768458 6.463585 0.162589 -0.039873 -0.671246 0.740161 0.200685 0.158846 1 4 1.000000
  4 -9.382221 4.825446 1.746529 0.496895 -0.785467 -0.368967 0.088638 0.277899 1 4 1.000000
..\..\..\Desktop\General\noesis\bowser_all
  4 -6.768458 6.463585 0.162589 -0.039873 -0.671246 0.740161 0.200685 0.158846 1 4 1.000000
  5 -6.654643 4.922394 1.740152 0.001952 -0.790340 -0.612665 0.088638 0.145713 1 5 1.000000
  4 -9.382221 4.825446 1.746529 0.496895 -0.785467 -0.368967 0.088638 0.277899 1 4 1.000000
..\..\..\Desktop\General\noesis\bowser_all
  4 -9.382231 5.854195 3.576399 0.600928 0.128339 -0.788933 -0.013245 0.277899 1 4 1.000000
  4 -9.382221 4.825446 1.746529 0.496895 -0.785467 -0.368967 0.088638 0.277899 1 4 1.000000
  5 -6.654643 4.922394 1.740152 0.001952 -0.790340 -0.612665 0.088638 0.145713 1 5 1.000000
..\..\..\Desktop\General\noesis\bowser_all
  4 -9.382231 5.854195 3.576399 0.600928 0.128339 -0.788933 -0.013245 0.277899 1 4 1.000000
  5 -6.654643 4.922394 1.740152 0.001952 -0.790340 -0.612665 0.088638 0.145713 1 5 1.000000
  4 -7.213245 6.016414 3.138852 0.022210 0.170668 -0.985078 -0.013245 0.171264 1 4 1.000000
..\..\..\Desktop\General\noesis\bowser_all
  4 -7.213245 6.016414 3.138852 0.022210 0.170668 -0.985078 -0.013245 0.171264 1 4 1.000000
  5 -6.654643 4.922394 1.740152 0.001952 -0.790340 -0.612665 0.088638 0.145713 1 5 1.000000
  5 -6.542492 5.920966 3.302403 0.146442 0.161048 -0.976022 -0.013245 0.134183 1 5 1.000000
..\..\..\Desktop\General\noesis\bowser_all
  5 -6.654643 4.922394 1.740152 0.001952 -0.790340 -0.612665 0.088638 0.145713 1 5 1.000000
  8 -4.623378 4.917351 1.668000 -0.795927 0.555882 0.239780 0.088638 0.026134 1 8 1.000000
  5 -4.085659 5.899729 3.343323 0.306107 0.222110 -0.925724 -0.013245 0.001804 1 5 1.000000
..\..\..\Desktop\General\noesis\bowser_all
  5 -6.654643 4.922394 1.740152 0.001952 -0.790340 -0.612665 0.088638 0.145713 1 5 1.000000
  5 -4.085659 5.899729 3.343323 0.306107 0.222110 -0.925724 -0.013245 0.001804 1 5 1.000000
  5 -6.542492 5.920966 3.302403 0.146442 0.161048 -0.976022 -0.013245 0.134183 1 5 1.000000
..\..\..\Desktop\General\noesis\bowser_all
  4 -6.768458 6.463585 0.162589 -0.039873 -0.671246 0.740161 0.200685 0.188668 1 4 1.000000
  5 -6.559010 6.463575 0.161853 0.062768 -0.769420 0.635651 0.200685 0.104303 1 5 1.000000
  5 -6.654643 4.922394 1.740152 0.001952 -0.790340 -0.612665 0.088638 0.145713 1 5 1.000000
..\..\..\Desktop\General\noesis\bowser_all
  5 -6.559022 8.011476 0.931357 0.106336 0.332834 0.936971 0.284176 0.104303 1 5 1.000000
  5 -6.559010 6.463575 0.161853 0.062768 -0.769420 0.635651 0.200685 0.104303 1 5 1.000000
  4 -6.768458 6.463585 0.162589 -0.039873 -0.671246 0.740161 0.200685 0.188668 1 4 1.000000
..\..\..\Desktop\General\noesis\bowser_all
  4 -6.768469 8.011536 0.931619 -0.064769 0.435295 0.897955 0.284176 0.188668 1 4 1.000000
  5 -6.654666 8.027328 2.860466 0.023042 0.970048 -0.241818 0.377267 0.145713 1 5 1.000000
  5 -6.559022 8.011476 0.931357 0.106336 0.332834 0.936971 0.284176 0.104303 1 5 1.000000
..\..\..\Desktop\General\noesis\bowser_all
  4 -6.768469 8.011536 0.931619 -0.064769 0.435295 0.897955 0.284176 0.188668 1 4 1.000000
  5 -6.559022 8.011476 0.931357 0.106336 0.332834 0.936971 0.284176 0.104303 1 5 1.000000
  4 -6.768458 6.463585 0.162589 -0.039873 -0.671246 0.740161 0.200685 0.188668 1 4 1.000000
..\..\..\Desktop\General\noesis\bowser_all
  3 -10.475622 8.701598 0.703426 -0.228209 0.610755 0.758221 0.403343 0.623870 1 3 1.000000
  4 -8.973273 7.914907 2.666858 -0.364392 0.931159 -0.012694 0.336090 0.497534 1 4 1.000000
  4 -8.973270 7.946415 1.058481 -0.474043 0.210581 0.854950 0.337737 0.578520 1 4 1.000000
..\..\..\Desktop\General\noesis\bowser_all
  3 -12.241022 8.300571 2.983051 0.535188 0.840675 0.082702 0.477865 0.497600 1 3 1.000000
  4 -8.973273 7.914907 2.666858 -0.364392 0.931159 -0.012694 0.336090 0.497534 1 4 1.000000
  3 -10.475622 8.701598 0.703426 -0.228209 0.610755 0.758221 0.403343 0.623870 1 3 1.000000
..\..\..\Desktop\General\noesis\bowser_all
  4 -8.973273 7.914907 2.666858 -0.364392 0.931159 -0.012694 0.336090 0.497534 1 4 1.000000
  3 -12.241022 8.300571 2.983051 0.535188 0.840675 0.082702 0.477865 0.497600 1 3 1.000000
  3 -10.651222 7.006579 4.017684 -0.067133 0.523879 -0.849143 0.410755 0.399155 1 3 1.000000
..\..\..\Desktop\General\noesis\bowser_all
  3 -10.651222 7.006579 4.017684 -0.067133 0.523879 -0.849143 0.410755 0.399155 1 3 1.000000
  4 -8.973262 6.051166 3.107284 -0.527612 0.147057 -0.836660 0.307028 0.420953 1 4 1.000000
  4 -8.973273 7.914907 2.666858 -0.364392 0.931159 -0.012694 0.336090 0.497534 1 4 1.000000
..\..\..\Desktop\General\noesis\bowser_all
  3 -10.651222 7.006579 4.017684 -0.067133 0.523879 -0.849143 0.410755 0.399155 1 3 1.000000
  3 -12.241022 8.300571 2.983051 0.535188 0.840675 0.082702 0.477865 0.497600 1 3 1.000000
  3 -12.023492 7.137843 3.979703 0.422631 0.597558 -0.681401 0.468683 0.405868 1 3 1.000000
..\..\..\Desktop\General\noesis\bowser_all
  3 -10.475622 8.701598 0.703426 -0.228209 0.610755 0.758221 0.403343 0.623870 1 3 1.000000
  3 -11.511082 8.670184 0.742157 0.351268 0.302491 0.886064 0.447052 0.620815 1 3 1.000000
  3 -12.241022 8.300571 2.983051 0.535188 0.840675 0.082702 0.477865 0.497600 1 3 1.000000
..\..\..\Desktop\General\noesis\bowser_all
  3 -10.602592 4.820014 3.200245 -0.129968 -0.346638 -0.928951 0.539324 0.044770 1 3 1.000000
  3 -10.964772 4.491711 1.826679 0.065452 -0.965379 -0.252506 0.541752 0.029884 1 3 1.000000
  4 -8.973253 5.284557 1.743703 -0.390994 -0.881001 -0.266384 0.509288 0.041170 1 4 1.000000
..\..\..\Desktop\General\noesis\bowser_all
  4 -8.973262 6.051166 3.107284 -0.527612 0.147057 -0.836660 0.497766 0.078879 1 4 1.000000
  3 -10.602592 4.820014 3.200245 -0.129968 -0.346638 -0.928951 0.539324 0.044770 1 3 1.000000
  4 -8.973253 5.284557 1.743703 -0.390994 -0.881001 -0.266384 0.509288 0.041170 1 4 1.000000
..\..\..\Desktop\General\noesis\bowser_all
  3 -10.651222 7.006579 4.017684 -0.067133 0.523879 -0.849143 0.540512 0.094192 1 3 1.000000
  3 -10.602592 4.820014 3.200245 -0.129968 -0.346638 -0.928951 0.539324 0.044770 1 3 1.000000
  4 -8.973262 6.051166 3.107284 -0.527612 0.147057 -0.836660 0.497766 0.078879 1 4 1.000000
..\..\..\Desktop\General\noesis\bowser_all
  3 -11.287962 4.800641 2.718876 0.504118 -0.422837 -0.753043 0.556075 0.043475 1 3 1.000000
  3 -10.602592 4.820014 3.200245 -0.129968 -0.346638 -0.928951 0.539324 0.044770 1 3 1.000000
  3 -10.651222 7.006579 4.017684 -0.067133 0.523879 -0.849143 0.540512 0.094192 1 3 1.000000
..\..\..\Desktop\General\noesis\bowser_all
  3 -12.572202 5.718896 3.171269 0.725363 -0.145230 -0.672872 0.587464 0.061491 1 3 1.000000
  3 -11.287962 4.800641 2.718876 0.504118 -0.422837 -0.753043 0.556075 0.043475 1 3 1.000000
  3 -10.651222 7.006579 4.017684 -0.067133 0.523879 -0.849143 0.540512 0.094192 1 3 1.000000
..\..\..\Desktop\General\noesis\bowser_all
  3 -12.023492 7.137843 3.979703 0.422631 0.597558 -0.681401 0.574053 0.096302 1 3 1.000000
  3 -12.572202 5.718896 3.171269 0.725363 -0.145230 -0.672872 0.587464 0.061491 1 3 1.000000
  3 -10.651222 7.006579 4.017684 -0.067133 0.523879 -0.849143 0.540512 0.094192 1 3 1.000000
..\..\..\Desktop\General\noesis\bowser_all
  3 -9.730081 5.753931 1.027541 -0.142985 -0.962324 0.231276 0.607787 0.188165 1 3 1.000000
  4 -8.973253 5.284557 1.743703 -0.390994 -0.881001 -0.266384 0.607095 0.153062 1 4 1.000000
  3 -10.964772 4.491711 1.826679 0.065452 -0.965379 -0.252506 0.574385 0.147920 1 3 1.000000
..\..\..\Desktop\General\noesis\bowser_all
  3 -10.964772 4.491711 1.826679 0.065452 -0.965379 -0.252506 0.574385 0.147920 1 3 1.000000
  3 -11.606462 5.287762 1.233727 0.490769 -0.868096 0.074534 0.568322 0.175354 1 3 1.000000
  3 -9.730081 5.753931 1.027541 -0.142985 -0.962324 0.231276 0.607787 0.188165 1 3 1.000000
..\..\..\Desktop\General\noesis\bowser_all
  3 -10.964772 4.491711 1.826679 0.065452 -0.965379 -0.252506 0.574385 0.147920 1 3 1.000000
  3 -11.287962 4.800641 2.718876 0.504118 -0.422837 -0.753043 0.566010 0.142413 1 3 1.000000
  3 -11.606462 5.287762 1.233727 0.490769 -0.868096 0.074534 0.568322 0.175354 1 3 1.000000
..\..\..\Desktop\General\noesis\bowser_all
  3 -11.287962 4.800641 2.718876 0.504118 -0.422837 -0.753043 0.566010 0.142413 1 3 1.000000
  3 -10.964772 4.491711 1.826679 0.065452 -0.965379 -0.252506 0.574385 0.147920 1 3 1.000000
  3 -10.602592 4.820014 3.200245 -0.129968 -0.346638 -0.928951 0.583768 0.121795 1 3 1.000000
..\..\..\Desktop\General\noesis\bowser_all
  3 -11.606462 5.287762 1.233727 0.490769 -0.868096 0.074534 0.568322 0.175354 1 3 1.000000
  3 -11.287962 4.800641 2.718876 0.504118 -0.422837 -0.753043 0.566010 0.142413 1 3 1.000000
  3 -12.572202 5.718896 3.171269 0.725363 -0.145230 -0.672872 0.532735 0.137957 1 3 1.000000
..\..\..\Desktop\General\noesis\bowser_all
  3 -11.606462 5.287762 1.233727 0.490769 -0.868096 0.074534 0.568322 0.175354 1 3 1.000000
  3 -12.572202 5.718896 3.171269 0.725363 -0.145230 -0.672872 0.532735 0.137957 1 3 1.000000
  3 -12.993572 6.497384 2.004548 0.973593 -0.219800 0.061686 0.521819 0.178363 1 3 1.000000
..\..\..\Desktop\General\noesis\bowser_all
  3 -12.156332 7.378546 0.347358 0.744648 -0.255768 0.616508 0.543517 0.231881 1 3 1.000000
  3 -11.606462 5.287762 1.233727 0.490769 -0.868096 0.074534 0.568322 0.175354 1 3 1.000000
  3 -12.993572 6.497384 2.004548 0.973593 -0.219800 0.061686 0.521819 0.178363 1 3 1.000000
..\..\..\Desktop\General\noesis\bowser_all
  3 -12.156332 7.378546 0.347358 0.744648 -0.255768 0.616508 0.543517 0.231881 1 3 1.000000
  3 -12.993572 6.497384 2.004548 0.973593 -0.219800 0.061686 0.521819 0.178363 1 3 1.000000
  3 -12.241022 8.300571 2.983051 0.535188 0.840675 0.082702 0.499988 0.186786 1 3 1.000000
..\..\..\Desktop\General\noesis\bowser_all
  3 -12.241022 8.300571 2.983051 0.535188 0.840675 0.082702 0.499988 0.186786 1 3 1.000000
  3 -12.993572 6.497384 2.004548 0.973593 -0.219800 0.061686 0.521819 0.178363 1 3 1.000000
  3 -12.572202 5.718896 3.171269 0.725363 -0.145230 -0.672872 0.532735 0.137957 1 3 1.000000
..\..\..\Desktop\General\noesis\bowser_all
  3 -11.511082 8.670184 0.742157 0.351268 0.302491 0.886064 0.505174 0.233014 1 3 1.000000
  3 -12.156332 7.378546 0.347358 0.744648 -0.255768 0.616508 0.543517 0.231881 1 3 1.000000
  3 -12.241022 8.300571 2.983051 0.535188 0.840675 0.082702 0.499988 0.186786 1 3 1.000000
..\..\..\Desktop\General\noesis\bowser_all
  3 -10.453052 6.774893 -0.230414 -0.074532 -0.576480 0.813705 0.587651 0.225458 1 3 1.000000
  3 -11.606462 5.287762 1.233727 0.490769 -0.868096 0.074534 0.568322 0.175354 1 3 1.000000
  3 -12.156332 7.378546 0.347358 0.744648 -0.255768 0.616508 0.543517 0.231881 1 3 1.000000
..\..\..\Desktop\General\noesis\bowser_all
  3 -9.730081 5.753931 1.027541 -0.142985 -0.962324 0.231276 0.607787 0.188165 1 3 1.000000
  3 -11.606462 5.287762 1.233727 0.490769 -0.868096 0.074534 0.568322 0.175354 1 3 1.000000
  3 -10.453052 6.774893 -0.230414 -0.074532 -0.576480 0.813705 0.587651 0.225458 1 3 1.000000
..\..\..\Desktop\General\noesis\bowser_all
  4 -8.973270 7.946415 1.058481 -0.474043 0.210581 0.854950 0.502774 0.054095 1 4 1.000000
  3 -10.453052 6.774893 -0.230414 -0.074532 -0.576480 0.813705 0.537406 0.041802 1 3 1.000000
  3 -10.475622 8.701598 0.703426 -0.228209 0.610755 0.758221 0.537917 0.084164 1 3 1.000000
..\..\..\Desktop\General\noesis\bowser_all
  3 -10.475622 8.701598 0.703426 -0.228209 0.610755 0.758221 0.537917 0.084164 1 3 1.000000
  3 -10.453052 6.774893 -0.230414 -0.074532 -0.576480 0.813705 0.537406 0.041802 1 3 1.000000
  3 -11.511082 8.670184 0.742157 0.351268 0.302491 0.886064 0.561332 0.083891 1 3 1.000000
..\..\..\Desktop\General\noesis\bowser_all
  3 -11.511082 8.670184 0.742157 0.351268 0.302491 0.886064 0.561332 0.083891 1 3 1.000000
  3 -10.453052 6.774893 -0.230414 -0.074532 -0.576480 0.813705 0.537406 0.041802 1 3 1.000000
  3 -12.156332 7.378546 0.347358 0.744648 -0.255768 0.616508 0.575922 0.057282 1 3 1.000000
..\..\..\Desktop\General\noesis\bowser_all
  4 -8.973270 7.946415 1.058481 -0.474043 0.210581 0.854950 0.497559 0.270148 1 4 1.000000
  4 -8.973259 6.494477 0.388336 -0.288314 -0.817820 0.498042 0.543271 0.289804 1 4 1.000000
  3 -10.453052 6.774893 -0.230414 -0.074532 -0.576480 0.813705 0.518693 0.239967 1 3 1.000000
..\..\..\Desktop\General\noesis\bowser_all
  3 -10.453052 6.774893 -0.230414 -0.074532 -0.576480 0.813705 0.518693 0.239967 1 3 1.000000
  4 -8.973259 6.494477 0.388336 -0.288314 -0.817820 0.498042 0.543271 0.289804 1 4 1.000000
  3 -9.730081 5.753931 1.027541 -0.142985 -0.962324 0.231276 0.565371 0.260103 1 3 1.000000
..\..\..\Desktop\General\noesis\bowser_all
  4 -8.973253 5.284557 1.743703 -0.390994 -0.881001 -0.266384 0.600474 0.259411 1 4 1.000000
  3 -9.730081 5.753931 1.027541 -0.142985 -0.962324 0.231276 0.565371 0.260103 1 3 1.000000
  4 -8.973259 6.494477 0.388336 -0.288314 -0.817820 0.498042 0.543271 0.289804 1 4 1.000000
..\..\..\Desktop\General\noesis\bowser_all
  4 -9.382243 8.397537 0.826995 0.727125 0.298194 0.618361 0.073253 0.276056 1 4 1.000000
  4 -9.382231 5.854195 3.576399 0.600928 0.128339 -0.788933 0.055843 0.271124 1 4 1.000000
  4 -9.382247 8.355254 2.985363 0.453997 0.885147 -0.101987 0.057391 0.276056 1 4 1.000000
..\..\..\Desktop\General\noesis\bowser_all
  4 -9.382228 6.449106 -0.072312 0.757412 -0.443526 0.479177 0.074846 0.271465 1 4 1.000000
  4 -9.382231 5.854195 3.576399 0.600928 0.128339 -0.788933 0.055843 0.271124 1 4 1.000000
  4 -9.382243 8.397537 0.826995 0.727125 0.298194 0.618361 0.073253 0.276056 1 4 1.000000
..\..\..\Desktop\General\noesis\bowser_all
  4 -9.382228 6.449106 -0.072312 0.757412 -0.443526 0.479177 0.074846 0.271465 1 4 1.000000
  4 -9.382221 4.825446 1.746529 0.496895 -0.785467 -0.368967 0.065616 0.269430 1 4 1.000000
  4 -9.382231 5.854195 3.576399 0.600928 0.128339 -0.788933 0.055843 0.271124 1 4 1.000000
..\..\..\Desktop\General\noesis\bowser_all
  3 -12.241022 8.300571 2.983051 0.535188 0.840675 0.082702 0.499988 0.186786 1 3 1.000000
  3 -12.572202 5.718896 3.171269 0.725363 -0.145230 -0.672872 0.532735 0.137957 1 3 1.000000
  3 -12.023492 7.137843 3.979703 0.422631 0.597558 -0.681401 0.505622 0.143696 1 3 1.000000
..\..\..\Desktop\General\noesis\bowser_all
  7 -2.520343 8.978578 4.167996 -0.344270 0.918599 0.194048 0.312056 0.889000 1 7 1.000000
  8 -1.139768 7.626266 4.835561 -0.883319 0.468518 0.015453 0.278502 0.804321 1 8 1.000000
  6 -3.291343 8.529656 5.310712 0.278244 -0.283650 0.917673 0.246531 0.841087 1 6 1.000000
..\..\..\Desktop\General\noesis\bowser_all
  7 -3.235839 10.441689 5.327340 -0.230721 0.820606 -0.522852 0.247414 0.924842 1 7 1.000000
  7 -2.520343 8.978578 4.167996 -0.344270 0.918599 0.194048 0.312056 0.889000 1 7 1.000000
  6 -3.291343 8.529656 5.310712 0.278244 -0.283650 0.917673 0.246531 0.841087 1 6 1.000000
..\..\..\Desktop\General\noesis\bowser_all
  6 -3.291343 8.529656 5.310712 0.278244 -0.283650 0.917673 0.246531 0.841087 1 6 1.000000
  7 -3.389145 9.498528 6.661160 0.535188 0.840675 0.082702 0.215192 0.896382 1 7 1.000000
  7 -3.235839 10.441689 5.327340 -0.230721 0.820606 -0.522852 0.247414 0.924842 1 7 1.000000
..\..\..\Desktop\General\noesis\bowser_all
  6 -2.546218 8.262494 6.419069 0.492591 0.764282 0.416206 0.188308 0.837305 1 6 1.000000
  7 -3.389145 9.498528 6.661160 0.535188 0.840675 0.082702 0.215192 0.896382 1 7 1.000000
  6 -3.291343 8.529656 5.310712 0.278244 -0.283650 0.917673 0.246531 0.841087 1 6 1.000000
..\..\..\Desktop\General\noesis\bowser_all
  6 -2.546218 8.262494 6.419069 0.492591 0.764282 0.416206 0.188308 0.837305 1 6 1.000000
  7 -2.230763 8.945773 6.661129 0.334356 0.259303 0.906073 0.174952 0.878333 1 7 1.000000
  7 -3.389145 9.498528 6.661160 0.535188 0.840675 0.082702 0.215192 0.896382 1 7 1.000000
..\..\..\Desktop\General\noesis\bowser_all
  7 -3.389145 9.498528 6.661160 0.535188 0.840675 0.082702 0.215192 0.896382 1 7 1.000000
  7 -2.230763 8.945773 6.661129 0.334356 0.259303 0.906073 0.174952 0.878333 1 7 1.000000
  7 -2.595285 9.469627 7.617884 0.120056 0.947735 0.295608 0.142151 0.890819 1 7 1.000000
..\..\..\Desktop\General\noesis\bowser_all
  7 -2.454108 10.135432 7.654729 0.224985 0.727501 -0.648170 0.132032 0.923329 1 7 1.000000
  7 -3.389145 9.498528 6.661160 0.535188 0.840675 0.082702 0.215192 0.896382 1 7 1.000000
  7 -2.595285 9.469627 7.617884 0.120056 0.947735 0.295608 0.142151 0.890819 1 7 1.000000
..\..\..\Desktop\General\noesis\bowser_all
  7 -3.389145 9.498528 6.661160 0.535188 0.840675 0.082702 0.215192 0.896382 1 7 1.000000
  7 -2.235909 10.661882 6.859867 0.463121 0.705318 -0.536699 0.168992 0.969301 1 7 1.000000
  7 -3.235839 10.441689 5.327340 -0.230721 0.820606 -0.522852 0.247414 0.924842 1 7 1.000000
..\..\..\Desktop\General\noesis\bowser_all
  7 -2.454108 10.135432 7.654729 0.224985 0.727501 -0.648170 0.132032 0.923329 1 7 1.000000
  7 -2.235909 10.661882 6.859867 0.463121 0.705318 -0.536699 0.168992 0.969301 1 7 1.000000
  7 -3.389145 9.498528 6.661160 0.535188 0.840675 0.082702 0.215192 0.896382 1 7 1.000000
..\..\..\Desktop\General\noesis\bowser_all
  7 -2.235909 10.661882 6.859867 0.463121 0.705318 -0.536699 0.168992 0.969301 1 7 1.000000
  7 -2.454108 10.135432 7.654729 0.224985 0.727501 -0.648170 0.132032 0.923329 1 7 1.000000
  7 -1.755898 10.337264 7.903707 0.090565 0.200761 -0.975445 0.124574 0.956390 1 7 1.000000
..\..\..\Desktop\General\noesis\bowser_all
  7 -1.755898 10.337264 7.903707 0.090565 0.200761 -0.975445 0.124574 0.956390 1 7 1.000000
  7 -2.454108 10.135432 7.654729 0.224985 0.727501 -0.648170 0.132032 0.923329 1 7 1.000000
  7 -1.887459 10.709364 9.023688 0.221376 0.326796 -0.918802 0.101400 0.929070 1 7 1.000000
..\..\..\Desktop\General\noesis\bowser_all
  7 -1.887459 10.709364 9.023688 0.221376 0.326796 -0.918802 0.101400 0.929070 1 7 1.000000
  7 -0.629173 10.549289 8.401323 -0.242806 0.142803 -0.959506 0.108894 0.969688 1 7 1.000000
  7 -1.755898 10.337264 7.903707 0.090565 0.200761 -0.975445 0.124574 0.956390 1 7 1.000000
..\..\..\Desktop\General\noesis\bowser_all
  7 -1.250329 10.661126 9.297467 0.344567 0.358814 -0.867483 0.076385 0.959995 1 7 1.000000
  7 -0.629173 10.549289 8.401323 -0.242806 0.142803 -0.959506 0.108894 0.969688 1 7 1.000000
  7 -1.887459 10.709364 9.023688 0.221376 0.326796 -0.918802 0.101400 0.929070 1 7 1.000000
..\..\..\Desktop\General\noesis\bowser_all
  7 -0.963222 10.096097 9.899235 0.802962 0.537395 -0.257796 0.043524 0.937108 1 7 1.000000
  7 -1.250329 10.661126 9.297467 0.344567 0.358814 -0.867483 0.076385 0.959995 1 7 1.000000
  7 -1.887459 10.709364 9.023688 0.221376 0.326796 -0.918802 0.101400 0.929070 1 7 1.000000
..\..\..\Desktop\General\noesis\bowser_all
  7 -0.540629 11.140869 9.674487 0.156236 0.395770 -0.904962 0.042130 0.983882 1 7 1.000000
  7 -1.250329 10.661126 9.297467 0.344567 0.358814 -0.867483 0.076385 0.959995 1 7 1.000000
  7 -0.963222 10.096097 9.899235 0.802962 0.537395 -0.257796 0.043524 0.937108 1 7 1.000000
..\..\..\Desktop\General\noesis\bowser_all
  7 -0.000030 10.861871 10.460463 0.846495 0.000000 -0.532396 0.001947 0.960304 1 7 1.000000
  7 -0.540629 11.140869 9.674487 0.156236 0.395770 -0.904962 0.042130 0.983882 1 7 1.000000
  7 -0.963222 10.096097 9.899235 0.802962 0.537395 -0.257796 0.043524 0.937108 1 7 1.000000
..\..\..\Desktop\General\noesis\bowser_all
  7 -0.000030 10.861871 10.460463 0.846495 0.000000 -0.532396 0.001947 0.960304 1 7 1.000000
  7 -0.963222 10.096097 9.899235 0.802962 0.537395 -0.257796 0.043524 0.937108 1 7 1.000000
  7 -0.000026 9.871287 10.737424 0.985473 -0.000000 0.169830 0.000730 0.899499 1 7 1.000000
..\..\..\Desktop\General\noesis\bowser_all
  7 0.963168 10.096105 9.899235 0.802962 -0.537395 -0.257796 0.043524 0.937108 1 7 1.000000
  7 -0.000030 10.861871 10.460463 0.846495 0.000000 -0.532396 0.001947 0.960304 1 7 1.000000
  7 -0.000026 9.871287 10.737424 0.985473 -0.000000 0.169830 0.000730 0.899499 1 7 1.000000
..\..\..\Desktop\General\noesis\bowser_all
  7 -0.963222 10.096097 9.899235 0.802962 0.537395 -0.257796 0.043524 0.937108 1 7 1.000000
  7 -0.000023 9.076941 10.273364 0.797012 -0.000000 0.603964 0.000728 0.862016 1 7 1.000000
  7 -0.000026 9.871287 10.737424 0.985473 -0.000000 0.169830 0.000730 0.899499 1 7 1.000000
..\..\..\Desktop\General\noesis\bowser_all
  7 -0.000023 9.076941 10.273364 0.797012 -0.000000 0.603964 0.000728 0.862016 1 7 1.000000
  7 0.963168 10.096105 9.899235 0.802962 -0.537395 -0.257796 0.043524 0.937108 1 7 1.000000
  7 -0.000026 9.871287 10.737424 0.985473 -0.000000 0.169830 0.000730 0.899499 1 7 1.000000
..\..\..\Desktop\General\noesis\bowser_all
  7 -0.963222 10.096097 9.899235 0.802962 0.537395 -0.257796 0.043524 0.937108 1 7 1.000000
  7 -1.939304 9.288896 9.772797 0.773748 0.578117 0.259027 0.083767 0.873009 1 7 1.000000
  7 -0.000023 9.076941 10.273364 0.797012 -0.000000 0.603964 0.000728 0.862016 1 7 1.000000
..\..\..\Desktop\General\noesis\bowser_all
  7 -1.887459 10.709364 9.023688 0.221376 0.326796 -0.918802 0.101400 0.929070 1 7 1.000000
  7 -2.553007 9.937561 8.988092 0.407388 0.881696 -0.238009 0.103757 0.897250 1 7 1.000000
  7 -0.963222 10.096097 9.899235 0.802962 0.537395 -0.257796 0.043524 0.937108 1 7 1.000000
..\..\..\Desktop\General\noesis\bowser_all
  7 -2.454108 10.135432 7.654729 0.224985 0.727501 -0.648170 0.132032 0.923329 1 7 1.000000
  7 -2.553007 9.937561 8.988092 0.407388 0.881696 -0.238009 0.103757 0.897250 1 7 1.000000
  7 -1.887459 10.709364 9.023688 0.221376 0.326796 -0.918802 0.101400 0.929070 1 7 1.000000
..\..\..\Desktop\General\noesis\bowser_all
  7 -2.595285 9.469627 7.617884 0.120056 0.947735 0.295608 0.142151 0.890819 1 7 1.000000
  7 -2.553007 9.937561 8.988092 0.407388 0.881696 -0.238009 0.103757 0.897250 1 7 1.000000
  7 -2.454108 10.135432 7.654729 0.224985 0.727501 -0.648170 0.132032 0.923329 1 7 1.000000
..\..\..\Desktop\General\noesis\bowser_all
  7 -2.553007 9.937561 8.988092 0.407388 0.881696 -0.238009 0.103757 0.897250 1 7 1.000000
  7 -1.939304 9.288896 9.772797 0.773748 0.578117 0.259027 0.083767 0.873009 1 7 1.000000
  7 -0.963222 10.096097 9.899235 0.802962 0.537395 -0.257796 0.043524 0.937108 1 7 1.000000
..\..\..\Desktop\General\noesis\bowser_all
  7 -2.595285 9.469627 7.617884 0.120056 0.947735 0.295608 0.142151 0.890819 1 7 1.000000
  7 -2.496083 8.957004 8.477711 0.206080 0.852705 0.480027 0.107072 0.863000 1 7 1.000000
  7 -2.553007 9.937561 8.988092 0.407388 0.881696 -0.238009 0.103757 0.897250 1 7 1.000000
..\..\..\Desktop\General\noesis\bowser_all
  7 -2.553007 9.937561 8.988092 0.407388 0.881696 -0.238009 0.103757 0.897250 1 7 1.000000
  7 -2.496083 8.957004 8.477711 0.206080 0.852705 0.480027 0.107072 0.863000 1 7 1.000000
  7 -1.939304 9.288896 9.772797 0.773748 0.578117 0.259027 0.083767 0.873009 1 7 1.000000
..\..\..\Desktop\General\noesis\bowser_all
  7 -2.102791 8.393008 7.926064 -0.221482 0.453276 0.863416 0.140435 0.825813 1 7 1.000000
  7 -2.496083 8.957004 8.477711 0.206080 0.852705 0.480027 0.107072 0.863000 1 7 1.000000
  7 -2.595285 9.469627 7.617884 0.120056 0.947735 0.295608 0.142151 0.890819 1 7 1.000000
..\..\..\Desktop\General\noesis\bowser_all
  7 -2.230763 8.945773 6.661129 0.334356 0.259303 0.906073 0.174952 0.878333 1 7 1.000000
  7 -2.102791 8.393008 7.926064 -0.221482 0.453276 0.863416 0.140435 0.825813 1 7 1.000000
  7 -2.595285 9.469627 7.617884 0.120056 0.947735 0.295608 0.142151 0.890819 1 7 1.000000
..\..\..\Desktop\General\noesis\bowser_all
  7 -1.302380 8.235580 9.154347 0.240451 0.219257 0.945574 0.032227 0.818403 1 7 1.000000
  7 -0.000023 9.076941 10.273364 0.797012 -0.000000 0.603964 0.000728 0.862016 1 7 1.000000
  7 -1.939304 9.288896 9.772797 0.773748 0.578117 0.259027 0.083767 0.873009 1 7 1.000000
..\..\..\Desktop\General\noesis\bowser_all
  7 -1.302380 8.235580 9.154347 0.240451 0.219257 0.945574 0.032227 0.818403 1 7 1.000000
  7 -1.939304 9.288896 9.772797 0.773748 0.578117 0.259027 0.083767 0.873009 1 7 1.000000
  7 -2.496083 8.957004 8.477711 0.206080 0.852705 0.480027 0.107072 0.863000 1 7 1.000000
..\..\..\Desktop\General\noesis\bowser_all
  7 -1.302380 8.235580 9.154347 0.240451 0.219257 0.945574 0.032227 0.818403 1 7 1.000000
  7 -2.496083 8.957004 8.477711 0.206080 0.852705 0.480027 0.107072 0.863000 1 7 1.000000
  7 -2.102791 8.393008 7.926064 -0.221482 0.453276 0.863416 0.140435 0.825813 1 7 1.000000
..\..\..\Desktop\General\noesis\bowser_all
  7 -0.000023 9.076941 10.273364 0.797012 -0.000000 0.603964 0.000728 0.862016 1 7 1.000000
  7 -1.302380 8.235580 9.154347 0.240451 0.219257 0.945574 0.032227 0.818403 1 7 1.000000
  7 -0.351852 8.366254 9.436315 0.097381 -0.403978 0.909571 0.009476 0.819646 1 7 1.000000
..\..\..\Desktop\General\noesis\bowser_all
  7 -0.000023 9.076941 10.273364 0.797012 -0.000000 0.603964 0.000728 0.862016 1 7 1.000000
  7 -0.351852 8.366254 9.436315 0.097381 -0.403978 0.909571 0.009476 0.819646 1 7 1.000000
  7 -0.000022 8.737350 8.960421 -0.271827 -0.000000 0.962346 0.000725 0.855175 1 7 1.000000
..\..\..\Desktop\General\noesis\bowser_all
  7 -0.000023 9.076941 10.273364 0.797012 -0.000000 0.603964 0.000728 0.862016 1 7 1.000000
  7 -0.000022 8.737350 8.960421 -0.271827 -0.000000 0.962346 0.000725 0.855175 1 7 1.000000
  7 0.351811 8.366258 9.436315 0.097382 0.403978 0.909571 0.009476 0.819646 1 7 1.000000
..\..\..\Desktop\General\noesis\bowser_all
  7 -0.000023 9.076941 10.273364 0.797012 -0.000000 0.603964 0.000728 0.862016 1 7 1.000000
  7 0.351811 8.366258 9.436315 0.097382 0.403978 0.909571 0.009476 0.819646 1 7 1.000000
  7 1.302340 8.235600 9.154347 0.240451 -0.219258 0.945574 0.032213 0.818403 1 7 1.000000
..\..\..\Desktop\General\noesis\bowser_all
  7 1.939256 9.288924 9.772797 0.773748 -0.578117 0.259027 0.083767 0.873009 1 7 1.000000
  7 0.963168 10.096105 9.899235 0.802962 -0.537395 -0.257796 0.043524 0.937108 1 7 1.000000
  7 -0.000023 9.076941 10.273364 0.797012 -0.000000 0.603964 0.000728 0.862016 1 7 1.000000
..\..\..\Desktop\General\noesis\bowser_all
  7 1.302340 8.235600 9.154347 0.240451 -0.219258 0.945574 0.032213 0.818403 1 7 1.000000
  7 1.939256 9.288924 9.772797 0.773748 -0.578117 0.259027 0.083767 0.873009 1 7 1.000000
  7 -0.000023 9.076941 10.273364 0.797012 -0.000000 0.603964 0.000728 0.862016 1 7 1.000000
..\..\..\Desktop\General\noesis\bowser_all
  7 1.302340 8.235600 9.154347 0.240451 -0.219258 0.945574 0.032213 0.818403 1 7 1.000000
  7 2.496037 8.957040 8.477711 0.206080 -0.852705 0.480027 0.107072 0.863000 1 7 1.000000
  7 1.939256 9.288924 9.772797 0.773748 -0.578117 0.259027 0.083767 0.873009 1 7 1.000000
..\..\..\Desktop\General\noesis\bowser_all
  7 1.302340 8.235600 9.154347 0.240451 -0.219258 0.945574 0.032213 0.818403 1 7 1.000000
  7 2.102749 8.393039 7.926064 -0.221483 -0.453276 0.863415 0.140435 0.825813 1 7 1.000000
  7 2.496037 8.957040 8.477711 0.206080 -0.852705 0.480027 0.107072 0.863000 1 7 1.000000
..\..\..\Desktop\General\noesis\bowser_all
  7 2.496037 8.957040 8.477711 0.206080 -0.852705 0.480027 0.107072 0.863000 1 7 1.000000
  7 2.102749 8.393039 7.926064 -0.221483 -0.453276 0.863415 0.140435 0.825813 1 7 1.000000
  7 2.595235 9.469666 7.617883 0.120056 -0.947736 0.295607 0.142151 0.890819 1 7 1.000000
..\..\..\Desktop\General\noesis\bowser_all
  7 2.552953 9.937598 8.988092 0.407388 -0.881695 -0.238009 0.103757 0.897250 1 7 1.000000
  7 2.496037 8.957040 8.477711 0.206080 -0.852705 0.480027 0.107072 0.863000 1 7 1.000000
  7 2.595235 9.469666 7.617883 0.120056 -0.947736 0.295607 0.142151 0.890819 1 7 1.000000
..\..\..\Desktop\General\noesis\bowser_all
  7 2.552953 9.937598 8.988092 0.407388 -0.881695 -0.238009 0.103757 0.897250 1 7 1.000000
  7 1.939256 9.288924 9.772797 0.773748 -0.578117 0.259027 0.083767 0.873009 1 7 1.000000
  7 2.496037 8.957040 8.477711 0.206080 -0.852705 0.480027 0.107072 0.863000 1 7 1.000000
..\..\..\Desktop\General\noesis\bowser_all
  7 2.552953 9.937598 8.988092 0.407388 -0.881695 -0.238009 0.103757 0.897250 1 7 1.000000
  7 0.963168 10.096105 9.899235 0.802962 -0.537395 -0.257796 0.043524 0.937108 1 7 1.000000
  7 1.939256 9.288924 9.772797 0.773748 -0.578117 0.259027 0.083767 0.873009 1 7 1.000000
..\..\..\Desktop\General\noesis\bowser_all
  7 1.887401 10.709388 9.023688 0.221377 -0.326796 -0.918802 0.101400 0.929070 1 7 1.000000
  7 0.963168 10.096105 9.899235 0.802962 -0.537395 -0.257796 0.043524 0.937108 1 7 1.000000
  7 2.552953 9.937598 8.988092 0.407388 -0.881695 -0.238009 0.103757 0.897250 1 7 1.000000
..\..\..\Desktop\General\noesis\bowser_all
  7 1.887401 10.709388 9.023688 0.221377 -0.326796 -0.918802 0.101400 0.929070 1 7 1.000000
  7 1.250271 10.661146 9.297467 0.344568 -0.358813 -0.867483 0.076385 0.959995 1 7 1.000000
  7 0.963168 10.096105 9.899235 0.802962 -0.537395 -0.257796 0.043524 0.937108 1 7 1.000000
..\..\..\Desktop\General\noesis\bowser_all
  7 1.887401 10.709388 9.023688 0.221377 -0.326796 -0.918802 0.101400 0.929070 1 7 1.000000
  7 0.629115 10.549303 8.401323 -0.242806 -0.142803 -0.959506 0.108894 0.969688 1 7 1.000000
  7 1.250271 10.661146 9.297467 0.344568 -0.358813 -0.867483 0.076385 0.959995 1 7 1.000000
..\..\..\Desktop\General\noesis\bowser_all
  7 1.755842 10.337288 7.903707 0.090564 -0.200761 -0.975445 0.124574 0.956390 1 7 1.000000
  7 0.629115 10.549303 8.401323 -0.242806 -0.142803 -0.959506 0.108894 0.969688 1 7 1.000000
  7 1.887401 10.709388 9.023688 0.221377 -0.326796 -0.918802 0.101400 0.929070 1 7 1.000000
..\..\..\Desktop\General\noesis\bowser_all
  7 2.552953 9.937598 8.988092 0.407388 -0.881695 -0.238009 0.103757 0.897250 1 7 1.000000
  7 2.595235 9.469666 7.617883 0.120056 -0.947736 0.295607 0.142151 0.890819 1 7 1.000000
  7 2.454053 10.135469 7.654728 0.224985 -0.727501 -0.648170 0.132032 0.923329 1 7 1.000000
..\..\..\Desktop\General\noesis\bowser_all
  7 2.552953 9.937598 8.988092 0.407388 -0.881695 -0.238009 0.103757 0.897250 1 7 1.000000
  7 2.454053 10.135469 7.654728 0.224985 -0.727501 -0.648170 0.132032 0.923329 1 7 1.000000
  7 1.887401 10.709388 9.023688 0.221377 -0.326796 -0.918802 0.101400 0.929070 1 7 1.000000
..\..\..\Desktop\General\noesis\bowser_all
  7 1.755842 10.337288 7.903707 0.090564 -0.200761 -0.975445 0.124574 0.956390 1 7 1.000000
  7 1.887401 10.709388 9.023688 0.221377 -0.326796 -0.918802 0.101400 0.929070 1 7 1.000000
  7 2.454053 10.135469 7.654728 0.224985 -0.727501 -0.648170 0.132032 0.923329 1 7 1.000000
..\..\..\Desktop\General\noesis\bowser_all
  7 2.235851 10.661908 6.859867 0.463120 -0.705318 -0.536699 0.168992 0.969301 1 7 1.000000
  7 1.755842 10.337288 7.903707 0.090564 -0.200761 -0.975445 0.124574 0.956390 1 7 1.000000
  7 2.454053 10.135469 7.654728 0.224985 -0.727501 -0.648170 0.132032 0.923329 1 7 1.000000
..\..\..\Desktop\General\noesis\bowser_all
  7 2.454053 10.135469 7.654728 0.224985 -0.727501 -0.648170 0.132032 0.923329 1 7 1.000000
  7 3.389095 9.498576 6.661160 0.525675 -0.847092 0.078110 0.215192 0.896382 1 7 1.000000
  7 2.235851 10.661908 6.859867 0.463120 -0.705318 -0.536699 0.168992 0.969301 1 7 1.000000
..\..\..\Desktop\General\noesis\bowser_all
  7 2.595235 9.469666 7.617883 0.120056 -0.947736 0.295607 0.142151 0.890819 1 7 1.000000
  7 3.389095 9.498576 6.661160 0.525675 -0.847092 0.078110 0.215192 0.896382 1 7 1.000000
  7 2.454053 10.135469 7.654728 0.224985 -0.727501 -0.648170 0.132032 0.923329 1 7 1.000000
..\..\..\Desktop\General\noesis\bowser_all
  7 2.595235 9.469666 7.617883 0.120056 -0.947736 0.295607 0.142151 0.890819 1 7 1.000000
  7 2.102749 8.393039 7.926064 -0.221483 -0.453276 0.863415 0.140435 0.825813 1 7 1.000000
  7 2.230717 8.945807 6.661129 0.334356 -0.259303 0.906073 0.174952 0.878333 1 7 1.000000
..\..\..\Desktop\General\noesis\bowser_all
  7 3.389095 9.498576 6.661160 0.525675 -0.847092 0.078110 0.215192 0.896382 1 7 1.000000
  7 2.595235 9.469666 7.617883 0.120056 -0.947736 0.295607 0.142151 0.890819 1 7 1.000000
  7 2.230717 8.945807 6.661129 0.334356 -0.259303 0.906073 0.174952 0.878333 1 7 1.000000
..\..\..\Desktop\General\noesis\bowser_all
  6 2.546182 8.262514 6.419037 0.492591 0.764282 -0.416205 0.188308 0.837305 1 6 1.000000
  7 3.389095 9.498576 6.661160 0.525675 -0.847092 0.078110 0.215192 0.896382 1 7 1.000000
  7 2.230717 8.945807 6.661129 0.334356 -0.259303 0.906073 0.174952 0.878333 1 7 1.000000
..\..\..\Desktop\General\noesis\bowser_all
  6 2.546182 8.262514 6.419037 0.492591 0.764282 -0.416205 0.188308 0.837305 1 6 1.000000
  6 3.291299 8.529680 5.310669 0.278245 -0.283650 -0.917672 0.246531 0.841087 1 6 1.000000
  7 3.389095 9.498576 6.661160 0.525675 -0.847092 0.078110 0.215192 0.896382 1 7 1.000000
..\..\..\Desktop\General\noesis\bowser_all
  6 2.546182 8.262514 6.419037 0.492591 0.764282 -0.416205 0.188308 0.837305 1 6 1.000000
  6 2.210227 7.277693 7.262615 -0.292506 0.590067 -0.752503 0.174886 0.787395 1 6 1.000000
  6 3.291299 8.529680 5.310669 0.278245 -0.283650 -0.917672 0.246531 0.841087 1 6 1.000000
..\..\..\Desktop\General\noesis\bowser_all
  6 2.210227 7.277693 7.262615 -0.292506 0.590067 -0.752503 0.174886 0.787395 1 6 1.000000
  6 2.342685 7.059285 6.294293 0.331825 -0.585576 -0.739589 0.230427 0.786093 1 6 1.000000
  6 3.291299 8.529680 5.310669 0.278245 -0.283650 -0.917672 0.246531 0.841087 1 6 1.000000
..\..\..\Desktop\General\noesis\bowser_all
  6 2.210227 7.277693 7.262615 -0.292506 0.590067 -0.752503 0.174886 0.787395 1 6 1.000000
  6 2.381160 6.133848 7.387343 0.422250 -0.087161 -0.902279 0.195851 0.737084 1 6 1.000000
  6 2.342685 7.059285 6.294293 0.331825 -0.585576 -0.739589 0.230427 0.786093 1 6 1.000000
..\..\..\Desktop\General\noesis\bowser_all
  6 1.642201 7.146269 8.499110 -0.106318 0.789439 -0.604551 0.144094 0.771172 1 6 1.000000
  6 2.381160 6.133848 7.387343 0.422250 -0.087161 -0.902279 0.195851 0.737084 1 6 1.000000
  6 2.210227 7.277693 7.262615 -0.292506 0.590067 -0.752503 0.174886 0.787395 1 6 1.000000
..\..\..\Desktop\General\noesis\bowser_all
  6 1.460503 5.780866 8.375472 0.943059 0.257420 -0.210653 0.154060 0.713992 1 6 1.000000
  6 2.381160 6.133848 7.387343 0.422250 -0.087161 -0.902279 0.195851 0.737084 1 6 1.000000
  6 1.642201 7.146269 8.499110 -0.106318 0.789439 -0.604551 0.144094 0.771172 1 6 1.000000
..\..\..\Desktop\General\noesis\bowser_all
  6 1.460503 5.780866 8.375472 0.943059 0.257420 -0.210653 0.154060 0.713992 1 6 1.000000
  6 1.642201 7.146269 8.499110 -0.106318 0.789439 -0.604551 0.144094 0.771172 1 6 1.000000
  6 -0.000008 7.392375 8.960812 0.326098 0.945336 -0.000000 0.085140 0.760350 1 6 1.000000
..\..\..\Desktop\General\noesis\bowser_all
  6 -0.000008 6.098566 8.202940 0.989918 0.141641 -0.000000 0.119602 0.693997 1 6 1.000000
  6 1.460503 5.780866 8.375472 0.943059 0.257420 -0.210653 0.154060 0.713992 1 6 1.000000
  6 -0.000008 7.392375 8.960812 0.326098 0.945336 -0.000000 0.085140 0.760350 1 6 1.000000
..\..\..\Desktop\General\noesis\bowser_all
  6 1.460503 5.780866 8.375472 0.943059 0.257420 -0.210653 0.154060 0.713992 1 6 1.000000
  6 -0.000008 6.098566 8.202940 0.989918 0.141641 -0.000000 0.119602 0.693997 1 6 1.000000
  6 -0.000013 5.694560 6.381663 0.635483 -0.772115 0.000000 0.250878 0.702776 1 6 1.000000
..\..\..\Desktop\General\noesis\bowser_all
  6 2.381160 6.133848 7.387343 0.422250 -0.087161 -0.902279 0.195851 0.737084 1 6 1.000000
  6 -0.000013 5.694560 6.381663 0.635483 -0.772115 0.000000 0.250878 0.702776 1 6 1.000000
  6 2.342685 7.059285 6.294293 0.331825 -0.585576 -0.739589 0.230427 0.786093 1 6 1.000000
..\..\..\Desktop\General\noesis\bowser_all
  6 1.460503 5.780866 8.375472 0.943059 0.257420 -0.210653 0.154060 0.713992 1 6 1.000000
  6 -0.000013 5.694560 6.381663 0.635483 -0.772115 0.000000 0.250878 0.702776 1 6 1.000000
  6 2.381160 6.133848 7.387343 0.422250 -0.087161 -0.902279 0.195851 0.737084 1 6 1.000000
..\..\..\Desktop\General\noesis\bowser_all
  6 2.342685 7.059285 6.294293 0.331825 -0.585576 -0.739589 0.230427 0.786093 1 6 1.000000
  6 -0.000013 5.694560 6.381663 0.635483 -0.772115 0.000000 0.250878 0.702776 1 6 1.000000
  8 1.139732 7.626283 4.835561 -0.883319 -0.468518 0.015453 0.278502 0.804321 1 8 1.000000
..\..\..\Desktop\General\noesis\bowser_all
  6 2.342685 7.059285 6.294293 0.331825 -0.585576 -0.739589 0.230427 0.786093 1 6 1.000000
  8 1.139732 7.626283 4.835561 -0.883319 -0.468518 0.015453 0.278502 0.804321 1 8 1.000000
  6 3.291299 8.529680 5.310669 0.278245 -0.283650 -0.917672 0.246531 0.841087 1 6 1.000000
..\..\..\Desktop\General\noesis\bowser_all
  6 -0.000013 5.694560 6.381663 0.635483 -0.772115 0.000000 0.250878 0.702776 1 6 1.000000
  8 -1.139768 7.626266 4.835561 -0.883319 0.468518 0.015453 0.278502 0.804321 1 8 1.000000
  8 1.139732 7.626283 4.835561 -0.883319 -0.468518 0.015453 0.278502 0.804321 1 8 1.000000
..\..\..\Desktop\General\noesis\bowser_all
  7 2.520297 8.978615 4.167996 -0.344270 -0.918599 0.194047 0.312056 0.889000 1 7 1.000000
  6 3.291299 8.529680 5.310669 0.278245 -0.283650 -0.917672 0.246531 0.841087 1 6 1.000000
  8 1.139732 7.626283 4.835561 -0.883319 -0.468518 0.015453 0.278502 0.804321 1 8 1.000000
..\..\..\Desktop\General\noesis\bowser_all
  7 2.235851 10.661908 6.859867 0.463120 -0.705318 -0.536699 0.168992 0.969301 1 7 1.000000
  7 3.389095 9.498576 6.661160 0.525675 -0.847092 0.078110 0.215192 0.896382 1 7 1.000000
  7 3.235781 10.441732 5.327340 -0.230721 -0.820606 -0.522852 0.247414 0.924842 1 7 1.000000
..\..\..\Desktop\General\noesis\bowser_all
  6 3.291299 8.529680 5.310669 0.278245 -0.283650 -0.917672 0.246531 0.841087 1 6 1.000000
  7 3.235781 10.441732 5.327340 -0.230721 -0.820606 -0.522852 0.247414 0.924842 1 7 1.000000
  7 3.389095 9.498576 6.661160 0.525675 -0.847092 0.078110 0.215192 0.896382 1 7 1.000000
..\..\..\Desktop\General\noesis\bowser_all
  7 3.235781 10.441732 5.327340 -0.230721 -0.820606 -0.522852 0.247414 0.924842 1 7 1.000000
  6 3.291299 8.529680 5.310669 0.278245 -0.283650 -0.917672 0.246531 0.841087 1 6 1.000000
  7 2.520297 8.978615 4.167996 -0.344270 -0.918599 0.194047 0.312056 0.889000 1 7 1.000000
..\..\..\Desktop\General\noesis\bowser_all
  7 2.449940 10.824699 5.574675 -0.039407 -0.746728 -0.663961 0.216881 0.976036 1 7 1.000000
  7 2.235851 10.661908 6.859867 0.463120 -0.705318 -0.536699 0.168992 0.969301 1 7 1.000000
  7 3.235781 10.441732 5.327340 -0.230721 -0.820606 -0.522852 0.247414 0.924842 1 7 1.000000
..\..\..\Desktop\General\noesis\bowser_all
  7 2.520297 8.978615 4.167996 -0.344270 -0.918599 0.194047 0.312056 0.889000 1 7 1.000000
  7 2.586803 10.066461 4.465489 -0.361830 -0.858316 -0.363831 0.293938 0.947734 1 7 1.000000
  7 3.235781 10.441732 5.327340 -0.230721 -0.820606 -0.522852 0.247414 0.924842 1 7 1.000000
..\..\..\Desktop\General\noesis\bowser_all
  7 2.586803 10.066461 4.465489 -0.361830 -0.858316 -0.363831 0.293938 0.947734 1 7 1.000000
  7 2.449940 10.824699 5.574675 -0.039407 -0.746728 -0.663961 0.216881 0.976036 1 7 1.000000
  7 3.235781 10.441732 5.327340 -0.230721 -0.820606 -0.522852 0.247414 0.924842 1 7 1.000000
..\..\..\Desktop\General\noesis\bowser_all
  7 -2.520343 8.978578 4.167996 -0.344270 0.918599 0.194048 0.349108 0.831372 1 7 1.000000
  8 -2.028518 7.644028 4.280518 -0.104804 0.904196 0.414059 0.316041 0.797117 1 8 1.000000
  8 -1.139768 7.626266 4.835561 -0.883319 0.468518 0.015453 0.317279 0.866025 1 8 1.000000
..\..\..\Desktop\General\noesis\bowser_all
  7 -2.520343 8.978578 4.167996 -0.344270 0.918599 0.194048 0.349108 0.831372 1 7 1.000000
  8 -2.154585 9.405884 2.985003 -0.204655 0.876138 -0.436462 0.373506 0.779294 1 8 1.000000
  8 -2.028518 7.644028 4.280518 -0.104804 0.904196 0.414059 0.316041 0.797117 1 8 1.000000
..\..\..\Desktop\General\noesis\bowser_all
  7 -2.586857 10.066422 4.465489 -0.361830 0.858316 -0.363831 0.449915 0.868654 1 7 1.000000
  8 -2.154585 9.405884 2.985003 -0.204655 0.876138 -0.436462 0.373506 0.779294 1 8 1.000000
  7 -2.520343 8.978578 4.167996 -0.344270 0.918599 0.194048 0.349108 0.831372 1 7 1.000000
..\..\..\Desktop\General\noesis\bowser_all
  7 -2.586857 10.066422 4.465489 -0.361830 0.858316 -0.363831 0.449915 0.868654 1 7 1.000000
  7 -1.730014 11.945405 3.654080 -0.437274 0.520542 -0.733368 0.546677 0.693213 1 7 1.000000
  8 -2.154585 9.405884 2.985003 -0.204655 0.876138 -0.436462 0.373506 0.779294 1 8 1.000000
..\..\..\Desktop\General\noesis\bowser_all
  7 -1.730014 11.945405 3.654080 -0.437274 0.520542 -0.733368 0.546677 0.693213 1 7 1.000000
  7 -2.586857 10.066422 4.465489 -0.361830 0.858316 -0.363831 0.449915 0.868654 1 7 1.000000
  7 -1.958565 12.298825 5.773203 0.093914 0.742354 -0.663393 0.638412 0.828101 1 7 1.000000
..\..\..\Desktop\General\noesis\bowser_all
  8 -0.000029 10.643441 1.779358 0.040469 0.000000 -0.999181 0.458131 0.698437 1 8 1.000000
  7 -1.730014 11.945405 3.654080 -0.437274 0.520542 -0.733368 0.358300 0.871720 1 7 1.000000
  7 1.729946 11.945429 3.654079 -0.437273 -0.520542 -0.733368 0.557204 0.871720 1 7 1.000000
..\..\..\Desktop\General\noesis\bowser_all
  7 1.729946 11.945429 3.654079 -0.437273 -0.520542 -0.733368 0.557204 0.871720 1 7 1.000000
  8 2.154535 9.405913 2.985002 -0.204655 -0.876138 -0.436462 0.634552 0.741583 1 8 1.000000
  8 -0.000029 10.643441 1.779358 0.040469 0.000000 -0.999181 0.458131 0.698437 1 8 1.000000
..\..\..\Desktop\General\noesis\bowser_all
  7 -1.730014 11.945405 3.654080 -0.437274 0.520542 -0.733368 0.557204 0.871720 1 7 1.000000
  8 -0.000029 10.643441 1.779358 0.040469 0.000000 -0.999181 0.458131 0.698437 1 8 1.000000
  8 -2.154585 9.405884 2.985003 -0.204655 0.876138 -0.436462 0.634552 0.741583 1 8 1.000000
..\..\..\Desktop\General\noesis\bowser_all
  8 2.154535 9.405913 2.985002 -0.204655 -0.876138 -0.436462 0.373506 0.779294 1 8 1.000000
  7 2.520297 8.978615 4.167996 -0.344270 -0.918599 0.194047 0.349108 0.831372 1 7 1.000000
  8 2.028482 7.644058 4.280518 -0.104804 -0.904197 0.414059 0.316041 0.797117 1 8 1.000000
..\..\..\Desktop\General\noesis\bowser_all
  8 2.154535 9.405913 2.985002 -0.204655 -0.876138 -0.436462 0.373506 0.779294 1 8 1.000000
  7 2.586803 10.066461 4.465489 -0.361830 -0.858316 -0.363831 0.449915 0.868654 1 7 1.000000
  7 2.520297 8.978615 4.167996 -0.344270 -0.918599 0.194047 0.349108 0.831372 1 7 1.000000
..\..\..\Desktop\General\noesis\bowser_all
  8 2.154535 9.405913 2.985002 -0.204655 -0.876138 -0.436462 0.373506 0.779294 1 8 1.000000
  7 1.729946 11.945429 3.654079 -0.437273 -0.520542 -0.733368 0.546677 0.714036 1 7 1.000000
  7 2.586803 10.066461 4.465489 -0.361830 -0.858316 -0.363831 0.449915 0.868654 1 7 1.000000
..\..\..\Desktop\General\noesis\bowser_all
  7 1.729946 11.945429 3.654079 -0.437273 -0.520542 -0.733368 0.546677 0.714036 1 7 1.000000
  7 1.958495 12.298848 5.773203 0.093914 -0.742354 -0.663393 0.638412 0.828101 1 7 1.000000
  7 2.586803 10.066461 4.465489 -0.361830 -0.858316 -0.363831 0.449915 0.868654 1 7 1.000000
..\..\..\Desktop\General\noesis\bowser_all
  8 2.028482 7.644058 4.280518 -0.104804 -0.904197 0.414059 0.316041 0.797117 1 8 1.000000
  7 2.520297 8.978615 4.167996 -0.344270 -0.918599 0.194047 0.349108 0.831372 1 7 1.000000
  8 1.139732 7.626283 4.835561 -0.883319 -0.468518 0.015453 0.317279 0.866025 1 8 1.000000
..\..\..\Desktop\General\noesis\bowser_all
  7 -2.230763 8.945773 6.661129 0.334356 0.259303 0.906073 0.904058 0.206324 1 7 1.000000
  6 -2.546218 8.262494 6.419069 0.492591 0.764282 0.416206 0.889205 0.200353 1 6 1.000000
  7 2.230717 8.945807 6.661129 0.334356 -0.259303 0.906073 1.096210 0.206333 1 7 1.000000
..\..\..\Desktop\General\noesis\bowser_all
  7 -2.230763 8.945773 6.661129 0.334356 0.259303 0.906073 0.904058 0.206324 1 7 1.000000
  7 2.230717 8.945807 6.661129 0.334356 -0.259303 0.906073 1.096210 0.206333 1 7 1.000000
  7 -0.000022 8.737350 8.960421 -0.370114 -0.000000 0.928986 1.000130 0.239559 1 7 1.000000
..\..\..\Desktop\General\noesis\bowser_all
  7 -2.230763 8.945773 6.661129 0.334356 0.259303 0.906073 0.904058 0.206324 1 7 1.000000
  7 -0.000022 8.737350 8.960421 -0.370114 -0.000000 0.928986 1.000130 0.239559 1 7 1.000000
  7 -2.102791 8.393008 7.926064 -0.221482 0.453276 0.863416 0.919964 0.222940 1 7 1.000000
..\..\..\Desktop\General\noesis\bowser_all
  7 -2.102791 8.393008 7.926064 -0.221482 0.453276 0.863416 0.919964 0.222940 1 7 1.000000
  7 -0.000022 8.737350 8.960421 -0.370114 -0.000000 0.928986 1.000130 0.239559 1 7 1.000000
  7 -1.302380 8.235580 9.154347 0.240451 0.219257 0.945574 0.935870 0.239555 1 7 1.000000
..\..\..\Desktop\General\noesis\bowser_all
  7 -0.000022 8.737350 8.960421 -0.370114 -0.000000 0.928986 1.000130 0.239559 1 7 1.000000
  7 2.230717 8.945807 6.661129 0.334356 -0.259303 0.906073 1.096210 0.206333 1 7 1.000000
  7 2.102749 8.393039 7.926064 -0.221483 -0.453276 0.863415 1.080310 0.222947 1 7 1.000000
..\..\..\Desktop\General\noesis\bowser_all
  7 -0.000022 8.737350 8.960421 -0.370114 -0.000000 0.928986 1.000130 0.239559 1 7 1.000000
  7 2.102749 8.393039 7.926064 -0.221483 -0.453276 0.863415 1.080310 0.222947 1 7 1.000000
  7 1.302340 8.235600 9.154347 0.240451 -0.219258 0.945574 1.064400 0.239562 1 7 1.000000
..\..\..\Desktop\General\noesis\bowser_all
  6 -2.546218 8.262494 6.419069 0.492591 0.764282 0.416206 0.889205 0.200353 1 6 1.000000
  6 2.546182 8.262514 6.419037 0.492591 0.764282 -0.416205 1.111070 0.200363 1 6 1.000000
  7 2.230717 8.945807 6.661129 0.334356 -0.259303 0.906073 1.096210 0.206333 1 7 1.000000
..\..\..\Desktop\General\noesis\bowser_all
  6 2.546182 8.262514 6.419037 0.492591 0.764282 -0.416205 1.111070 0.200363 1 6 1.000000
  6 -2.546218 8.262494 6.419069 0.492591 0.764282 0.416206 0.889205 0.200353 1 6 1.000000
  6 2.210227 7.277693 7.262615 -0.292506 0.590067 -0.752503 1.086380 0.165122 1 6 1.000000
..\..\..\Desktop\General\noesis\bowser_all
  6 -2.546218 8.262494 6.419069 0.492591 0.764282 0.416206 0.889205 0.200353 1 6 1.000000
  6 -2.210253 7.277676 7.262643 -0.292505 0.590067 0.752503 0.913899 0.165113 1 6 1.000000
  6 2.210227 7.277693 7.262615 -0.292506 0.590067 -0.752503 1.086380 0.165122 1 6 1.000000
..\..\..\Desktop\General\noesis\bowser_all
  6 2.210227 7.277693 7.262615 -0.292506 0.590067 -0.752503 1.086380 0.165122 1 6 1.000000
  6 -2.210253 7.277676 7.262643 -0.292505 0.590067 0.752503 0.913899 0.165113 1 6 1.000000
  6 -0.000011 7.623663 8.129236 -0.820659 0.571418 -0.000000 1.000140 0.147448 1 6 1.000000
..\..\..\Desktop\General\noesis\bowser_all
  6 -0.000011 7.623663 8.129236 -0.820659 0.571418 -0.000000 1.000140 0.147448 1 6 1.000000
  6 1.642201 7.146269 8.499110 -0.106318 0.789439 -0.604551 1.072840 0.143051 1 6 1.000000
  6 2.210227 7.277693 7.262615 -0.292506 0.590067 -0.752503 1.086380 0.165122 1 6 1.000000
..\..\..\Desktop\General\noesis\bowser_all
  6 -0.000011 7.623663 8.129236 -0.820659 0.571418 -0.000000 1.000140 0.147448 1 6 1.000000
  6 -2.210253 7.277676 7.262643 -0.292505 0.590067 0.752503 0.913899 0.165113 1 6 1.000000
  6 -1.642219 7.146257 8.499131 -0.106318 0.789439 0.604551 0.927438 0.143044 1 6 1.000000
..\..\..\Desktop\General\noesis\bowser_all
  8 -1.139768 7.626266 4.835561 -0.883319 0.468518 0.015453 0.278502 0.804321 1 8 1.000000
  6 -0.000013 5.694560 6.381663 0.635483 -0.772115 0.000000 0.250878 0.702776 1 6 1.000000
  6 -2.342716 7.059267 6.294323 0.331825 -0.585576 0.739589 0.230427 0.786093 1 6 1.000000
..\..\..\Desktop\General\noesis\bowser_all
  8 -1.139768 7.626266 4.835561 -0.883319 0.468518 0.015453 0.278502 0.804321 1 8 1.000000
  6 -2.342716 7.059267 6.294323 0.331825 -0.585576 0.739589 0.230427 0.786093 1 6 1.000000
  6 -3.291343 8.529656 5.310712 0.278244 -0.283650 0.917673 0.246531 0.841087 1 6 1.000000
..\..\..\Desktop\General\noesis\bowser_all
  6 -2.342716 7.059267 6.294323 0.331825 -0.585576 0.739589 0.230427 0.786093 1 6 1.000000
  6 -2.210253 7.277676 7.262643 -0.292505 0.590067 0.752503 0.174886 0.787395 1 6 1.000000
  6 -3.291343 8.529656 5.310712 0.278244 -0.283650 0.917673 0.246531 0.841087 1 6 1.000000
..\..\..\Desktop\General\noesis\bowser_all
  6 -2.546218 8.262494 6.419069 0.492591 0.764282 0.416206 0.188308 0.837305 1 6 1.000000
  6 -3.291343 8.529656 5.310712 0.278244 -0.283650 0.917673 0.246531 0.841087 1 6 1.000000
  6 -2.210253 7.277676 7.262643 -0.292505 0.590067 0.752503 0.174886 0.787395 1 6 1.000000
..\..\..\Desktop\General\noesis\bowser_all
  6 -2.342716 7.059267 6.294323 0.331825 -0.585576 0.739589 0.230427 0.786093 1 6 1.000000
  6 -0.000013 5.694560 6.381663 0.635483 -0.772115 0.000000 0.250878 0.702776 1 6 1.000000
  6 -2.381181 6.133829 7.387372 0.422250 -0.087162 0.902279 0.195851 0.737084 1 6 1.000000
..\..\..\Desktop\General\noesis\bowser_all
  6 -2.381181 6.133829 7.387372 0.422250 -0.087162 0.902279 0.195851 0.737084 1 6 1.000000
  6 -2.210253 7.277676 7.262643 -0.292505 0.590067 0.752503 0.174886 0.787395 1 6 1.000000
  6 -2.342716 7.059267 6.294323 0.331825 -0.585576 0.739589 0.230427 0.786093 1 6 1.000000
..\..\..\Desktop\General\noesis\bowser_all
  6 -1.460517 5.780855 8.375491 0.943059 0.257420 0.210653 0.154060 0.713992 1 6 1.000000
  6 -0.000013 5.694560 6.381663 0.635483 -0.772115 0.000000 0.250878 0.702776 1 6 1.000000
  6 -0.000008 6.098566 8.202940 0.989918 0.141641 -0.000000 0.119602 0.693997 1 6 1.000000
..\..\..\Desktop\General\noesis\bowser_all
  6 -1.460517 5.780855 8.375491 0.943059 0.257420 0.210653 0.154060 0.713992 1 6 1.000000
  6 -0.000008 6.098566 8.202940 0.989918 0.141641 -0.000000 0.119602 0.693997 1 6 1.000000
  6 -0.000008 7.392375 8.960812 0.326098 0.945336 -0.000000 0.085140 0.760350 1 6 1.000000
..\..\..\Desktop\General\noesis\bowser_all
  6 -2.381181 6.133829 7.387372 0.422250 -0.087162 0.902279 0.195851 0.737084 1 6 1.000000
  6 -0.000013 5.694560 6.381663 0.635483 -0.772115 0.000000 0.250878 0.702776 1 6 1.000000
  6 -1.460517 5.780855 8.375491 0.943059 0.257420 0.210653 0.154060 0.713992 1 6 1.000000
..\..\..\Desktop\General\noesis\bowser_all
  6 -1.460517 5.780855 8.375491 0.943059 0.257420 0.210653 0.154060 0.713992 1 6 1.000000
  6 -0.000008 7.392375 8.960812 0.326098 0.945336 -0.000000 0.085140 0.760350 1 6 1.000000
  6 -1.642219 7.146257 8.499131 -0.106318 0.789439 0.604551 0.144094 0.771172 1 6 1.000000
..\..\..\Desktop\General\noesis\bowser_all
  6 -2.210253 7.277676 7.262643 -0.292505 0.590067 0.752503 0.174886 0.787395 1 6 1.000000
  6 -2.381181 6.133829 7.387372 0.422250 -0.087162 0.902279 0.195851 0.737084 1 6 1.000000
  6 -1.642219 7.146257 8.499131 -0.106318 0.789439 0.604551 0.144094 0.771172 1 6 1.000000
..\..\..\Desktop\General\noesis\bowser_all
  6 -1.642219 7.146257 8.499131 -0.106318 0.789439 0.604551 0.144094 0.771172 1 6 1.000000
  6 -2.381181 6.133829 7.387372 0.422250 -0.087162 0.902279 0.195851 0.737084 1 6 1.000000
  6 -1.460517 5.780855 8.375491 0.943059 0.257420 0.210653 0.154060 0.713992 1 6 1.000000
..\..\..\Desktop\General\noesis\bowser_all
  7 -0.000042 14.208622 6.396687 0.759572 0.000000 -0.650424 0.723035 0.128222 1 7 1.000000
  7 -0.000046 15.172672 3.676966 -0.737448 0.000002 -0.675404 0.829804 0.251002 1 7 1.000000
  7 -1.164135 12.407668 5.670366 -0.013450 0.995988 -0.088475 0.805369 0.022010 1 7 1.000000
..\..\..\Desktop\General\noesis\bowser_all
  7 -1.164135 12.407668 5.670366 -0.013450 0.995988 -0.088475 0.805369 0.022010 1 7 1.000000
  7 -0.000036 12.486352 7.079150 0.947678 0.000000 -0.319229 0.680303 -0.010127 1 7 1.000000
  7 -0.000042 14.208622 6.396687 0.759572 0.000000 -0.650424 0.723035 0.128222 1 7 1.000000
..\..\..\Desktop\General\noesis\bowser_all
  7 1.164065 12.407685 5.670366 -0.013450 -0.995988 -0.088475 0.805369 0.022010 1 7 1.000000
  7 -0.000042 14.208622 6.396687 0.759572 0.000000 -0.650424 0.723035 0.128222 1 7 1.000000
  7 -0.000036 12.486352 7.079150 0.947678 0.000000 -0.319229 0.680303 -0.010127 1 7 1.000000
..\..\..\Desktop\General\noesis\bowser_all
  7 -0.000042 14.208622 6.396687 0.759572 0.000000 -0.650424 0.723035 0.128222 1 7 1.000000
  7 1.164065 12.407685 5.670366 -0.013450 -0.995988 -0.088475 0.805369 0.022010 1 7 1.000000
  7 -0.000046 15.172672 3.676966 -0.737448 0.000002 -0.675404 0.829804 0.251002 1 7 1.000000
..\..\..\Desktop\General\noesis\bowser_all
  7 -1.696367 12.876536 3.957505 -0.195331 0.972325 -0.128180 0.798224 0.074345 1 7 1.000000
  7 -0.000039 13.289902 3.940705 0.094712 0.000000 -0.995505 0.707224 0.122103 1 7 1.000000
  7 -0.000034 12.062132 -0.847373 -0.813721 0.000000 -0.581255 0.831736 0.255645 1 7 1.000000
..\..\..\Desktop\General\noesis\bowser_all
  7 -1.696367 12.876536 3.957505 -0.195331 0.972325 -0.128180 0.798224 0.074345 1 7 1.000000
  7 -1.164135 12.407668 5.670366 0.388375 0.845021 -0.367565 0.698505 0.025321 1 7 1.000000
  7 -0.000039 13.289902 3.940705 0.094712 0.000000 -0.995505 0.707224 0.122103 1 7 1.000000
..\..\..\Desktop\General\noesis\bowser_all
  7 -0.000039 13.289902 3.940705 0.094712 0.000000 -0.995505 0.707224 0.122103 1 7 1.000000
  7 1.696293 12.876557 3.957509 -0.195331 -0.972325 -0.128181 0.798224 0.074345 1 7 1.000000
  7 -0.000034 12.062132 -0.847373 -0.813721 0.000000 -0.581255 0.831736 0.255645 1 7 1.000000
..\..\..\Desktop\General\noesis\bowser_all
  7 -0.000039 13.289902 3.940705 0.094712 0.000000 -0.995505 0.707224 0.122103 1 7 1.000000
  7 1.164065 12.407685 5.670366 0.388376 -0.845021 -0.367564 0.698505 0.025321 1 7 1.000000
  7 1.696293 12.876557 3.957509 -0.195331 -0.972325 -0.128181 0.798224 0.074345 1 7 1.000000
..\..\..\Desktop\General\noesis\bowser_all
  7 -1.164135 12.407668 5.670366 -0.410110 0.799588 0.438713 0.806005 0.022017 1 7 1.000000
  7 -0.000043 14.435342 4.606255 -0.224138 0.000000 -0.974557 0.726770 0.095689 1 7 1.000000
  7 -0.000040 13.634422 1.804283 -0.997709 -0.000000 0.067647 0.851854 0.236666 1 7 1.000000
..\..\..\Desktop\General\noesis\bowser_all
  7 1.164065 12.407685 5.670366 -0.410111 -0.799587 0.438713 0.806005 0.022017 1 7 1.000000
  7 -0.000040 13.634422 1.804283 -0.997709 -0.000000 0.067647 0.851854 0.236666 1 7 1.000000
  7 -0.000043 14.435342 4.606255 -0.224138 0.000000 -0.974557 0.726770 0.095689 1 7 1.000000
..\..\..\Desktop\General\noesis\bowser_all
  7 -0.000040 13.634422 1.804283 -0.997709 -0.000000 0.067647 0.851854 0.236666 1 7 1.000000
  7 1.164065 12.407685 5.670366 -0.410111 -0.799587 0.438713 0.806005 0.022017 1 7 1.000000
  7 -1.164135 12.407668 5.670366 -0.410110 0.799588 0.438713 0.806005 0.022017 1 7 1.000000
..\..\..\Desktop\General\noesis\bowser_all
  7 1.206076 11.876637 4.148603 -0.305359 -0.839269 0.449871 0.738076 -0.011438 1 7 1.000000
  7 1.696293 12.876557 3.957509 -0.195331 -0.972325 -0.128181 0.711440 0.095455 1 7 1.000000
  7 1.164065 12.407685 5.670366 0.388376 -0.845021 -0.367564 0.666450 -0.002056 1 7 1.000000
..\..\..\Desktop\General\noesis\bowser_all
  7 1.696293 12.876557 3.957509 -0.195331 -0.972325 -0.128181 0.711440 0.095455 1 7 1.000000
  7 1.206076 11.876637 4.148603 -0.305359 -0.839269 0.449871 0.738076 -0.011438 1 7 1.000000
  7 -0.000032 11.307102 3.420171 -0.616983 -0.000000 0.786976 0.800700 0.003417 1 7 1.000000
..\..\..\Desktop\General\noesis\bowser_all
  7 -0.000034 12.062132 -0.847373 -0.813721 0.000000 -0.581255 0.769659 0.174084 1 7 1.000000
  7 1.696293 12.876557 3.957509 -0.195331 -0.972325 -0.128181 0.711440 0.095455 1 7 1.000000
  7 -0.000032 11.307102 3.420171 -0.616983 -0.000000 0.786976 0.800700 0.003417 1 7 1.000000
..\..\..\Desktop\General\noesis\bowser_all
  7 -0.000034 12.062132 -0.847373 -0.813721 0.000000 -0.581255 0.769659 0.174084 1 7 1.000000
  7 -0.000032 11.307102 3.420171 -0.616983 -0.000000 0.786976 0.800700 0.003417 1 7 1.000000
  7 -1.696367 12.876536 3.957505 -0.195331 0.972325 -0.128180 0.711440 0.095455 1 7 1.000000
..\..\..\Desktop\General\noesis\bowser_all
  7 -1.696367 12.876536 3.957505 -0.195331 0.972325 -0.128180 0.711440 0.095455 1 7 1.000000
  7 -0.000032 11.307102 3.420171 -0.616983 -0.000000 0.786976 0.800700 0.003417 1 7 1.000000
  7 -1.206144 11.876617 4.148603 -0.305358 0.839269 0.449871 0.738076 -0.011438 1 7 1.000000
..\..\..\Desktop\General\noesis\bowser_all
  7 -1.206144 11.876617 4.148603 -0.305358 0.839269 0.449871 0.738076 -0.011438 1 7 1.000000
  7 -1.164135 12.407668 5.670366 0.388375 0.845021 -0.367565 0.666450 -0.002056 1 7 1.000000
  7 -1.696367 12.876536 3.957505 -0.195331 0.972325 -0.128180 0.711440 0.095455 1 7 1.000000
..\..\..\Desktop\General\noesis\bowser_all
  7 -0.000046 15.172672 3.676966 -0.737448 0.000002 -0.675404 0.763299 0.132971 1 7 1.000000
  7 1.164065 12.407685 5.670366 -0.013450 -0.995988 -0.088475 0.799155 0.011086 1 7 1.000000
  7 -1.164135 12.407668 5.670366 -0.013450 0.995988 -0.088475 0.682648 0.004801 1 7 1.000000
..\..\..\Desktop\General\noesis\bowser_all
  7 1.459406 12.076708 4.274065 -0.786099 0.296221 -0.542495 1.066150 -0.006821 1 7 1.000000
  7 1.825546 11.991729 5.729988 0.759602 0.129782 -0.637308 0.990224 -0.006821 1 7 1.000000
  7 2.762463 12.964882 4.463932 -0.378356 0.527304 -0.760787 1.036550 0.088069 1 7 1.000000
..\..\..\Desktop\General\noesis\bowser_all
  7 1.459406 12.076708 4.274065 -0.786099 0.296221 -0.542495 1.066150 -0.006821 1 7 1.000000
  7 2.762463 12.964882 4.463932 -0.378356 0.527304 -0.760787 1.036550 0.088069 1 7 1.000000
  7 3.395656 11.948574 4.181174 -0.712398 -0.651616 0.260551 1.002560 0.086202 1 7 1.000000
..\..\..\Desktop\General\noesis\bowser_all
  7 1.459406 12.076708 4.274065 -0.786099 0.296221 -0.542495 1.066150 -0.006821 1 7 1.000000
  7 3.395656 11.948574 4.181174 -0.712398 -0.651616 0.260551 1.002560 0.086202 1 7 1.000000
  7 2.011600 10.896749 4.197287 -0.781570 -0.391115 0.485982 1.000630 -0.006821 1 7 1.000000
..\..\..\Desktop\General\noesis\bowser_all
  7 2.011600 10.896749 4.197287 -0.781570 -0.391115 0.485982 1.000630 -0.006821 1 7 1.000000
  7 3.395656 11.948574 4.181174 -0.712398 -0.651616 0.260551 1.002560 0.086202 1 7 1.000000
  7 2.207280 10.930729 5.355235 0.440300 -0.706868 0.553600 0.936840 -0.006821 1 7 1.000000
..\..\..\Desktop\General\noesis\bowser_all
  7 3.329093 12.690464 5.080480 0.824243 -0.556375 0.105221 0.974070 0.091514 1 7 1.000000
  7 2.207280 10.930729 5.355235 0.440300 -0.706868 0.553600 0.936840 -0.006821 1 7 1.000000
  7 3.395656 11.948574 4.181174 -0.712398 -0.651616 0.260551 1.002560 0.086202 1 7 1.000000
..\..\..\Desktop\General\noesis\bowser_all
  7 2.762463 12.964882 4.463932 -0.378356 0.527304 -0.760787 1.036550 0.088069 1 7 1.000000
  7 1.825546 11.991729 5.729988 0.759602 0.129782 -0.637308 0.990224 -0.006821 1 7 1.000000
  7 3.329093 12.690464 5.080480 0.824243 -0.556375 0.105221 0.974070 0.091514 1 7 1.000000
..\..\..\Desktop\General\noesis\bowser_all
  7 1.825546 11.991729 5.729988 0.759602 0.129782 -0.637308 0.990224 -0.006821 1 7 1.000000
  7 2.207280 10.930729 5.355235 0.440300 -0.706868 0.553600 0.936840 -0.006821 1 7 1.000000
  7 3.329093 12.690464 5.080480 0.824243 -0.556375 0.105221 0.974070 0.091514 1 7 1.000000
..\..\..\Desktop\General\noesis\bowser_all
  7 3.395656 11.948574 4.181174 -0.712398 -0.651616 0.260551 1.002560 0.086202 1 7 1.000000
  7 2.762463 12.964882 4.463932 -0.378356 0.527304 -0.760787 1.036550 0.088069 1 7 1.000000
  7 3.660082 13.140045 4.424180 -0.498224 -0.804533 -0.323264 1.006030 0.114226 1 7 1.000000
..\..\..\Desktop\General\noesis\bowser_all
  7 3.329093 12.690464 5.080480 0.824243 -0.556375 0.105221 0.974070 0.091514 1 7 1.000000
  7 3.395656 11.948574 4.181174 -0.712398 -0.651616 0.260551 1.002560 0.086202 1 7 1.000000
  7 3.660082 13.140045 4.424180 -0.498224 -0.804533 -0.323264 1.006030 0.114226 1 7 1.000000
..\..\..\Desktop\General\noesis\bowser_all
  7 3.329093 12.690464 5.080480 0.824243 -0.556375 0.105221 0.985726 0.111676 1 7 1.000000
  7 3.660082 13.140045 4.424180 -0.498224 -0.804533 -0.323264 1.006030 0.114226 1 7 1.000000
  7 3.124187 14.286714 5.439808 0.624383 0.061802 -0.778669 1.006720 0.136081 1 7 1.000000
..\..\..\Desktop\General\noesis\bowser_all
  7 2.762463 12.964882 4.463932 -0.378356 0.527304 -0.760787 1.026710 0.112443 1 7 1.000000
  7 3.329093 12.690464 5.080480 0.824243 -0.556375 0.105221 0.985726 0.111676 1 7 1.000000
  7 3.124187 14.286714 5.439808 0.624383 0.061802 -0.778669 1.006720 0.136081 1 7 1.000000
..\..\..\Desktop\General\noesis\bowser_all
  7 3.660082 13.140045 4.424180 -0.498224 -0.804533 -0.323264 1.006030 0.114226 1 7 1.000000
  7 2.762463 12.964882 4.463932 -0.378356 0.527304 -0.760787 1.026710 0.112443 1 7 1.000000
  7 3.124187 14.286714 5.439808 0.624383 0.061802 -0.778669 1.006720 0.136081 1 7 1.000000
..\..\..\Desktop\General\noesis\bowser_all
  7 1.336208 8.710109 9.126123 0.843308 0.079591 0.531504 0.627639 0.358500 1 7 1.000000
  7 1.256642 7.571400 8.481887 0.843308 0.079591 0.531504 0.692438 0.358719 1 7 1.000000
  7 2.004207 8.936052 8.176606 0.470298 -0.806727 0.357787 0.627639 0.331657 1 7 1.000000
..\..\..\Desktop\General\noesis\bowser_all
  7 1.256642 7.571400 8.481887 0.843308 0.079591 0.531504 0.692438 0.358719 1 7 1.000000
  7 1.336208 8.710109 9.126123 0.843308 0.079591 0.531504 0.627639 0.358500 1 7 1.000000
  7 0.888897 8.796771 8.216480 0.411065 0.889910 0.197702 0.627639 0.386995 1 7 1.000000
..\..\..\Desktop\General\noesis\bowser_all
  7 1.469788 8.794800 8.197978 0.490130 -0.801526 0.342532 0.627639 0.384106 1 7 1.000000
  7 1.571180 7.999335 7.541742 0.490130 -0.801526 0.342532 0.692438 0.358719 1 7 1.000000
  7 2.068686 9.093396 7.438100 0.490130 -0.801526 0.342532 0.627639 0.331657 1 7 1.000000
..\..\..\Desktop\General\noesis\bowser_all
  7 1.867906 9.177229 7.794500 0.248269 -0.853613 0.457939 0.627639 0.383353 1 7 1.000000
  7 1.806539 8.492181 6.867714 0.248269 -0.853613 0.457939 0.692438 0.358719 1 7 1.000000
  7 2.329015 9.512110 6.894120 0.248269 -0.853613 0.457939 0.627639 0.331657 1 7 1.000000
..\..\..\Desktop\General\noesis\bowser_all
  7 -1.459474 12.076686 4.274065 -0.786099 -0.296221 -0.542495 1.066150 -0.013234 1 7 1.000000
  7 -2.762537 12.964843 4.463932 -0.378356 -0.527304 -0.760787 1.036550 0.088069 1 7 1.000000
  7 -1.825614 11.991705 5.729988 0.759602 -0.129783 -0.637308 0.990224 -0.013234 1 7 1.000000
..\..\..\Desktop\General\noesis\bowser_all
  7 -1.459474 12.076686 4.274065 -0.786099 -0.296221 -0.542495 1.066150 -0.013234 1 7 1.000000
  7 -3.395724 11.948520 4.181174 -0.712398 0.651616 0.260551 1.002560 0.086202 1 7 1.000000
  7 -2.762537 12.964843 4.463932 -0.378356 -0.527304 -0.760787 1.036550 0.088069 1 7 1.000000
..\..\..\Desktop\General\noesis\bowser_all
  7 -1.459474 12.076686 4.274065 -0.786099 -0.296221 -0.542495 1.066150 -0.013234 1 7 1.000000
  7 -2.011660 10.896714 4.197287 -0.781570 0.391115 0.485982 1.000630 -0.013234 1 7 1.000000
  7 -3.395724 11.948520 4.181174 -0.712398 0.651616 0.260551 1.002560 0.086202 1 7 1.000000
..\..\..\Desktop\General\noesis\bowser_all
  7 -2.011660 10.896714 4.197287 -0.781570 0.391115 0.485982 1.000630 -0.013234 1 7 1.000000
  7 -2.207340 10.930694 5.355235 0.440300 0.706868 0.553600 0.936840 -0.013234 1 7 1.000000
  7 -3.395724 11.948520 4.181174 -0.712398 0.651616 0.260551 1.002560 0.086202 1 7 1.000000
..\..\..\Desktop\General\noesis\bowser_all
  7 -2.762537 12.964843 4.463932 -0.378356 -0.527304 -0.760787 1.036550 0.088069 1 7 1.000000
  7 -3.329167 12.690419 5.080480 0.824243 0.556374 0.105220 0.974070 0.091514 1 7 1.000000
  7 -1.825614 11.991705 5.729988 0.759602 -0.129783 -0.637308 0.990224 -0.013234 1 7 1.000000
..\..\..\Desktop\General\noesis\bowser_all
  7 -1.825614 11.991705 5.729988 0.759602 -0.129783 -0.637308 0.990224 -0.013234 1 7 1.000000
  7 -3.329167 12.690419 5.080480 0.824243 0.556374 0.105220 0.974070 0.091514 1 7 1.000000
  7 -2.207340 10.930694 5.355235 0.440300 0.706868 0.553600 0.936840 -0.013234 1 7 1.000000
..\..\..\Desktop\General\noesis\bowser_all
  7 -3.329167 12.690419 5.080480 0.824243 0.556374 0.105220 0.974070 0.091514 1 7 1.000000
  7 -3.395724 11.948520 4.181174 -0.712398 0.651616 0.260551 1.002560 0.086202 1 7 1.000000
  7 -2.207340 10.930694 5.355235 0.440300 0.706868 0.553600 0.936840 -0.013234 1 7 1.000000
..\..\..\Desktop\General\noesis\bowser_all
  7 -3.329167 12.690419 5.080480 0.824243 0.556374 0.105220 0.974070 0.091514 1 7 1.000000
  7 -3.660158 13.139989 4.424180 -0.498224 0.804533 -0.323264 1.006030 0.114226 1 7 1.000000
  7 -3.395724 11.948520 4.181174 -0.712398 0.651616 0.260551 1.002560 0.086202 1 7 1.000000
..\..\..\Desktop\General\noesis\bowser_all
  7 -3.395724 11.948520 4.181174 -0.712398 0.651616 0.260551 1.002560 0.086202 1 7 1.000000
  7 -3.660158 13.139989 4.424180 -0.498224 0.804533 -0.323264 1.006030 0.114226 1 7 1.000000
  7 -2.762537 12.964843 4.463932 -0.378356 -0.527304 -0.760787 1.036550 0.088069 1 7 1.000000
..\..\..\Desktop\General\noesis\bowser_all
  7 -3.329167 12.690419 5.080480 0.824243 0.556374 0.105220 0.985726 0.111676 1 7 1.000000
  7 -3.124272 14.286671 5.439798 0.624384 -0.061800 -0.778669 1.006720 0.136081 1 7 1.000000
  7 -3.660158 13.139989 4.424180 -0.498224 0.804533 -0.323264 1.006030 0.114226 1 7 1.000000
..\..\..\Desktop\General\noesis\bowser_all
  7 -2.762537 12.964843 4.463932 -0.378356 -0.527304 -0.760787 1.026710 0.112443 1 7 1.000000
  7 -3.124272 14.286671 5.439798 0.624384 -0.061800 -0.778669 1.006720 0.136081 1 7 1.000000
  7 -3.329167 12.690419 5.080480 0.824243 0.556374 0.105220 0.985726 0.111676 1 7 1.000000
..\..\..\Desktop\General\noesis\bowser_all
  7 -3.660158 13.139989 4.424180 -0.498224 0.804533 -0.323264 1.006030 0.114226 1 7 1.000000
  7 -3.124272 14.286671 5.439798 0.624384 -0.061800 -0.778669 1.006720 0.136081 1 7 1.000000
  7 -2.762537 12.964843 4.463932 -0.378356 -0.527304 -0.760787 1.026710 0.112443 1 7 1.000000
..\..\..\Desktop\General\noesis\bowser_all
  7 -1.346846 12.601527 7.590231 0.449049 -0.074633 -0.890385 0.624289 0.214945 1 7 1.000000
  7 -1.720313 11.704845 7.567061 0.758859 0.650641 0.028273 0.699555 0.191367 1 7 1.000000
  7 -0.450646 11.476870 8.503617 0.949235 0.238207 -0.205452 0.633415 0.093096 1 7 1.000000
..\..\..\Desktop\General\noesis\bowser_all
  7 -1.720313 11.704845 7.567061 0.758859 0.650641 0.028273 0.699555 0.191367 1 7 1.000000
  7 -1.346846 12.601527 7.590231 0.449049 -0.074633 -0.890385 0.624289 0.214945 1 7 1.000000
  7 -2.086726 12.652774 6.884402 0.249402 0.604626 -0.756456 0.645873 0.301965 1 7 1.000000
..\..\..\Desktop\General\noesis\bowser_all
  7 -1.720313 11.704845 7.567061 0.758859 0.650641 0.028273 0.699555 0.191367 1 7 1.000000
  7 -2.086726 12.652774 6.884402 0.249402 0.604626 -0.756456 0.645873 0.301965 1 7 1.000000
  7 -2.172732 11.451525 7.178536 0.542450 0.824431 -0.161434 0.748095 0.237669 1 7 1.000000
..\..\..\Desktop\General\noesis\bowser_all
  7 -2.086726 12.652774 6.884402 0.249402 0.604626 -0.756456 0.645873 0.301965 1 7 1.000000
  7 -2.455214 12.012103 6.241692 -0.303093 0.626163 -0.718369 0.722772 0.326435 1 7 1.000000
  7 -2.172732 11.451525 7.178536 0.542450 0.824431 -0.161434 0.748095 0.237669 1 7 1.000000
..\..\..\Desktop\General\noesis\bowser_all
  7 -1.510824 12.057246 6.554428 -0.518531 -0.553756 -0.651521 0.675257 0.212689 1 7 1.000000
  7 -1.346846 12.601527 7.590231 0.449049 -0.074633 -0.890385 0.624289 0.214945 1 7 1.000000
  7 -0.450646 11.476870 8.503617 0.949235 0.238207 -0.205452 0.633415 0.093096 1 7 1.000000
..\..\..\Desktop\General\noesis\bowser_all
  7 -2.455214 12.012103 6.241692 -0.303093 0.626163 -0.718369 0.722772 0.326435 1 7 1.000000
  7 -2.086726 12.652774 6.884402 0.249402 0.604626 -0.756456 0.645873 0.301965 1 7 1.000000
  7 -1.510824 12.057246 6.554428 -0.518531 -0.553756 -0.651521 0.675257 0.212689 1 7 1.000000
..\..\..\Desktop\General\noesis\bowser_all
  7 -2.086726 12.652774 6.884402 0.249402 0.604626 -0.756456 0.645873 0.301965 1 7 1.000000
  7 -1.346846 12.601527 7.590231 0.449049 -0.074633 -0.890385 0.624289 0.214945 1 7 1.000000
  7 -1.510824 12.057246 6.554428 -0.518531 -0.553756 -0.651521 0.675257 0.212689 1 7 1.000000
..\..\..\Desktop\General\noesis\bowser_all
  7 -1.720313 11.704845 7.567061 0.758859 0.650641 0.028273 0.699555 0.191367 1 7 1.000000
  7 -0.438628 11.124419 8.381155 0.713249 0.606273 0.351722 0.660138 0.091309 1 7 1.000000
  7 -0.450646 11.476870 8.503617 0.949235 0.238207 -0.205452 0.633415 0.093096 1 7 1.000000
..\..\..\Desktop\General\noesis\bowser_all
  7 -1.032151 11.295737 7.956695 0.693425 0.609769 0.383853 0.689060 0.136472 1 7 1.000000
  7 -0.438628 11.124419 8.381155 0.713249 0.606273 0.351722 0.660138 0.091309 1 7 1.000000
  7 -1.720313 11.704845 7.567061 0.758859 0.650641 0.028273 0.699555 0.191367 1 7 1.000000
..\..\..\Desktop\General\noesis\bowser_all
  7 1.346774 12.601546 7.590231 0.449048 0.074633 -0.890385 0.624289 0.214945 1 7 1.000000
  7 0.450582 11.476873 8.503617 0.949235 -0.238206 -0.205452 0.633415 0.093096 1 7 1.000000
  7 1.720247 11.704867 7.567061 0.758859 -0.650641 0.028273 0.699555 0.191367 1 7 1.000000
..\..\..\Desktop\General\noesis\bowser_all
  7 1.720247 11.704867 7.567061 0.758859 -0.650641 0.028273 0.699555 0.191367 1 7 1.000000
  7 2.086653 12.652809 6.884402 0.249402 -0.604626 -0.756456 0.645873 0.301965 1 7 1.000000
  7 1.346774 12.601546 7.590231 0.449048 0.074633 -0.890385 0.624289 0.214945 1 7 1.000000
..\..\..\Desktop\General\noesis\bowser_all
  7 1.720247 11.704867 7.567061 0.758859 -0.650641 0.028273 0.699555 0.191367 1 7 1.000000
  7 2.172668 11.451550 7.178536 0.542450 -0.824431 -0.161434 0.748095 0.237669 1 7 1.000000
  7 2.086653 12.652809 6.884402 0.249402 -0.604626 -0.756456 0.645873 0.301965 1 7 1.000000
..\..\..\Desktop\General\noesis\bowser_all
  7 2.086653 12.652809 6.884402 0.249402 -0.604626 -0.756456 0.645873 0.301965 1 7 1.000000
  7 2.172668 11.451550 7.178536 0.542450 -0.824431 -0.161434 0.748095 0.237669 1 7 1.000000
  7 2.455146 12.012140 6.241692 -0.303092 -0.626163 -0.718369 0.722772 0.326435 1 7 1.000000
..\..\..\Desktop\General\noesis\bowser_all
  7 2.086653 12.652809 6.884402 0.249402 -0.604626 -0.756456 0.645873 0.301965 1 7 1.000000
  7 1.510756 12.057267 6.554428 -0.518532 0.553756 -0.651521 0.675257 0.212689 1 7 1.000000
  7 1.346774 12.601546 7.590231 0.449048 0.074633 -0.890385 0.624289 0.214945 1 7 1.000000
..\..\..\Desktop\General\noesis\bowser_all
  7 1.510756 12.057267 6.554428 -0.518532 0.553756 -0.651521 0.675257 0.212689 1 7 1.000000
  7 0.450582 11.476873 8.503617 0.949235 -0.238206 -0.205452 0.633415 0.093096 1 7 1.000000
  7 1.346774 12.601546 7.590231 0.449048 0.074633 -0.890385 0.624289 0.214945 1 7 1.000000
..\..\..\Desktop\General\noesis\bowser_all
  7 2.455146 12.012140 6.241692 -0.303092 -0.626163 -0.718369 0.722772 0.326435 1 7 1.000000
  7 1.510756 12.057267 6.554428 -0.518532 0.553756 -0.651521 0.675257 0.212689 1 7 1.000000
  7 2.086653 12.652809 6.884402 0.249402 -0.604626 -0.756456 0.645873 0.301965 1 7 1.000000
..\..\..\Desktop\General\noesis\bowser_all
  7 1.720247 11.704867 7.567061 0.758859 -0.650641 0.028273 0.699555 0.191367 1 7 1.000000
  7 0.450582 11.476873 8.503617 0.949235 -0.238206 -0.205452 0.633415 0.093096 1 7 1.000000
  7 0.438566 11.124423 8.381155 0.713249 -0.606273 0.351722 0.660138 0.091309 1 7 1.000000
..\..\..\Desktop\General\noesis\bowser_all
  7 1.032089 11.295754 7.956695 0.693425 -0.609769 0.383853 0.689060 0.136472 1 7 1.000000
  7 1.720247 11.704867 7.567061 0.758859 -0.650641 0.028273 0.699555 0.191367 1 7 1.000000
  7 0.438566 11.124423 8.381155 0.713249 -0.606273 0.351722 0.660138 0.091309 1 7 1.000000
..\..\..\Desktop\General\noesis\bowser_all
  7 -1.867954 9.177202 7.794500 0.248269 0.853613 0.457939 0.627639 0.383353 1 7 1.000000
  7 -2.329065 9.512075 6.894110 0.248269 0.853613 0.457939 0.627639 0.331657 1 7 1.000000
  7 -1.806581 8.492154 6.867714 0.248269 0.853613 0.457939 0.692438 0.358719 1 7 1.000000
..\..\..\Desktop\General\noesis\bowser_all
  7 -1.469832 8.794779 8.197978 0.490130 0.801526 0.342532 0.627639 0.384106 1 7 1.000000
  7 -2.068734 9.093366 7.438100 0.490130 0.801526 0.342532 0.627639 0.331657 1 7 1.000000
  7 -1.571220 7.999312 7.541742 0.490130 0.801526 0.342532 0.692438 0.358719 1 7 1.000000
..\..\..\Desktop\General\noesis\bowser_all
  7 -1.336252 8.710089 9.126123 0.843308 -0.079591 0.531504 0.627639 0.358500 1 7 1.000000
  7 -2.004253 8.936023 8.176606 0.470298 0.806727 0.357787 0.627639 0.331657 1 7 1.000000
  7 -1.256678 7.571382 8.481887 0.843308 -0.079591 0.531504 0.692438 0.358719 1 7 1.000000
..\..\..\Desktop\General\noesis\bowser_all
  7 -1.256678 7.571382 8.481887 0.843308 -0.079591 0.531504 0.692438 0.358719 1 7 1.000000
  7 -0.888942 8.796759 8.216480 0.411065 -0.889910 0.197702 0.627639 0.386995 1 7 1.000000
  7 -1.336252 8.710089 9.126123 0.843308 -0.079591 0.531504 0.627639 0.358500 1 7 1.000000
..\..\..\Desktop\General\noesis\bowser_all
  7 0.629115 10.549303 8.401323 -0.242806 -0.142803 -0.959506 0.114361 0.999610 1 7 1.000000
  7 -0.000029 10.644641 8.235575 -0.331059 0.000000 -0.943610 0.000734 1.010510 1 7 1.000000
  7 0.540567 11.140873 9.674487 0.156237 -0.395769 -0.904962 0.042130 0.983882 1 7 1.000000
..\..\..\Desktop\General\noesis\bowser_all
  7 1.250271 10.661146 9.297467 0.344568 -0.358813 -0.867483 0.076385 0.959995 1 7 1.000000
  7 0.629115 10.549303 8.401323 -0.242806 -0.142803 -0.959506 0.114361 0.999610 1 7 1.000000
  7 0.540567 11.140873 9.674487 0.156237 -0.395769 -0.904962 0.042130 0.983882 1 7 1.000000
..\..\..\Desktop\General\noesis\bowser_all
  7 0.963168 10.096105 9.899235 0.802962 -0.537395 -0.257796 0.043524 0.937108 1 7 1.000000
  7 1.250271 10.661146 9.297467 0.344568 -0.358813 -0.867483 0.076385 0.959995 1 7 1.000000
  7 0.540567 11.140873 9.674487 0.156237 -0.395769 -0.904962 0.042130 0.983882 1 7 1.000000
..\..\..\Desktop\General\noesis\bowser_all
  7 0.540567 11.140873 9.674487 0.156237 -0.395769 -0.904962 0.042130 0.983882 1 7 1.000000
  7 -0.000030 10.861871 10.460463 0.846495 0.000000 -0.532396 0.001947 0.960304 1 7 1.000000
  7 0.963168 10.096105 9.899235 0.802962 -0.537395 -0.257796 0.043524 0.937108 1 7 1.000000
..\..\..\Desktop\General\noesis\bowser_all
  7 0.540567 11.140873 9.674487 0.156237 -0.395769 -0.904962 0.042130 0.983882 1 7 1.000000
  7 -0.540629 11.140869 9.674487 0.156236 0.395770 -0.904962 -0.036566 0.983882 1 7 1.000000
  7 -0.000030 10.861871 10.460463 0.846495 0.000000 -0.532396 0.001947 0.960304 1 7 1.000000
..\..\..\Desktop\General\noesis\bowser_all
  7 -0.540629 11.140869 9.674487 0.156236 0.395770 -0.904962 -0.036566 0.983882 1 7 1.000000
  7 0.540567 11.140873 9.674487 0.156237 -0.395769 -0.904962 0.042130 0.983882 1 7 1.000000
  7 -0.000029 10.644641 8.235575 -0.331059 0.000000 -0.943610 0.000734 1.010510 1 7 1.000000
..\..\..\Desktop\General\noesis\bowser_all
  7 -0.540629 11.140869 9.674487 0.156236 0.395770 -0.904962 0.042130 0.983882 1 7 1.000000
  7 -0.629173 10.549289 8.401323 -0.242806 0.142803 -0.959506 0.114361 0.999610 1 7 1.000000
  7 -1.250329 10.661126 9.297467 0.344567 0.358814 -0.867483 0.076385 0.959995 1 7 1.000000
..\..\..\Desktop\General\noesis\bowser_all
  7 -0.540629 11.140869 9.674487 0.156236 0.395770 -0.904962 0.042130 0.983882 1 7 1.000000
  7 -0.000029 10.644641 8.235575 -0.331059 0.000000 -0.943610 0.000734 1.010510 1 7 1.000000
  7 -0.629173 10.549289 8.401323 -0.242806 0.142803 -0.959506 0.114361 0.999610 1 7 1.000000
..\..\..\Desktop\General\noesis\bowser_all
  7 -2.520343 8.978578 4.167996 -0.344270 0.918599 0.194048 0.312056 0.889000 1 7 1.000000
  7 -3.235839 10.441689 5.327340 -0.230721 0.820606 -0.522852 0.247414 0.924842 1 7 1.000000
  7 -2.586857 10.066422 4.465489 -0.361830 0.858316 -0.363831 0.293938 0.947734 1 7 1.000000
..\..\..\Desktop\General\noesis\bowser_all
  7 -3.235839 10.441689 5.327340 -0.230721 0.820606 -0.522852 0.247414 0.924842 1 7 1.000000
  7 -2.235909 10.661882 6.859867 0.463121 0.705318 -0.536699 0.168992 0.969301 1 7 1.000000
  7 -2.450000 10.824662 5.574675 -0.039407 0.746728 -0.663961 0.216881 0.976036 1 7 1.000000
..\..\..\Desktop\General\noesis\bowser_all
  7 -2.586857 10.066422 4.465489 -0.361830 0.858316 -0.363831 0.293938 0.947734 1 7 1.000000
  7 -3.235839 10.441689 5.327340 -0.230721 0.820606 -0.522852 0.247414 0.924842 1 7 1.000000
  7 -2.450000 10.824662 5.574675 -0.039407 0.746728 -0.663961 0.216881 0.976036 1 7 1.000000
..\..\..\Desktop\General\noesis\bowser_all
  7 -2.235909 10.661882 6.859867 0.463121 0.705318 -0.536699 0.394617 1.299820 1 7 1.000000
  7 -1.958565 12.298825 5.773203 0.093914 0.742354 -0.663393 0.509652 1.155690 1 7 1.000000
  7 -2.450000 10.824662 5.574675 -0.039407 0.746728 -0.663961 0.395834 1.155030 1 7 1.000000
..\..\..\Desktop\General\noesis\bowser_all
  7 -2.235909 10.661882 6.859867 0.463121 0.705318 -0.536699 0.394617 1.299820 1 7 1.000000
  7 -1.799624 11.926826 7.108354 0.501170 0.652890 -0.567947 0.504775 1.295160 1 7 1.000000
  7 -1.958565 12.298825 5.773203 0.093914 0.742354 -0.663393 0.509652 1.155690 1 7 1.000000
..\..\..\Desktop\General\noesis\bowser_all
  7 -1.799624 11.926826 7.108354 0.501170 0.652890 -0.567947 0.504775 1.295160 1 7 1.000000
  7 -0.000036 12.506812 7.412867 0.408429 0.000000 -0.912790 0.622761 1.285140 1 7 1.000000
  7 -1.958565 12.298825 5.773203 0.093914 0.742354 -0.663393 0.509652 1.155690 1 7 1.000000
..\..\..\Desktop\General\noesis\bowser_all
  7 -1.958565 12.298825 5.773203 0.093914 0.742354 -0.663393 0.509652 1.155690 1 7 1.000000
  7 -0.000036 12.506812 7.412867 0.408429 0.000000 -0.912790 0.622761 1.285140 1 7 1.000000
  7 -0.000037 12.755482 5.658216 -0.045769 0.000000 -0.998952 0.625998 1.125390 1 7 1.000000
..\..\..\Desktop\General\noesis\bowser_all
  7 1.958495 12.298848 5.773203 0.093914 -0.742354 -0.663393 0.509652 1.155690 1 7 1.000000
  7 -0.000037 12.755482 5.658216 -0.045769 0.000000 -0.998952 0.625998 1.125390 1 7 1.000000
  7 -0.000036 12.506812 7.412867 0.408429 0.000000 -0.912790 0.622761 1.285140 1 7 1.000000
..\..\..\Desktop\General\noesis\bowser_all
  7 1.799556 11.926848 7.108354 0.501170 -0.652890 -0.567947 0.504775 1.295160 1 7 1.000000
  7 1.958495 12.298848 5.773203 0.093914 -0.742354 -0.663393 0.509652 1.155690 1 7 1.000000
  7 -0.000036 12.506812 7.412867 0.408429 0.000000 -0.912790 0.622761 1.285140 1 7 1.000000
..\..\..\Desktop\General\noesis\bowser_all
  7 2.235851 10.661908 6.859867 0.463120 -0.705318 -0.536699 0.394617 1.299820 1 7 1.000000
  7 1.958495 12.298848 5.773203 0.093914 -0.742354 -0.663393 0.509652 1.155690 1 7 1.000000
  7 1.799556 11.926848 7.108354 0.501170 -0.652890 -0.567947 0.504775 1.295160 1 7 1.000000
..\..\..\Desktop\General\noesis\bowser_all
  7 2.235851 10.661908 6.859867 0.463120 -0.705318 -0.536699 0.394617 1.299820 1 7 1.000000
  7 2.449940 10.824699 5.574675 -0.039407 -0.746728 -0.663961 0.395834 1.155030 1 7 1.000000
  7 1.958495 12.298848 5.773203 0.093914 -0.742354 -0.663393 0.509652 1.155690 1 7 1.000000
..\..\..\Desktop\General\noesis\bowser_all
  7 2.586803 10.066461 4.465489 -0.361830 -0.858316 -0.363831 0.320509 1.085100 1 7 1.000000
  7 1.958495 12.298848 5.773203 0.093914 -0.742354 -0.663393 0.509652 1.155690 1 7 1.000000
  7 2.449940 10.824699 5.574675 -0.039407 -0.746728 -0.663961 0.395834 1.155030 1 7 1.000000
..\..\..\Desktop\General\noesis\bowser_all
  7 -2.586857 10.066422 4.465489 -0.361830 0.858316 -0.363831 0.320509 1.085100 1 7 1.000000
  7 -2.450000 10.824662 5.574675 -0.039407 0.746728 -0.663961 0.395834 1.155030 1 7 1.000000
  7 -1.958565 12.298825 5.773203 0.093914 0.742354 -0.663393 0.509652 1.155690 1 7 1.000000
..\..\..\Desktop\General\noesis\bowser_all
  7 -1.958565 12.298825 5.773203 0.093914 0.742354 -0.663393 0.652787 1.192620 1 7 1.000000
  7 -0.000037 12.755482 5.658216 -0.045769 0.000000 -0.998952 0.472553 1.170180 1 7 1.000000
  7 -1.730014 11.945405 3.654080 -0.437274 0.520542 -0.733368 0.611958 1.293360 1 7 1.000000
..\..\..\Desktop\General\noesis\bowser_all
  7 -1.730014 11.945405 3.654080 -0.437274 0.520542 -0.733368 0.321546 1.293360 1 7 1.000000
  7 -0.000037 12.755482 5.658216 -0.045769 0.000000 -0.998952 0.472553 1.170180 1 7 1.000000
  7 1.729946 11.945429 3.654079 -0.437273 -0.520542 -0.733368 0.611958 1.293360 1 7 1.000000
..\..\..\Desktop\General\noesis\bowser_all
  7 1.958495 12.298848 5.773203 0.093914 -0.742354 -0.663393 0.652787 1.192620 1 7 1.000000
  7 1.729946 11.945429 3.654079 -0.437273 -0.520542 -0.733368 0.611958 1.293360 1 7 1.000000
  7 -0.000037 12.755482 5.658216 -0.045769 0.000000 -0.998952 0.472553 1.170180 1 7 1.000000
..\..\..\Desktop\General\noesis\bowser_all
  7 -0.000036 12.506812 7.412867 0.408429 0.000000 -0.912790 0.715228 1.000840 1 7 1.000000
  7 -0.450647 11.749430 8.421118 0.866893 0.398699 -0.299225 0.649253 1.055910 1 7 1.000000
  7 0.450581 11.749444 8.421118 0.866893 -0.398699 -0.299225 0.649253 0.946134 1 7 1.000000
..\..\..\Desktop\General\noesis\bowser_all
  7 -0.000036 12.506812 7.412867 0.408429 0.000000 -0.912790 0.715228 1.000840 1 7 1.000000
  7 -1.799624 11.926826 7.108354 0.501170 0.652890 -0.567947 0.691227 1.119070 1 7 1.000000
  7 -0.450647 11.749430 8.421118 0.866893 0.398699 -0.299225 0.649253 1.055910 1 7 1.000000
..\..\..\Desktop\General\noesis\bowser_all
  7 -0.000036 12.506812 7.412867 0.408429 0.000000 -0.912790 0.715228 1.000840 1 7 1.000000
  7 0.450581 11.749444 8.421118 0.866893 -0.398699 -0.299225 0.649253 0.946134 1 7 1.000000
  7 1.799556 11.926848 7.108354 0.501170 -0.652890 -0.567947 0.691227 0.882608 1 7 1.000000
..\..\..\Desktop\General\noesis\bowser_all
  7 -0.450647 11.749430 8.421118 0.866893 0.398699 -0.299225 0.649253 1.055910 1 7 1.000000
  7 -0.620111 10.440699 8.149540 0.914450 0.337068 -0.223977 0.550492 1.086550 1 7 1.000000
  7 0.450581 11.749444 8.421118 0.866893 -0.398699 -0.299225 0.649253 0.946134 1 7 1.000000
..\..\..\Desktop\General\noesis\bowser_all
  7 -0.620111 10.440699 8.149540 0.914450 0.337068 -0.223977 0.550492 1.086550 1 7 1.000000
  7 0.620055 10.440702 8.149540 0.914450 -0.337068 -0.223977 0.550492 0.915268 1 7 1.000000
  7 0.450581 11.749444 8.421118 0.866893 -0.398699 -0.299225 0.649253 0.946134 1 7 1.000000
..\..\..\Desktop\General\noesis\bowser_all
  7 -2.235909 10.661882 6.859867 0.463121 0.705318 -0.536699 0.482773 1.111380 1 7 1.000000
  7 -1.755898 10.337264 7.903707 0.090565 0.200761 -0.975445 0.410831 1.112250 1 7 1.000000
  7 -0.620111 10.440699 8.149540 0.914450 0.337068 -0.223977 0.385970 1.039570 1 7 1.000000
..\..\..\Desktop\General\noesis\bowser_all
  7 2.235851 10.661908 6.859867 0.463120 -0.705318 -0.536699 0.482773 0.892598 1 7 1.000000
  7 0.620055 10.440702 8.149540 0.914450 -0.337068 -0.223977 0.385970 0.964417 1 7 1.000000
  7 1.755842 10.337288 7.903707 0.090564 -0.200761 -0.975445 0.410831 0.891728 1 7 1.000000
..\..\..\Desktop\General\noesis\bowser_all
  7 -1.755898 10.337264 7.903707 0.392617 0.282014 -0.875397 0.410831 1.112250 1 7 1.000000
  7 -0.000029 10.570781 8.730390 0.408429 0.000000 -0.912790 0.327626 1.001990 1 7 1.000000
  7 -0.000030 10.930011 7.802125 0.408429 0.000000 -0.912790 0.405695 1.001990 1 7 1.000000
..\..\..\Desktop\General\noesis\bowser_all
  7 1.755842 10.337288 7.903707 0.392619 -0.282014 -0.875396 0.410831 0.891728 1 7 1.000000
  7 -0.000030 10.930011 7.802125 0.408429 0.000000 -0.912790 0.405695 1.001990 1 7 1.000000
  7 -0.000029 10.570781 8.730390 0.408429 0.000000 -0.912790 0.327626 1.001990 1 7 1.000000
..\..\..\Desktop\General\noesis\bowser_all
  7 1.302340 8.235600 9.154347 0.240451 -0.219258 0.945574 0.024446 0.808417 1 7 1.000000
  7 0.351811 8.366258 9.436315 0.097382 0.403978 0.909571 0.004229 0.816810 1 7 1.000000
  7 -0.000022 8.737350 8.960421 -0.271827 -0.000000 0.962346 0.000725 0.855175 1 7 1.000000
..\..\..\Desktop\General\noesis\bowser_all
  7 -0.000022 8.737350 8.960421 -0.271827 -0.000000 0.962346 0.000725 0.855175 1 7 1.000000
  7 -0.351852 8.366254 9.436315 0.097381 -0.403978 0.909571 0.004229 0.816810 1 7 1.000000
  7 -1.302380 8.235580 9.154347 0.240451 0.219257 0.945574 0.024446 0.808417 1 7 1.000000
..\..\..\Desktop\General\noesis\bowser_all
  6 1.323725 8.020283 7.149960 0.239848 0.673427 -0.699263 0.690934 0.359149 1 6 1.000000
  6 1.383156 7.230181 7.207819 0.239848 0.673427 -0.699263 0.627639 0.385745 1 6 1.000000
  6 1.798704 7.766222 6.717810 0.239848 0.673427 -0.699263 0.627639 0.332703 1 6 1.000000
..\..\..\Desktop\General\noesis\bowser_all
  6 1.038477 7.966222 7.718104 0.140880 0.780910 -0.608550 0.687570 0.359550 1 6 1.000000
  6 0.619972 7.275482 8.276573 0.140880 0.780910 -0.608550 0.629830 0.387579 1 6 1.000000
  6 1.546467 7.277581 7.529755 0.140880 0.780910 -0.608550 0.629830 0.332852 1 6 1.000000
..\..\..\Desktop\General\noesis\bowser_all
  6 -1.852479 8.157982 6.067329 0.386181 0.485548 0.784288 0.627639 0.332703 1 6 1.000000
  6 -1.421537 7.985846 6.589489 0.386181 0.485548 0.784288 0.627639 0.385745 1 6 1.000000
  6 -1.422798 8.660601 6.712884 0.386181 0.485548 0.784288 0.690934 0.359149 1 6 1.000000
..\..\..\Desktop\General\noesis\bowser_all
  6 1.422762 8.660612 6.712867 0.386182 0.485547 -0.784288 0.690934 0.359149 1 6 1.000000
  6 1.421503 7.985857 6.589471 0.386182 0.485547 -0.784288 0.627639 0.385745 1 6 1.000000
  6 1.852441 8.157996 6.067304 0.386182 0.485547 -0.784288 0.627639 0.332703 1 6 1.000000
..\..\..\Desktop\General\noesis\bowser_all
  6 -1.038503 7.966215 7.718118 0.140880 0.780910 0.608550 0.687570 0.359550 1 6 1.000000
  6 -1.546493 7.277571 7.529775 0.140880 0.780910 0.608550 0.629830 0.332852 1 6 1.000000
  6 -0.619992 7.275477 8.276581 0.140880 0.780910 0.608550 0.629830 0.387579 1 6 1.000000
..\..\..\Desktop\General\noesis\bowser_all
  6 -1.323755 8.020272 7.149977 0.239848 0.673426 0.699264 0.690934 0.359149 1 6 1.000000
  6 -1.798736 7.766209 6.717833 0.239848 0.673426 0.699264 0.627639 0.332703 1 6 1.000000
  6 -1.383184 7.230171 7.207837 0.239848 0.673426 0.699264 0.627639 0.385745 1 6 1.000000
..\..\..\Desktop\General\noesis\bowser_all
  6 -0.000011 7.623663 8.129236 -0.820659 0.571418 -0.000000 0.119620 0.824240 1 6 1.000000
  6 -1.642219 7.146257 8.499131 -0.106318 0.789439 0.604551 0.144094 0.771172 1 6 1.000000
  6 -0.000008 7.392375 8.960812 0.326098 0.945336 -0.000000 0.085140 0.760350 1 6 1.000000
..\..\..\Desktop\General\noesis\bowser_all
  6 -0.000011 7.623663 8.129236 -0.820659 0.571418 -0.000000 0.119620 0.824240 1 6 1.000000
  6 -0.000008 7.392375 8.960812 0.326098 0.945336 -0.000000 0.085140 0.760350 1 6 1.000000
  6 1.642201 7.146269 8.499110 -0.106318 0.789439 -0.604551 0.144094 0.771172 1 6 1.000000
..\..\..\Desktop\General\noesis\bowser_all
  9 2.816651 -0.299881 -1.438665 -0.171206 -0.851187 -0.496154 0.539129 0.676548 1 9 1.000000
  8 3.896922 2.015650 -1.563278 -0.440177 -0.769129 -0.463341 0.495186 0.681657 1 8 1.000000
  9 4.298539 0.458260 0.059896 -0.077008 -0.487013 -0.869993 0.484325 0.631382 1 9 1.000000
..\..\..\Desktop\General\noesis\bowser_all
  9 3.436977 -0.939705 0.477529 0.340986 -0.700988 -0.626374 0.527240 0.597964 1 9 1.000000
  9 2.816651 -0.299881 -1.438665 -0.171206 -0.851187 -0.496154 0.539129 0.676548 1 9 1.000000
  9 4.298539 0.458260 0.059896 -0.077008 -0.487013 -0.869993 0.484325 0.631382 1 9 1.000000
..\..\..\Desktop\General\noesis\bowser_all
  9 1.936577 -1.632833 0.212709 0.385606 -0.896194 -0.219419 0.573684 0.621568 1 9 1.000000
  9 2.816651 -0.299881 -1.438665 -0.171206 -0.851187 -0.496154 0.539129 0.676548 1 9 1.000000
  9 3.436977 -0.939705 0.477529 0.340986 -0.700988 -0.626374 0.527240 0.597964 1 9 1.000000
..\..\..\Desktop\General\noesis\bowser_all
  9 2.456604 -1.236124 1.600345 0.542976 -0.752599 -0.372521 0.542680 0.544355 1 9 1.000000
  9 1.936577 -1.632833 0.212709 0.385606 -0.896194 -0.219419 0.573684 0.621568 1 9 1.000000
  9 3.436977 -0.939705 0.477529 0.340986 -0.700988 -0.626374 0.527240 0.597964 1 9 1.000000
..\..\..\Desktop\General\noesis\bowser_all
  9 4.917684 0.805937 2.461721 0.331931 -0.304978 -0.892642 0.477268 0.517340 1 9 1.000000
  9 3.436977 -0.939705 0.477529 0.340986 -0.700988 -0.626374 0.527240 0.597964 1 9 1.000000
  9 4.298539 0.458260 0.059896 -0.077008 -0.487013 -0.869993 0.484325 0.631382 1 9 1.000000
..\..\..\Desktop\General\noesis\bowser_all
  9 2.456604 -1.236124 1.600345 0.542976 -0.752599 -0.372521 0.542680 0.544355 1 9 1.000000
  9 3.436977 -0.939705 0.477529 0.340986 -0.700988 -0.626374 0.527240 0.597964 1 9 1.000000
  9 4.917684 0.805937 2.461721 0.331931 -0.304978 -0.892642 0.477268 0.517340 1 9 1.000000
..\..\..\Desktop\General\noesis\bowser_all
  9 4.298539 0.458260 0.059896 -0.077008 -0.487013 -0.869993 0.484325 0.631382 1 9 1.000000
  9 4.701798 2.289525 0.728627 0.037416 -0.032223 -0.998780 0.419362 0.673642 1 9 1.000000
  9 4.917684 0.805937 2.461721 0.331931 -0.304978 -0.892642 0.477268 0.517340 1 9 1.000000
..\..\..\Desktop\General\noesis\bowser_all
  9 4.701798 2.289525 0.728627 0.037416 -0.032223 -0.998780 0.419362 0.673642 1 9 1.000000
  9 4.298539 0.458260 0.059896 -0.077008 -0.487013 -0.869993 0.484325 0.631382 1 9 1.000000
  8 3.896922 2.015650 -1.563278 -0.440177 -0.769129 -0.463341 0.495186 0.681657 1 8 1.000000
..\..\..\Desktop\General\noesis\bowser_all
  9 4.917684 0.805937 2.461721 0.331931 -0.304978 -0.892642 0.477268 0.517340 1 9 1.000000
  9 4.701798 2.289525 0.728627 0.037416 -0.032223 -0.998780 0.419362 0.673642 1 9 1.000000
  9 4.605542 2.306132 3.874213 0.198506 0.534982 -0.821212 0.438672 0.515933 1 9 1.000000
..\..\..\Desktop\General\noesis\bowser_all
  9 4.917684 0.805937 2.461721 0.331931 -0.304978 -0.892642 0.477268 0.517340 1 9 1.000000
  9 4.605542 2.306132 3.874213 0.198506 0.534982 -0.821212 0.438672 0.515933 1 9 1.000000
  9 3.228869 0.233255 4.672797 0.355910 0.322362 -0.877161 0.437177 0.365151 1 9 1.000000
..\..\..\Desktop\General\noesis\bowser_all
  9 4.917684 0.805937 2.461721 0.331931 -0.304978 -0.892642 0.477268 0.517340 1 9 1.000000
  9 3.228869 0.233255 4.672797 0.355910 0.322362 -0.877161 0.437177 0.365151 1 9 1.000000
  9 2.951361 -1.578709 3.341492 0.188564 -0.537108 -0.822167 0.489354 0.354879 1 9 1.000000
..\..\..\Desktop\General\noesis\bowser_all
  9 2.951361 -1.578709 3.341492 0.188564 -0.537108 -0.822167 0.489354 0.354879 1 9 1.000000
  9 2.456604 -1.236124 1.600345 0.542976 -0.752599 -0.372521 0.542680 0.450173 1 9 1.000000
  9 4.917684 0.805937 2.461721 0.331931 -0.304978 -0.892642 0.477268 0.517340 1 9 1.000000
..\..\..\Desktop\General\noesis\bowser_all
  9 1.563193 -1.951681 2.308358 -0.190615 -0.945602 0.263633 0.542192 0.352660 1 9 1.000000
  9 2.456604 -1.236124 1.600345 0.542976 -0.752599 -0.372521 0.542680 0.450173 1 9 1.000000
  9 2.951361 -1.578709 3.341492 0.188564 -0.537108 -0.822167 0.489354 0.354879 1 9 1.000000
..\..\..\Desktop\General\noesis\bowser_all
  9 2.984709 -1.879684 3.956723 0.314167 -0.684428 -0.657919 0.489600 0.283600 1 9 1.000000
  9 1.563193 -1.951681 2.308358 -0.190615 -0.945602 0.263633 0.542192 0.352660 1 9 1.000000
  9 2.951361 -1.578709 3.341492 0.188564 -0.537108 -0.822167 0.489354 0.354879 1 9 1.000000
..\..\..\Desktop\General\noesis\bowser_all
  9 3.228869 0.233255 4.672797 0.355910 0.322362 -0.877161 0.437177 0.365151 1 9 1.000000
  9 3.403606 -0.415399 6.043420 0.641759 -0.241505 -0.727888 0.436428 0.291204 1 9 1.000000
  9 2.951361 -1.578709 3.341492 0.188564 -0.537108 -0.822167 0.489354 0.354879 1 9 1.000000
..\..\..\Desktop\General\noesis\bowser_all
  9 2.984709 -1.879684 3.956723 0.314167 -0.684428 -0.657919 0.489600 0.283600 1 9 1.000000
  9 2.951361 -1.578709 3.341492 0.188564 -0.537108 -0.822167 0.489354 0.354879 1 9 1.000000
  9 3.403606 -0.415399 6.043420 0.641759 -0.241505 -0.727888 0.436428 0.291204 1 9 1.000000
..\..\..\Desktop\General\noesis\bowser_all
  9 3.228869 0.233255 4.672797 0.355910 0.322362 -0.877161 0.437177 0.365151 1 9 1.000000
  9 3.097544 0.410069 7.056842 0.661977 0.396580 -0.636011 0.416546 0.289614 1 9 1.000000
  9 3.403606 -0.415399 6.043420 0.641759 -0.241505 -0.727888 0.436428 0.291204 1 9 1.000000
..\..\..\Desktop\General\noesis\bowser_all
  9 3.097544 0.410069 7.056842 0.661977 0.396580 -0.636011 0.416546 0.289614 1 9 1.000000
  9 3.228869 0.233255 4.672797 0.355910 0.322362 -0.877161 0.437177 0.365151 1 9 1.000000
  9 1.802859 1.145483 5.257628 -0.285929 0.904160 0.317394 0.375482 0.371621 1 9 1.000000
..\..\..\Desktop\General\noesis\bowser_all
  9 1.781894 0.754083 7.400421 0.119448 0.992826 0.005451 0.379456 0.284250 1 9 1.000000
  9 3.097544 0.410069 7.056842 0.661977 0.396580 -0.636011 0.416546 0.289614 1 9 1.000000
  9 1.802859 1.145483 5.257628 -0.285929 0.904160 0.317394 0.375482 0.371621 1 9 1.000000
..\..\..\Desktop\General\noesis\bowser_all
  9 0.512657 0.410072 7.056832 0.253189 0.493993 0.831785 0.346402 0.288879 1 9 1.000000
  9 1.781894 0.754083 7.400421 0.119448 0.992826 0.005451 0.379456 0.284250 1 9 1.000000
  9 1.802859 1.145483 5.257628 -0.285929 0.904160 0.317394 0.375482 0.371621 1 9 1.000000
..\..\..\Desktop\General\noesis\bowser_all
  9 1.802859 1.145483 5.257628 -0.285929 0.904160 0.317394 0.375482 0.371621 1 9 1.000000
  9 0.385143 -0.844188 4.003950 -0.334941 0.074003 0.939329 0.303281 0.354879 1 9 1.000000
  9 0.512657 0.410072 7.056832 0.253189 0.493993 0.831785 0.346402 0.288879 1 9 1.000000
..\..\..\Desktop\General\noesis\bowser_all
  9 0.665446 0.256975 2.401405 0.060512 0.348345 0.935411 0.297620 0.563682 1 9 1.000000
  9 0.385143 -0.844188 4.003950 -0.334941 0.074003 0.939329 0.303281 0.354879 1 9 1.000000
  9 1.802859 1.145483 5.257628 -0.285929 0.904160 0.317394 0.375482 0.371621 1 9 1.000000
..\..\..\Desktop\General\noesis\bowser_all
  9 3.228869 0.233255 4.672797 0.355910 0.322362 -0.877161 0.437177 0.365151 1 9 1.000000
  9 2.491900 2.391800 5.025659 0.480759 0.870253 0.107379 0.378657 0.507983 1 9 1.000000
  9 1.802859 1.145483 5.257628 -0.285929 0.904160 0.317394 0.375482 0.371621 1 9 1.000000
..\..\..\Desktop\General\noesis\bowser_all
  9 3.228869 0.233255 4.672797 0.355910 0.322362 -0.877161 0.437177 0.365151 1 9 1.000000
  9 4.605542 2.306132 3.874213 0.198506 0.534982 -0.821212 0.438672 0.515933 1 9 1.000000
  9 2.491900 2.391800 5.025659 0.480759 0.870253 0.107379 0.378657 0.507983 1 9 1.000000
..\..\..\Desktop\General\noesis\bowser_all
  9 0.665446 0.256975 2.401405 0.060512 0.348345 0.935411 0.297620 0.563682 1 9 1.000000
  9 1.802859 1.145483 5.257628 -0.285929 0.904160 0.317394 0.375482 0.371621 1 9 1.000000
  9 2.491900 2.391800 5.025659 0.480759 0.870253 0.107379 0.378657 0.507983 1 9 1.000000
..\..\..\Desktop\General\noesis\bowser_all
  9 4.605542 2.306132 3.874213 0.198506 0.534982 -0.821212 0.438672 0.515933 1 9 1.000000
  9 3.232532 3.536395 4.139994 -0.050513 0.928826 0.367056 0.378310 0.538234 1 9 1.000000
  9 2.491900 2.391800 5.025659 0.480759 0.870253 0.107379 0.378657 0.507983 1 9 1.000000
..\..\..\Desktop\General\noesis\bowser_all
  9 3.232532 3.536395 4.139994 -0.050513 0.928826 0.367056 0.378310 0.538234 1 9 1.000000
  9 0.665446 0.256975 2.401405 0.060512 0.348345 0.935411 0.297620 0.563682 1 9 1.000000
  9 2.491900 2.391800 5.025659 0.480759 0.870253 0.107379 0.378657 0.507983 1 9 1.000000
..\..\..\Desktop\General\noesis\bowser_all
  8 3.896922 2.015650 -1.563278 -0.440177 -0.769129 -0.463341 0.470800 0.656906 1 8 1.000000
  9 2.816651 -0.299881 -1.438665 -0.171206 -0.851187 -0.496154 0.411052 0.625149 1 9 1.000000
  8 -0.000001 2.999557 -4.358734 -0.858452 0.000000 -0.512894 0.470800 0.518108 1 8 1.000000
..\..\..\Desktop\General\noesis\bowser_all
  8 -0.000001 2.999557 -4.358734 -0.858452 0.000000 -0.512894 0.470800 0.518108 1 8 1.000000
  9 2.816651 -0.299881 -1.438665 -0.171206 -0.851187 -0.496154 0.411052 0.625149 1 9 1.000000
  9 0.000002 -0.692468 -1.855985 -0.052753 -0.998608 -0.000000 0.402457 0.518108 1 9 1.000000
..\..\..\Desktop\General\noesis\bowser_all
  8 -0.000001 2.999557 -4.358734 -0.858452 0.000000 -0.512894 0.470800 0.518108 1 8 1.000000
  9 0.000002 -0.692468 -1.855985 -0.052753 -0.998608 -0.000000 0.402457 0.518108 1 9 1.000000
  9 -2.816648 -0.299874 -1.438688 -0.171206 -0.851187 0.496154 0.411052 0.625149 1 9 1.000000
..\..\..\Desktop\General\noesis\bowser_all
  8 -3.896918 2.015594 -1.563278 -0.440177 0.769129 -0.463341 0.470800 0.656906 1 8 1.000000
  8 -0.000001 2.999557 -4.358734 -0.858452 0.000000 -0.512894 0.470800 0.518108 1 8 1.000000
  9 -2.816648 -0.299874 -1.438688 -0.171206 -0.851187 0.496154 0.411052 0.625149 1 9 1.000000
..\..\..\Desktop\General\noesis\bowser_all
  9 0.000002 -0.692468 -1.855985 -0.052753 -0.998608 -0.000000 0.402457 0.518108 1 9 1.000000
  9 -1.936583 -1.632828 0.212693 0.385606 -0.896194 0.219419 0.351303 0.610855 1 9 1.000000
  9 -2.816648 -0.299874 -1.438688 -0.171206 -0.851187 0.496154 0.411052 0.625149 1 9 1.000000
..\..\..\Desktop\General\noesis\bowser_all
  9 -0.000003 -1.632830 0.212701 0.363029 -0.931778 -0.000000 0.351303 0.518108 1 9 1.000000
  9 -1.936583 -1.632828 0.212693 0.385606 -0.896194 0.219419 0.351303 0.610855 1 9 1.000000
  9 0.000002 -0.692468 -1.855985 -0.052753 -0.998608 -0.000000 0.402457 0.518108 1 9 1.000000
..\..\..\Desktop\General\noesis\bowser_all
  9 -0.000003 -1.632830 0.212701 0.363029 -0.931778 -0.000000 0.351303 0.518108 1 9 1.000000
  9 0.000002 -0.692468 -1.855985 -0.052753 -0.998608 -0.000000 0.402457 0.518108 1 9 1.000000
  9 1.936577 -1.632833 0.212709 0.385606 -0.896194 -0.219419 0.351303 0.610855 1 9 1.000000
..\..\..\Desktop\General\noesis\bowser_all
  9 0.000002 -0.692468 -1.855985 -0.052753 -0.998608 -0.000000 0.402457 0.518108 1 9 1.000000
  9 2.816651 -0.299881 -1.438665 -0.171206 -0.851187 -0.496154 0.411052 0.625149 1 9 1.000000
  9 1.936577 -1.632833 0.212709 0.385606 -0.896194 -0.219419 0.351303 0.610855 1 9 1.000000
..\..\..\Desktop\General\noesis\bowser_all
  9 4.701798 2.289525 0.728627 0.037416 -0.032223 -0.998780 0.257017 0.462865 1 9 1.000000
  8 3.896922 2.015650 -1.563278 -0.440177 -0.769129 -0.463341 0.285585 0.440063 1 8 1.000000
  8 4.481976 6.538695 -0.318364 -0.117670 -0.856271 -0.502945 0.266928 0.590518 1 8 1.000000
..\..\..\Desktop\General\noesis\bowser_all
  9 -2.816648 -0.299874 -1.438688 -0.171206 -0.851187 0.496154 0.539129 0.676548 1 9 1.000000
  9 -4.298541 0.458271 0.059860 -0.077008 -0.487013 0.869993 0.484325 0.631382 1 9 1.000000
  8 -3.896918 2.015594 -1.563278 -0.440177 0.769129 -0.463341 0.495186 0.681657 1 8 1.000000
..\..\..\Desktop\General\noesis\bowser_all
  9 -3.436983 -0.939696 0.477501 0.340986 -0.700988 0.626374 0.527240 0.597964 1 9 1.000000
  9 -4.298541 0.458271 0.059860 -0.077008 -0.487013 0.869993 0.484325 0.631382 1 9 1.000000
  9 -2.816648 -0.299874 -1.438688 -0.171206 -0.851187 0.496154 0.539129 0.676548 1 9 1.000000
..\..\..\Desktop\General\noesis\bowser_all
  9 -1.936583 -1.632828 0.212693 0.385606 -0.896194 0.219419 0.573684 0.621568 1 9 1.000000
  9 -3.436983 -0.939696 0.477501 0.340986 -0.700988 0.626374 0.527240 0.597964 1 9 1.000000
  9 -2.816648 -0.299874 -1.438688 -0.171206 -0.851187 0.496154 0.539129 0.676548 1 9 1.000000
..\..\..\Desktop\General\noesis\bowser_all
  9 -2.456615 -1.236118 1.600325 0.542976 -0.752599 0.372522 0.542680 0.544355 1 9 1.000000
  9 -3.436983 -0.939696 0.477501 0.340986 -0.700988 0.626374 0.527240 0.597964 1 9 1.000000
  9 -1.936583 -1.632828 0.212693 0.385606 -0.896194 0.219419 0.573684 0.621568 1 9 1.000000
..\..\..\Desktop\General\noesis\bowser_all
  9 -2.456615 -1.236118 1.600325 0.542976 -0.752599 0.372522 0.542680 0.544355 1 9 1.000000
  9 -4.917696 0.805950 2.461681 0.331931 -0.304978 0.892642 0.477268 0.517340 1 9 1.000000
  9 -3.436983 -0.939696 0.477501 0.340986 -0.700988 0.626374 0.527240 0.597964 1 9 1.000000
..\..\..\Desktop\General\noesis\bowser_all
  9 -4.917696 0.805950 2.461681 0.331931 -0.304978 0.892642 0.477268 0.517340 1 9 1.000000
  9 -4.298541 0.458271 0.059860 -0.077008 -0.487013 0.869993 0.484325 0.631382 1 9 1.000000
  9 -3.436983 -0.939696 0.477501 0.340986 -0.700988 0.626374 0.527240 0.597964 1 9 1.000000
..\..\..\Desktop\General\noesis\bowser_all
  9 -4.298541 0.458271 0.059860 -0.077008 -0.487013 0.869993 0.484325 0.631382 1 9 1.000000
  9 -4.917696 0.805950 2.461681 0.331931 -0.304978 0.892642 0.477268 0.517340 1 9 1.000000
  9 -4.701801 2.289538 0.728587 0.037416 -0.032223 0.998780 0.419362 0.673642 1 9 1.000000
..\..\..\Desktop\General\noesis\bowser_all
  9 -4.701801 2.289538 0.728587 0.037416 -0.032223 0.998780 0.419362 0.673642 1 9 1.000000
  8 -3.896918 2.015594 -1.563278 -0.440177 0.769129 -0.463341 0.495186 0.681657 1 8 1.000000
  9 -4.298541 0.458271 0.059860 -0.077008 -0.487013 0.869993 0.484325 0.631382 1 9 1.000000
..\..\..\Desktop\General\noesis\bowser_all
  9 -4.917696 0.805950 2.461681 0.331931 -0.304978 0.892642 0.477268 0.517340 1 9 1.000000
  9 -4.605557 2.306144 3.874175 0.198506 0.534982 0.821212 0.438672 0.515933 1 9 1.000000
  9 -4.701801 2.289538 0.728587 0.037416 -0.032223 0.998780 0.419362 0.673642 1 9 1.000000
..\..\..\Desktop\General\noesis\bowser_all
  9 -4.917696 0.805950 2.461681 0.331931 -0.304978 0.892642 0.477268 0.517340 1 9 1.000000
  9 -3.228891 0.233264 4.672770 0.355909 0.322362 0.877161 0.437177 0.365151 1 9 1.000000
  9 -4.605557 2.306144 3.874175 0.198506 0.534982 0.821212 0.438672 0.515933 1 9 1.000000
..\..\..\Desktop\General\noesis\bowser_all
  9 -4.917696 0.805950 2.461681 0.331931 -0.304978 0.892642 0.477268 0.517340 1 9 1.000000
  9 -2.951379 -1.578701 3.341466 0.188564 -0.537108 0.822167 0.489354 0.354879 1 9 1.000000
  9 -3.228891 0.233264 4.672770 0.355909 0.322362 0.877161 0.437177 0.365151 1 9 1.000000
..\..\..\Desktop\General\noesis\bowser_all
  9 -2.951379 -1.578701 3.341466 0.188564 -0.537108 0.822167 0.489354 0.354879 1 9 1.000000
  9 -4.917696 0.805950 2.461681 0.331931 -0.304978 0.892642 0.477268 0.517340 1 9 1.000000
  9 -2.456615 -1.236118 1.600325 0.542976 -0.752599 0.372522 0.542680 0.450173 1 9 1.000000
..\..\..\Desktop\General\noesis\bowser_all
  9 -1.563207 -1.951677 2.308344 -0.190614 -0.945602 -0.263633 0.542192 0.352660 1 9 1.000000
  9 -2.951379 -1.578701 3.341466 0.188564 -0.537108 0.822167 0.489354 0.354879 1 9 1.000000
  9 -2.456615 -1.236118 1.600325 0.542976 -0.752599 0.372522 0.542680 0.450173 1 9 1.000000
..\..\..\Desktop\General\noesis\bowser_all
  9 -2.984731 -1.879677 3.956697 0.314167 -0.684428 0.657919 0.489600 0.283600 1 9 1.000000
  9 -2.951379 -1.578701 3.341466 0.188564 -0.537108 0.822167 0.489354 0.354879 1 9 1.000000
  9 -1.563207 -1.951677 2.308344 -0.190614 -0.945602 -0.263633 0.542192 0.352660 1 9 1.000000
..\..\..\Desktop\General\noesis\bowser_all
  9 -2.984731 -1.879677 3.956697 0.314167 -0.684428 0.657919 0.489600 0.283600 1 9 1.000000
  9 -3.403634 -0.415390 6.043391 0.641759 -0.241505 0.727888 0.436428 0.291204 1 9 1.000000
  9 -2.951379 -1.578701 3.341466 0.188564 -0.537108 0.822167 0.489354 0.354879 1 9 1.000000
..\..\..\Desktop\General\noesis\bowser_all
  9 -3.228891 0.233264 4.672770 0.355909 0.322362 0.877161 0.437177 0.365151 1 9 1.000000
  9 -2.951379 -1.578701 3.341466 0.188564 -0.537108 0.822167 0.489354 0.354879 1 9 1.000000
  9 -3.403634 -0.415390 6.043391 0.641759 -0.241505 0.727888 0.436428 0.291204 1 9 1.000000
..\..\..\Desktop\General\noesis\bowser_all
  9 -3.228891 0.233264 4.672770 0.355909 0.322362 0.877161 0.437177 0.365151 1 9 1.000000
  9 -3.403634 -0.415390 6.043391 0.641759 -0.241505 0.727888 0.436428 0.291204 1 9 1.000000
  9 -3.097576 0.410077 7.056817 0.661977 0.396580 0.636011 0.416546 0.289614 1 9 1.000000
..\..\..\Desktop\General\noesis\bowser_all
  9 -3.097576 0.410077 7.056817 0.661977 0.396580 0.636011 0.416546 0.289614 1 9 1.000000
  9 -1.802881 1.145487 5.257614 -0.285929 0.904160 -0.317394 0.375482 0.371621 1 9 1.000000
  9 -3.228891 0.233264 4.672770 0.355909 0.322362 0.877161 0.437177 0.365151 1 9 1.000000
..\..\..\Desktop\General\noesis\bowser_all
  9 -1.781926 0.754088 7.400406 0.119448 0.992826 -0.005451 0.379456 0.284250 1 9 1.000000
  9 -1.802881 1.145487 5.257614 -0.285929 0.904160 -0.317394 0.375482 0.371621 1 9 1.000000
  9 -3.097576 0.410077 7.056817 0.661977 0.396580 0.636011 0.416546 0.289614 1 9 1.000000
..\..\..\Desktop\General\noesis\bowser_all
  9 -0.512689 0.410074 7.056828 0.253188 0.493993 -0.831785 0.346402 0.288879 1 9 1.000000
  9 -1.802881 1.145487 5.257614 -0.285929 0.904160 -0.317394 0.375482 0.371621 1 9 1.000000
  9 -1.781926 0.754088 7.400406 0.119448 0.992826 -0.005451 0.379456 0.284250 1 9 1.000000
..\..\..\Desktop\General\noesis\bowser_all
  9 -1.802881 1.145487 5.257614 -0.285929 0.904160 -0.317394 0.375482 0.371621 1 9 1.000000
  9 -0.512689 0.410074 7.056828 0.253188 0.493993 -0.831785 0.346402 0.288879 1 9 1.000000
  9 -0.385163 -0.844187 4.003945 -0.334941 0.074003 -0.939329 0.303281 0.354879 1 9 1.000000
..\..\..\Desktop\General\noesis\bowser_all
  9 -0.665458 0.256977 2.401399 0.060512 0.348345 -0.935411 0.297620 0.563682 1 9 1.000000
  9 -1.802881 1.145487 5.257614 -0.285929 0.904160 -0.317394 0.375482 0.371621 1 9 1.000000
  9 -0.385163 -0.844187 4.003945 -0.334941 0.074003 -0.939329 0.303281 0.354879 1 9 1.000000
..\..\..\Desktop\General\noesis\bowser_all
  9 -0.665458 0.256977 2.401399 0.060512 0.348345 -0.935411 0.297620 0.563682 1 9 1.000000
  9 -2.491920 2.391807 5.025637 0.480759 0.870253 -0.107379 0.378657 0.507983 1 9 1.000000
  9 -1.802881 1.145487 5.257614 -0.285929 0.904160 -0.317394 0.375482 0.371621 1 9 1.000000
..\..\..\Desktop\General\noesis\bowser_all
  9 -3.228891 0.233264 4.672770 0.355909 0.322362 0.877161 0.437177 0.365151 1 9 1.000000
  9 -1.802881 1.145487 5.257614 -0.285929 0.904160 -0.317394 0.375482 0.371621 1 9 1.000000
  9 -2.491920 2.391807 5.025637 0.480759 0.870253 -0.107379 0.378657 0.507983 1 9 1.000000
..\..\..\Desktop\General\noesis\bowser_all
  9 -3.228891 0.233264 4.672770 0.355909 0.322362 0.877161 0.437177 0.365151 1 9 1.000000
  9 -2.491920 2.391807 5.025637 0.480759 0.870253 -0.107379 0.378657 0.507983 1 9 1.000000
  9 -4.605557 2.306144 3.874175 0.198506 0.534982 0.821212 0.438672 0.515933 1 9 1.000000
..\..\..\Desktop\General\noesis\bowser_all
  9 -4.605557 2.306144 3.874175 0.198506 0.534982 0.821212 0.438672 0.515933 1 9 1.000000
  9 -2.491920 2.391807 5.025637 0.480759 0.870253 -0.107379 0.378657 0.507983 1 9 1.000000
  9 -3.232548 3.536404 4.139966 -0.050513 0.928826 -0.367056 0.378310 0.538234 1 9 1.000000
..\..\..\Desktop\General\noesis\bowser_all
  9 -3.232548 3.536404 4.139966 -0.050513 0.928826 -0.367056 0.378310 0.538234 1 9 1.000000
  9 -2.491920 2.391807 5.025637 0.480759 0.870253 -0.107379 0.378657 0.507983 1 9 1.000000
  9 -0.665458 0.256977 2.401399 0.060512 0.348345 -0.935411 0.297620 0.563682 1 9 1.000000
..\..\..\Desktop\General\noesis\bowser_all
  9 0.665446 0.256975 2.401405 0.060512 0.348345 0.935411 0.617403 0.511815 1 9 1.000000
  9 2.456604 -1.236124 1.600345 0.542976 -0.752599 -0.372521 0.542680 0.450173 1 9 1.000000
  9 1.563193 -1.951681 2.308358 -0.190615 -0.945602 0.263633 0.542192 0.352660 1 9 1.000000
..\..\..\Desktop\General\noesis\bowser_all
  9 0.665446 0.256975 2.401405 0.060512 0.348345 0.935411 0.617403 0.511815 1 9 1.000000
  9 1.563193 -1.951681 2.308358 -0.190615 -0.945602 0.263633 0.542192 0.352660 1 9 1.000000
  9 0.385143 -0.844188 4.003950 -0.334941 0.074003 0.939329 0.604871 0.354879 1 9 1.000000
..\..\..\Desktop\General\noesis\bowser_all
  9 1.556101 -2.512137 3.027718 0.729230 -0.684046 0.017469 0.542216 0.283600 1 9 1.000000
  9 1.563193 -1.951681 2.308358 -0.190615 -0.945602 0.263633 0.542192 0.352660 1 9 1.000000
  9 2.984709 -1.879684 3.956723 0.314167 -0.684428 -0.657919 0.489600 0.283600 1 9 1.000000
..\..\..\Desktop\General\noesis\bowser_all
  9 0.352885 -1.879682 3.956712 0.106199 -0.492276 0.863936 0.600479 0.283600 1 9 1.000000
  9 0.385143 -0.844188 4.003950 -0.334941 0.074003 0.939329 0.604871 0.354879 1 9 1.000000
  9 1.563193 -1.951681 2.308358 -0.190615 -0.945602 0.263633 0.542192 0.352660 1 9 1.000000
..\..\..\Desktop\General\noesis\bowser_all
  9 0.352885 -1.879682 3.956712 0.106199 -0.492276 0.863936 0.600479 0.283600 1 9 1.000000
  9 1.563193 -1.951681 2.308358 -0.190615 -0.945602 0.263633 0.542192 0.352660 1 9 1.000000
  9 1.556101 -2.512137 3.027718 0.729230 -0.684046 0.017469 0.542216 0.283600 1 9 1.000000
..\..\..\Desktop\General\noesis\bowser_all
  9 -0.000006 -1.714187 1.774347 0.954901 -0.296924 -0.000000 0.385955 0.530195 1 9 1.000000
  9 1.936577 -1.632833 0.212709 0.385606 -0.896194 -0.219419 0.423008 0.466467 1 9 1.000000
  9 2.456604 -1.236124 1.600345 0.542976 -0.752599 -0.372521 0.447598 0.538774 1 9 1.000000
..\..\..\Desktop\General\noesis\bowser_all
  9 -0.000006 -1.714187 1.774347 0.954901 -0.296924 -0.000000 0.385955 0.530195 1 9 1.000000
  9 2.456604 -1.236124 1.600345 0.542976 -0.752599 -0.372521 0.447598 0.538774 1 9 1.000000
  9 0.665446 0.256975 2.401405 0.060512 0.348345 0.935411 0.408688 0.574902 1 9 1.000000
..\..\..\Desktop\General\noesis\bowser_all
  9 -0.000005 -0.311461 1.701260 0.514261 0.857634 0.000000 0.385955 0.566082 1 9 1.000000
  9 -0.000006 -1.714187 1.774347 0.954901 -0.296924 -0.000000 0.385955 0.530195 1 9 1.000000
  9 0.665446 0.256975 2.401405 0.060512 0.348345 0.935411 0.408688 0.574902 1 9 1.000000
..\..\..\Desktop\General\noesis\bowser_all
  9 0.665446 0.256975 2.401405 0.060512 0.348345 0.935411 0.408688 0.574902 1 9 1.000000
  9 0.778521 2.072971 0.614121 0.013165 0.607051 0.794554 0.422781 0.648466 1 9 1.000000
  9 -0.000005 -0.311461 1.701260 0.514261 0.857634 0.000000 0.385955 0.566082 1 9 1.000000
..\..\..\Desktop\General\noesis\bowser_all
  9 -0.000005 -0.311461 1.701260 0.514261 0.857634 0.000000 0.385955 0.566082 1 9 1.000000
  9 -0.665458 0.256977 2.401399 0.060512 0.348345 -0.935411 0.408688 0.574902 1 9 1.000000
  9 -0.000006 -1.714187 1.774347 0.954901 -0.296924 -0.000000 0.385955 0.530195 1 9 1.000000
..\..\..\Desktop\General\noesis\bowser_all
  9 -0.665458 0.256977 2.401399 0.060512 0.348345 -0.935411 0.408688 0.574902 1 9 1.000000
  9 -0.000005 -0.311461 1.701260 0.514261 0.857634 0.000000 0.385955 0.566082 1 9 1.000000
  9 -0.778523 2.072973 0.614114 0.013165 0.607051 -0.794554 0.422781 0.648466 1 9 1.000000
..\..\..\Desktop\General\noesis\bowser_all
  9 -0.000006 -1.714187 1.774347 0.954901 -0.296924 -0.000000 0.385955 0.530195 1 9 1.000000
  9 -0.665458 0.256977 2.401399 0.060512 0.348345 -0.935411 0.408688 0.574902 1 9 1.000000
  9 -2.456615 -1.236118 1.600325 0.542976 -0.752599 0.372522 0.447598 0.538774 1 9 1.000000
..\..\..\Desktop\General\noesis\bowser_all
  9 -0.000006 -1.714187 1.774347 0.954901 -0.296924 -0.000000 0.385955 0.530195 1 9 1.000000
  9 -2.456615 -1.236118 1.600325 0.542976 -0.752599 0.372522 0.447598 0.538774 1 9 1.000000
  9 -1.936583 -1.632828 0.212693 0.385606 -0.896194 0.219419 0.423008 0.466467 1 9 1.000000
..\..\..\Desktop\General\noesis\bowser_all
  9 1.556101 -2.512137 3.027718 0.729230 -0.684046 0.017469 0.127715 0.338900 1 9 1.000000
  9 3.403606 -0.415399 6.043420 0.641759 -0.241505 -0.727888 0.221024 0.398370 1 9 1.000000
  9 0.248756 -0.415400 6.043415 0.847608 -0.242322 0.472060 0.221024 0.287093 1 9 1.000000
..\..\..\Desktop\General\noesis\bowser_all
  9 2.984709 -1.879684 3.956723 0.314167 -0.684428 -0.657919 0.148478 0.393096 1 9 1.000000
  9 3.403606 -0.415399 6.043420 0.641759 -0.241505 -0.727888 0.221024 0.398370 1 9 1.000000
  9 1.556101 -2.512137 3.027718 0.729230 -0.684046 0.017469 0.127715 0.338900 1 9 1.000000
..\..\..\Desktop\General\noesis\bowser_all
  9 0.248756 -0.415400 6.043415 0.847608 -0.242322 0.472060 0.221024 0.287093 1 9 1.000000
  9 3.403606 -0.415399 6.043420 0.641759 -0.241505 -0.727888 0.221024 0.398370 1 9 1.000000
  9 3.097544 0.410069 7.056842 0.661977 0.396580 -0.636011 0.280937 0.382553 1 9 1.000000
..\..\..\Desktop\General\noesis\bowser_all
  9 0.248756 -0.415400 6.043415 0.847608 -0.242322 0.472060 0.221024 0.287093 1 9 1.000000
  9 3.097544 0.410069 7.056842 0.661977 0.396580 -0.636011 0.280937 0.382553 1 9 1.000000
  9 0.512657 0.410072 7.056832 0.253189 0.493993 0.831785 0.280937 0.295189 1 9 1.000000
..\..\..\Desktop\General\noesis\bowser_all
  9 0.512657 0.410072 7.056832 0.253189 0.493993 0.831785 0.280937 0.295189 1 9 1.000000
  9 3.097544 0.410069 7.056842 0.661977 0.396580 -0.636011 0.280937 0.382553 1 9 1.000000
  9 1.781894 0.754083 7.400421 0.119448 0.992826 0.005451 0.286633 0.341653 1 9 1.000000
..\..\..\Desktop\General\noesis\bowser_all
  9 0.512657 0.410072 7.056832 0.253189 0.493993 0.831785 0.346402 0.288879 1 9 1.000000
  9 0.385143 -0.844188 4.003950 -0.334941 0.074003 0.939329 0.303281 0.354879 1 9 1.000000
  9 0.248756 -0.415400 6.043415 0.847608 -0.242322 0.472060 0.328986 0.294372 1 9 1.000000
..\..\..\Desktop\General\noesis\bowser_all
  9 0.352885 -1.879682 3.956712 0.106199 -0.492276 0.863936 0.302558 0.294372 1 9 1.000000
  9 0.248756 -0.415400 6.043415 0.847608 -0.242322 0.472060 0.328986 0.294372 1 9 1.000000
  9 0.385143 -0.844188 4.003950 -0.334941 0.074003 0.939329 0.303281 0.354879 1 9 1.000000
..\..\..\Desktop\General\noesis\bowser_all
  9 0.352885 -1.879682 3.956712 0.106199 -0.492276 0.863936 0.143310 0.289247 1 9 1.000000
  9 1.556101 -2.512137 3.027718 0.729230 -0.684046 0.017469 0.127715 0.338900 1 9 1.000000
  9 0.248756 -0.415400 6.043415 0.847608 -0.242322 0.472060 0.221024 0.287093 1 9 1.000000
..\..\..\Desktop\General\noesis\bowser_all
  9 -0.000006 -1.714187 1.774347 0.954901 -0.296924 -0.000000 0.000842 0.297334 1 9 1.000000
  9 -0.000003 -1.632830 0.212701 0.363029 -0.931778 -0.000000 0.000836 0.333271 1 9 1.000000
  9 1.936577 -1.632833 0.212709 0.385606 -0.896194 -0.219419 0.097714 0.333265 1 9 1.000000
..\..\..\Desktop\General\noesis\bowser_all
  9 -0.000006 -1.714187 1.774347 0.954901 -0.296924 -0.000000 0.000842 0.297334 1 9 1.000000
  9 -1.936583 -1.632828 0.212693 0.385606 -0.896194 0.219419 0.097714 0.333265 1 9 1.000000
  9 -0.000003 -1.632830 0.212701 0.363029 -0.931778 -0.000000 0.000836 0.333271 1 9 1.000000
..\..\..\Desktop\General\noesis\bowser_all
  9 3.232532 3.536395 4.139994 -0.050513 0.928826 0.367056 0.378310 0.538234 1 9 1.000000
  9 0.778521 2.072971 0.614121 0.013165 0.607051 0.794554 0.300766 0.642475 1 9 1.000000
  9 0.665446 0.256975 2.401405 0.060512 0.348345 0.935411 0.297620 0.563682 1 9 1.000000
..\..\..\Desktop\General\noesis\bowser_all
  9 3.232532 3.536395 4.139994 -0.050513 0.928826 0.367056 0.378310 0.538234 1 9 1.000000
  9 2.680310 4.445703 0.789802 -0.387217 0.871297 -0.301504 0.375324 0.653931 1 9 1.000000
  9 0.778521 2.072971 0.614121 0.013165 0.607051 0.794554 0.300766 0.642475 1 9 1.000000
..\..\..\Desktop\General\noesis\bowser_all
  9 4.605542 2.306132 3.874213 0.198506 0.534982 -0.821212 0.438672 0.515933 1 9 1.000000
  9 2.680310 4.445703 0.789802 -0.387217 0.871297 -0.301504 0.375324 0.653931 1 9 1.000000
  9 3.232532 3.536395 4.139994 -0.050513 0.928826 0.367056 0.378310 0.538234 1 9 1.000000
..\..\..\Desktop\General\noesis\bowser_all
  9 4.605542 2.306132 3.874213 0.198506 0.534982 -0.821212 0.438672 0.515933 1 9 1.000000
  9 4.701798 2.289525 0.728627 0.037416 -0.032223 -0.998780 0.419362 0.673642 1 9 1.000000
  9 2.680310 4.445703 0.789802 -0.387217 0.871297 -0.301504 0.375324 0.653931 1 9 1.000000
..\..\..\Desktop\General\noesis\bowser_all
  9 -0.665458 0.256977 2.401399 0.060512 0.348345 -0.935411 0.617403 0.511815 1 9 1.000000
  9 -1.563207 -1.951677 2.308344 -0.190614 -0.945602 -0.263633 0.542192 0.352660 1 9 1.000000
  9 -2.456615 -1.236118 1.600325 0.542976 -0.752599 0.372522 0.542680 0.450173 1 9 1.000000
..\..\..\Desktop\General\noesis\bowser_all
  9 -0.665458 0.256977 2.401399 0.060512 0.348345 -0.935411 0.617403 0.511815 1 9 1.000000
  9 -0.385163 -0.844187 4.003945 -0.334941 0.074003 -0.939329 0.604871 0.354879 1 9 1.000000
  9 -1.563207 -1.951677 2.308344 -0.190614 -0.945602 -0.263633 0.542192 0.352660 1 9 1.000000
..\..\..\Desktop\General\noesis\bowser_all
  9 -1.556119 -2.512134 3.027705 0.729230 -0.684045 -0.017469 0.542216 0.283600 1 9 1.000000
  9 -2.984731 -1.879677 3.956697 0.314167 -0.684428 0.657919 0.489600 0.283600 1 9 1.000000
  9 -1.563207 -1.951677 2.308344 -0.190614 -0.945602 -0.263633 0.542192 0.352660 1 9 1.000000
..\..\..\Desktop\General\noesis\bowser_all
  9 -0.352907 -1.879680 3.956709 0.106199 -0.492276 -0.863936 0.600479 0.283600 1 9 1.000000
  9 -1.556119 -2.512134 3.027705 0.729230 -0.684045 -0.017469 0.542216 0.283600 1 9 1.000000
  9 -1.563207 -1.951677 2.308344 -0.190614 -0.945602 -0.263633 0.542192 0.352660 1 9 1.000000
..\..\..\Desktop\General\noesis\bowser_all
  9 -0.352907 -1.879680 3.956709 0.106199 -0.492276 -0.863936 0.600479 0.283600 1 9 1.000000
  9 -1.563207 -1.951677 2.308344 -0.190614 -0.945602 -0.263633 0.542192 0.352660 1 9 1.000000
  9 -0.385163 -0.844187 4.003945 -0.334941 0.074003 -0.939329 0.604871 0.354879 1 9 1.000000
..\..\..\Desktop\General\noesis\bowser_all
  9 -1.556119 -2.512134 3.027705 0.729230 -0.684045 -0.017469 0.127715 0.338900 1 9 1.000000
  9 -0.248784 -0.415400 6.043413 0.847608 -0.242322 -0.472060 0.221024 0.287093 1 9 1.000000
  9 -3.403634 -0.415390 6.043391 0.641759 -0.241505 0.727888 0.221024 0.398370 1 9 1.000000
..\..\..\Desktop\General\noesis\bowser_all
  9 -2.984731 -1.879677 3.956697 0.314167 -0.684428 0.657919 0.148478 0.393096 1 9 1.000000
  9 -1.556119 -2.512134 3.027705 0.729230 -0.684045 -0.017469 0.127715 0.338900 1 9 1.000000
  9 -3.403634 -0.415390 6.043391 0.641759 -0.241505 0.727888 0.221024 0.398370 1 9 1.000000
..\..\..\Desktop\General\noesis\bowser_all
  9 -0.352907 -1.879680 3.956709 0.106199 -0.492276 -0.863936 0.143310 0.289247 1 9 1.000000
  9 -0.248784 -0.415400 6.043413 0.847608 -0.242322 -0.472060 0.221024 0.287093 1 9 1.000000
  9 -1.556119 -2.512134 3.027705 0.729230 -0.684045 -0.017469 0.127715 0.338900 1 9 1.000000
..\..\..\Desktop\General\noesis\bowser_all
  9 -0.248784 -0.415400 6.043413 0.847608 -0.242322 -0.472060 0.221024 0.287093 1 9 1.000000
  9 -3.097576 0.410077 7.056817 0.661977 0.396580 0.636011 0.280937 0.382553 1 9 1.000000
  9 -3.403634 -0.415390 6.043391 0.641759 -0.241505 0.727888 0.221024 0.398370 1 9 1.000000
..\..\..\Desktop\General\noesis\bowser_all
  9 -0.248784 -0.415400 6.043413 0.847608 -0.242322 -0.472060 0.221024 0.287093 1 9 1.000000
  9 -0.512689 0.410074 7.056828 0.253188 0.493993 -0.831785 0.280937 0.295189 1 9 1.000000
  9 -3.097576 0.410077 7.056817 0.661977 0.396580 0.636011 0.280937 0.382553 1 9 1.000000
..\..\..\Desktop\General\noesis\bowser_all
  9 -0.512689 0.410074 7.056828 0.253188 0.493993 -0.831785 0.280937 0.295189 1 9 1.000000
  9 -1.781926 0.754088 7.400406 0.119448 0.992826 -0.005451 0.286633 0.341653 1 9 1.000000
  9 -3.097576 0.410077 7.056817 0.661977 0.396580 0.636011 0.280937 0.382553 1 9 1.000000
..\..\..\Desktop\General\noesis\bowser_all
  9 -0.512689 0.410074 7.056828 0.253188 0.493993 -0.831785 0.346402 0.288879 1 9 1.000000
  9 -0.248784 -0.415400 6.043413 0.847608 -0.242322 -0.472060 0.328986 0.294372 1 9 1.000000
  9 -0.385163 -0.844187 4.003945 -0.334941 0.074003 -0.939329 0.303281 0.354879 1 9 1.000000
..\..\..\Desktop\General\noesis\bowser_all
  9 -0.352907 -1.879680 3.956709 0.106199 -0.492276 -0.863936 0.302558 0.294372 1 9 1.000000
  9 -0.385163 -0.844187 4.003945 -0.334941 0.074003 -0.939329 0.303281 0.354879 1 9 1.000000
  9 -0.248784 -0.415400 6.043413 0.847608 -0.242322 -0.472060 0.328986 0.294372 1 9 1.000000
..\..\..\Desktop\General\noesis\bowser_all
  9 -3.232548 3.536404 4.139966 -0.050513 0.928826 -0.367056 0.378310 0.538234 1 9 1.000000
  9 -0.665458 0.256977 2.401399 0.060512 0.348345 -0.935411 0.297620 0.563682 1 9 1.000000
  9 -0.778523 2.072973 0.614114 0.013165 0.607051 -0.794554 0.300766 0.642475 1 9 1.000000
..\..\..\Desktop\General\noesis\bowser_all
  9 -4.605557 2.306144 3.874175 0.198506 0.534982 0.821212 0.438672 0.515933 1 9 1.000000
  9 -2.680310 4.445709 0.789780 -0.387217 0.871297 0.301504 0.375324 0.653931 1 9 1.000000
  9 -4.701801 2.289538 0.728587 0.037416 -0.032223 0.998780 0.419362 0.673642 1 9 1.000000
..\..\..\Desktop\General\noesis\bowser_all
  9 -3.232548 3.536404 4.139966 -0.050513 0.928826 -0.367056 0.378310 0.538234 1 9 1.000000
  9 -0.778523 2.072973 0.614114 0.013165 0.607051 -0.794554 0.300766 0.642475 1 9 1.000000
  9 -2.680310 4.445709 0.789780 -0.387217 0.871297 0.301504 0.375324 0.653931 1 9 1.000000
..\..\..\Desktop\General\noesis\bowser_all
  9 -4.605557 2.306144 3.874175 0.198506 0.534982 0.821212 0.438672 0.515933 1 9 1.000000
  9 -3.232548 3.536404 4.139966 -0.050513 0.928826 -0.367056 0.378310 0.538234 1 9 1.000000
  9 -2.680310 4.445709 0.789780 -0.387217 0.871297 0.301504 0.375324 0.653931 1 9 1.000000
end
