version 1
nodes
  0 "wristL"  1
  1 "armL2"  2
  2 "armL1"  7
  3 "wristR"  4
  4 "armR2"  5
  5 "armR1"  7
  6 "head"  7
  7 "spine"  9
  8 "waist"  9
  9 "skl_root"  10
  10 "all_root"  -1
end
skeleton
time 0
  0 0.995000 0.000000 0.000000 0.000000 -0.000000 0.000000
  1 1.080000 0.000000 0.000000 0.000000 -0.000000 0.000000
  2 1.950890 -1.210000 0.000000 0.000000 -0.000000 -1.570800
  3 0.995000 0.000000 -0.000000 -0.000000 -0.012581 -0.000000
  4 1.080000 -0.000000 0.000000 -0.000000 -0.000000 -0.000000
  5 1.950470 1.210000 0.000000 -3.141590 0.046681 1.570800
  6 2.537900 -0.000000 0.000000 -0.000000 -1.570796 -0.000000
  7 0.000000 0.817998 0.000000 0.000000 -0.000000 1.570800
  8 0.000000 1.170000 0.030391 -0.000000 -1.570796 -0.000000
  9 0.000000 0.000000 0.000000 0.000000 -0.000000 0.000000
  10 0.000000 0.000000 0.000000 0.000000 -0.000000 0.000000
end
triangles
..\..\..\Desktop\General\noesis\td_body
  5 -2.299882 2.284980 -0.202693 -0.044234 -0.988724 0.143069 0.622245 0.446285 1 5 1.000000
  5 -2.093823 2.626278 0.287602 -0.160197 -0.157385 -0.974457 0.622245 0.460875 1 5 1.000000
  4 -2.342248 2.647823 0.428486 -0.201745 -0.342716 -0.917521 0.622245 0.451528 1 4 1.000000
..\..\..\Desktop\General\noesis\td_body
  4 -3.229640 2.368183 0.061267 -0.100535 -0.937670 -0.332668 0.622245 0.397347 1 4 1.000000
  5 -2.299882 2.284980 -0.202693 -0.044234 -0.988724 0.143069 0.622245 0.446285 1 5 1.000000
  4 -2.342248 2.647823 0.428486 -0.201745 -0.342716 -0.917521 0.622245 0.451528 1 4 1.000000
..\..\..\Desktop\General\noesis\td_body
  4 -3.229640 2.368183 0.061267 -0.100535 -0.937670 -0.332668 0.622245 0.397347 1 4 1.000000
  4 -2.342248 2.647823 0.428486 -0.201745 -0.342716 -0.917521 0.622245 0.451528 1 4 1.000000
  4 -3.233872 2.842510 0.343211 0.057292 0.301407 -0.951773 0.622245 0.397871 1 4 1.000000
..\..\..\Desktop\General\noesis\td_body
  4 -3.229640 2.368183 0.061267 -0.100535 -0.937670 -0.332668 0.622245 0.397347 1 4 1.000000
  4 -3.233872 2.842510 0.343211 0.057292 0.301407 -0.951773 0.622245 0.397871 1 4 1.000000
  3 -3.340105 2.862221 0.324925 -0.474199 0.225723 -0.850990 0.622245 0.391910 1 3 1.000000
..\..\..\Desktop\General\noesis\td_body
  3 -3.337101 2.378024 0.084939 -0.480582 -0.742287 -0.466960 0.622245 0.391910 1 3 1.000000
  4 -3.229640 2.368183 0.061267 -0.100535 -0.937670 -0.332668 0.622245 0.397347 1 4 1.000000
  3 -3.340105 2.862221 0.324925 -0.474199 0.225723 -0.850990 0.622245 0.391910 1 3 1.000000
..\..\..\Desktop\General\noesis\td_body
  3 -3.343899 2.414426 -0.468058 -0.299347 -0.809248 0.505479 0.622245 0.391910 1 3 1.000000
  4 -3.229640 2.368183 0.061267 -0.100535 -0.937670 -0.332668 0.622245 0.397347 1 4 1.000000
  3 -3.337101 2.378024 0.084939 -0.480582 -0.742287 -0.466960 0.622245 0.391910 1 3 1.000000
..\..\..\Desktop\General\noesis\td_body
  3 -3.343899 2.414426 -0.468058 -0.299347 -0.809248 0.505479 0.622245 0.391910 1 3 1.000000
  4 -3.238038 2.658402 -0.554948 -0.217816 -0.258401 0.941162 0.622245 0.396585 1 4 1.000000
  4 -3.229640 2.368183 0.061267 -0.100535 -0.937670 -0.332668 0.622245 0.397347 1 4 1.000000
..\..\..\Desktop\General\noesis\td_body
  5 -2.299882 2.284980 -0.202693 -0.044234 -0.988724 0.143069 0.622245 0.446285 1 5 1.000000
  4 -3.229640 2.368183 0.061267 -0.100535 -0.937670 -0.332668 0.622245 0.397347 1 4 1.000000
  4 -3.238038 2.658402 -0.554948 -0.217816 -0.258401 0.941162 0.622245 0.396585 1 4 1.000000
..\..\..\Desktop\General\noesis\td_body
  4 -3.238038 2.658402 -0.554948 -0.217816 -0.258401 0.941162 0.622245 0.396585 1 4 1.000000
  3 -3.343899 2.414426 -0.468058 -0.299347 -0.809248 0.505479 0.622245 0.391910 1 3 1.000000
  3 -3.342301 2.832289 -0.595803 -0.384959 0.111813 0.916136 0.622245 0.391910 1 3 1.000000
..\..\..\Desktop\General\noesis\td_body
  4 -3.238038 2.658402 -0.554948 -0.217816 -0.258401 0.941162 0.622245 0.396585 1 4 1.000000
  3 -3.342301 2.832289 -0.595803 -0.384959 0.111813 0.916136 0.622245 0.391910 1 3 1.000000
  4 -3.233911 3.163667 -0.107455 -0.071113 0.986061 0.150424 0.622245 0.397775 1 4 1.000000
..\..\..\Desktop\General\noesis\td_body
  4 -2.422100 2.850279 -0.620080 -0.137458 0.399916 0.906186 0.622245 0.438660 1 4 1.000000
  4 -3.238038 2.658402 -0.554948 -0.217816 -0.258401 0.941162 0.622245 0.396585 1 4 1.000000
  4 -3.233911 3.163667 -0.107455 -0.071113 0.986061 0.150424 0.622245 0.397775 1 4 1.000000
..\..\..\Desktop\General\noesis\td_body
  5 -2.299882 2.284980 -0.202693 -0.044234 -0.988724 0.143069 0.622245 0.446285 1 5 1.000000
  4 -3.238038 2.658402 -0.554948 -0.217816 -0.258401 0.941162 0.622245 0.396585 1 4 1.000000
  4 -2.422100 2.850279 -0.620080 -0.137458 0.399916 0.906186 0.622245 0.438660 1 4 1.000000
..\..\..\Desktop\General\noesis\td_body
  5 -2.299882 2.284980 -0.202693 -0.044234 -0.988724 0.143069 0.622245 0.446285 1 5 1.000000
  4 -2.422100 2.850279 -0.620080 -0.137458 0.399916 0.906186 0.622245 0.438660 1 4 1.000000
  5 -2.291342 2.863857 -0.538820 -0.113598 0.276402 0.954305 0.622245 0.445205 1 5 1.000000
..\..\..\Desktop\General\noesis\td_body
  4 -3.233872 2.842510 0.343211 0.057292 0.301407 -0.951773 0.622245 0.397871 1 4 1.000000
  4 -2.342248 2.647823 0.428486 -0.201745 -0.342716 -0.917521 0.622245 0.451528 1 4 1.000000
  5 -2.239451 3.176564 0.098129 -0.090405 0.952471 -0.290907 0.622245 0.450562 1 5 1.000000
..\..\..\Desktop\General\noesis\td_body
  5 -2.093823 2.626278 0.287602 -0.160197 -0.157385 -0.974457 0.622245 0.460875 1 5 1.000000
  5 -2.239451 3.176564 0.098129 -0.090405 0.952471 -0.290907 0.622245 0.450562 1 5 1.000000
  4 -2.342248 2.647823 0.428486 -0.201745 -0.342716 -0.917521 0.622245 0.451528 1 4 1.000000
..\..\..\Desktop\General\noesis\td_body
  4 -2.422100 2.850279 -0.620080 -0.137458 0.399916 0.906186 0.622245 0.438660 1 4 1.000000
  4 -3.233911 3.163667 -0.107455 -0.071113 0.986061 0.150424 0.622245 0.397775 1 4 1.000000
  5 -2.239451 3.176564 0.098129 -0.090405 0.952471 -0.290907 0.622245 0.450562 1 5 1.000000
..\..\..\Desktop\General\noesis\td_body
  5 -2.291342 2.863857 -0.538820 -0.113598 0.276402 0.954305 0.622245 0.445205 1 5 1.000000
  4 -2.422100 2.850279 -0.620080 -0.137458 0.399916 0.906186 0.622245 0.438660 1 4 1.000000
  5 -2.239451 3.176564 0.098129 -0.090405 0.952471 -0.290907 0.622245 0.450562 1 5 1.000000
..\..\..\Desktop\General\noesis\td_body
  4 -3.233872 2.842510 0.343211 0.057292 0.301407 -0.951773 0.622245 0.397871 1 4 1.000000
  5 -2.239451 3.176564 0.098129 -0.090405 0.952471 -0.290907 0.622245 0.450562 1 5 1.000000
  4 -3.233911 3.163667 -0.107455 -0.071113 0.986061 0.150424 0.622245 0.397775 1 4 1.000000
..\..\..\Desktop\General\noesis\td_body
  7 -1.079376 2.552860 -0.597411 0.018779 0.370815 -0.928517 0.339077 0.616845 1 7 1.000000
  5 -2.291342 2.863857 -0.538820 -0.113598 0.276402 0.954305 0.339077 0.513787 1 5 1.000000
  7 -1.123988 3.123790 -0.369213 0.802632 0.121051 -0.584062 0.339077 0.616412 1 7 1.000000
..\..\..\Desktop\General\noesis\td_body
  7 -1.079376 2.552860 -0.597411 0.018779 0.370815 -0.928517 0.339077 0.616845 1 7 1.000000
  5 -2.299882 2.284980 -0.202693 -0.044234 -0.988724 0.143069 0.339077 0.567548 1 5 1.000000
  5 -2.291342 2.863857 -0.538820 -0.113598 0.276402 0.954305 0.339077 0.513787 1 5 1.000000
..\..\..\Desktop\General\noesis\td_body
  7 -1.079376 2.552860 -0.597411 0.018779 0.370815 -0.928517 0.339077 0.616845 1 7 1.000000
  7 -1.398965 2.245408 0.058443 -0.136644 0.989760 0.041268 0.339077 0.617005 1 7 1.000000
  5 -2.299882 2.284980 -0.202693 -0.044234 -0.988724 0.143069 0.339077 0.567548 1 5 1.000000
..\..\..\Desktop\General\noesis\td_body
  5 -2.299882 2.284980 -0.202693 -0.044234 -0.988724 0.143069 0.339077 0.567548 1 5 1.000000
  7 -1.398965 2.245408 0.058443 -0.136644 0.989760 0.041268 0.339077 0.617005 1 7 1.000000
  7 -1.234226 2.607358 0.378920 0.138422 0.570458 0.809578 0.339077 0.616800 1 7 1.000000
..\..\..\Desktop\General\noesis\td_body
  5 -2.093823 2.626278 0.287602 -0.160197 -0.157385 -0.974457 0.339077 0.558533 1 5 1.000000
  5 -2.299882 2.284980 -0.202693 -0.044234 -0.988724 0.143069 0.339077 0.567548 1 5 1.000000
  7 -1.234226 2.607358 0.378920 0.138422 0.570458 0.809578 0.339077 0.616800 1 7 1.000000
..\..\..\Desktop\General\noesis\td_body
  7 -1.139779 3.175290 0.202716 0.773643 0.180443 0.607385 0.339077 0.616412 1 7 1.000000
  5 -2.093823 2.626278 0.287602 -0.160197 -0.157385 -0.974457 0.339077 0.558533 1 5 1.000000
  7 -1.234226 2.607358 0.378920 0.138422 0.570458 0.809578 0.339077 0.616800 1 7 1.000000
..\..\..\Desktop\General\noesis\td_body
  5 -2.239451 3.176564 0.098129 -0.090405 0.952471 -0.290907 0.339077 0.513564 1 5 1.000000
  5 -2.093823 2.626278 0.287602 -0.160197 -0.157385 -0.974457 0.339077 0.558533 1 5 1.000000
  7 -1.139779 3.175290 0.202716 0.773643 0.180443 0.607385 0.339077 0.616412 1 7 1.000000
..\..\..\Desktop\General\noesis\td_body
  7 -1.123988 3.123790 -0.369213 0.802632 0.121051 -0.584062 0.339077 0.616412 1 7 1.000000
  5 -2.239451 3.176564 0.098129 -0.090405 0.952471 -0.290907 0.339077 0.513564 1 5 1.000000
  7 -1.139779 3.175290 0.202716 0.773643 0.180443 0.607385 0.339077 0.616412 1 7 1.000000
..\..\..\Desktop\General\noesis\td_body
  7 -1.123988 3.123790 -0.369213 0.802632 0.121051 -0.584062 0.339077 0.616412 1 7 1.000000
  5 -2.291342 2.863857 -0.538820 -0.113598 0.276402 0.954305 0.339077 0.513787 1 5 1.000000
  5 -2.239451 3.176564 0.098129 -0.090405 0.952471 -0.290907 0.339077 0.513564 1 5 1.000000
..\..\..\Desktop\General\noesis\td_body
  3 -4.490462 2.508382 -0.682078 0.814804 -0.207233 0.541433 0.606380 0.880064 1 3 1.000000
  3 -3.913203 2.375860 -0.702570 -0.086484 -0.557550 0.825626 0.680343 0.821696 1 3 1.000000
  3 -4.163051 2.138628 -0.057816 0.273649 -0.942736 0.190696 0.404904 0.788105 1 3 1.000000
..\..\..\Desktop\General\noesis\td_body
  3 -4.163051 2.138628 -0.057816 0.273649 -0.942736 0.190696 0.404904 0.788105 1 3 1.000000
  3 -4.541389 2.502756 0.513770 0.611069 -0.322504 -0.722901 0.171412 0.888471 1 3 1.000000
  3 -4.490462 2.508382 -0.682078 0.814804 -0.207233 0.541433 0.606380 0.880064 1 3 1.000000
..\..\..\Desktop\General\noesis\td_body
  3 -4.163051 2.138628 -0.057816 0.273649 -0.942736 0.190696 0.404904 0.788105 1 3 1.000000
  3 -3.832735 2.003077 0.391453 -0.213775 -0.919452 -0.330013 0.205381 0.744786 1 3 1.000000
  3 -4.541389 2.502756 0.513770 0.611069 -0.322504 -0.722901 0.171412 0.888471 1 3 1.000000
..\..\..\Desktop\General\noesis\td_body
  3 -4.163051 2.138628 -0.057816 0.273649 -0.942736 0.190696 0.404904 0.788105 1 3 1.000000
  3 -3.913203 2.375860 -0.702570 -0.086484 -0.557550 0.825626 0.680343 0.821696 1 3 1.000000
  3 -3.343899 2.414426 -0.468058 -0.299347 -0.809248 0.505479 0.576168 0.730998 1 3 1.000000
..\..\..\Desktop\General\noesis\td_body
  3 -3.832735 2.003077 0.391453 -0.213775 -0.919452 -0.330013 0.205381 0.744786 1 3 1.000000
  3 -4.163051 2.138628 -0.057816 0.273649 -0.942736 0.190696 0.404904 0.788105 1 3 1.000000
  3 -3.343899 2.414426 -0.468058 -0.299347 -0.809248 0.505479 0.576168 0.730998 1 3 1.000000
..\..\..\Desktop\General\noesis\td_body
  3 -3.343899 2.414426 -0.468058 -0.299347 -0.809248 0.505479 0.576168 0.730998 1 3 1.000000
  3 -3.337101 2.378024 0.084939 -0.480582 -0.742287 -0.466960 0.344614 0.711542 1 3 1.000000
  3 -3.832735 2.003077 0.391453 -0.213775 -0.919452 -0.330013 0.205381 0.744786 1 3 1.000000
..\..\..\Desktop\General\noesis\td_body
  3 -3.334289 3.160380 -0.140444 -0.363665 0.931511 0.005876 0.570737 0.457041 1 3 1.000000
  3 -3.342301 2.832289 -0.595803 -0.384959 0.111813 0.916136 0.570737 0.456901 1 3 1.000000
  3 -3.840087 3.174934 -0.810929 -0.105375 0.407920 0.906916 0.570737 0.433388 1 3 1.000000
..\..\..\Desktop\General\noesis\td_body
  3 -3.840087 3.174934 -0.810929 -0.105375 0.407920 0.906916 0.570737 0.433388 1 3 1.000000
  3 -4.225829 3.222744 -0.643322 0.392956 0.851257 0.347775 0.570737 0.406355 1 3 1.000000
  3 -3.334289 3.160380 -0.140444 -0.363665 0.931511 0.005876 0.570737 0.457041 1 3 1.000000
..\..\..\Desktop\General\noesis\td_body
  3 -4.225829 3.222744 -0.643322 0.392956 0.851257 0.347775 0.570737 0.406355 1 3 1.000000
  3 -4.282211 3.294827 0.419452 0.514327 0.806059 -0.292807 0.570737 0.403098 1 3 1.000000
  3 -3.334289 3.160380 -0.140444 -0.363665 0.931511 0.005876 0.570737 0.457041 1 3 1.000000
..\..\..\Desktop\General\noesis\td_body
  3 -3.334289 3.160380 -0.140444 -0.363665 0.931511 0.005876 0.570737 0.457041 1 3 1.000000
  3 -4.282211 3.294827 0.419452 0.514327 0.806059 -0.292807 0.570737 0.403098 1 3 1.000000
  3 -3.903717 3.177602 0.571663 -0.258422 0.499969 -0.826589 0.570737 0.428568 1 3 1.000000
..\..\..\Desktop\General\noesis\td_body
  3 -3.340105 2.862221 0.324925 -0.474199 0.225723 -0.850990 0.570737 0.447534 1 3 1.000000
  3 -3.334289 3.160380 -0.140444 -0.363665 0.931511 0.005876 0.570737 0.457041 1 3 1.000000
  3 -3.903717 3.177602 0.571663 -0.258422 0.499969 -0.826589 0.570737 0.428568 1 3 1.000000
..\..\..\Desktop\General\noesis\td_body
  3 -3.343899 2.414426 -0.468058 -0.299347 -0.809248 0.505479 0.007953 0.544400 1 3 1.000000
  3 -3.913203 2.375860 -0.702570 -0.086484 -0.557550 0.825626 -0.073696 0.551721 1 3 1.000000
  3 -3.342301 2.832289 -0.595803 -0.384959 0.111813 0.916136 0.040199 0.630898 1 3 1.000000
..\..\..\Desktop\General\noesis\td_body
  3 -3.913203 2.375860 -0.702570 -0.086484 -0.557550 0.825626 -0.073696 0.551721 1 3 1.000000
  3 -3.840087 3.174934 -0.810929 -0.105375 0.407920 0.906916 -0.057092 0.693717 1 3 1.000000
  3 -3.342301 2.832289 -0.595803 -0.384959 0.111813 0.916136 0.040199 0.630898 1 3 1.000000
..\..\..\Desktop\General\noesis\td_body
  3 -3.840087 3.174934 -0.810929 -0.105375 0.407920 0.906916 -0.057092 0.693717 1 3 1.000000
  3 -3.913203 2.375860 -0.702570 -0.086484 -0.557550 0.825626 -0.073696 0.551721 1 3 1.000000
  3 -4.490462 2.508382 -0.682078 0.814804 -0.207233 0.541433 -0.185021 0.601695 1 3 1.000000
..\..\..\Desktop\General\noesis\td_body
  3 -4.490462 2.508382 -0.682078 0.814804 -0.207233 0.541433 -0.185021 0.601695 1 3 1.000000
  3 -4.225829 3.222744 -0.643322 0.392956 0.851257 0.347775 -0.155525 0.689005 1 3 1.000000
  3 -3.840087 3.174934 -0.810929 -0.105375 0.407920 0.906916 -0.057092 0.693717 1 3 1.000000
..\..\..\Desktop\General\noesis\td_body
  3 -3.754962 2.469748 0.608665 -0.418225 -0.211447 -0.883390 0.030335 0.613220 1 3 1.000000
  3 -3.903717 3.177602 0.571663 -0.258422 0.499969 -0.826589 0.109401 0.684374 1 3 1.000000
  3 -4.541389 2.502756 0.513770 0.611069 -0.322504 -0.722901 0.154537 0.561214 1 3 1.000000
..\..\..\Desktop\General\noesis\td_body
  3 -3.754962 2.469748 0.608665 -0.418225 -0.211447 -0.883390 0.030335 0.613220 1 3 1.000000
  3 -3.340105 2.862221 0.324925 -0.474199 0.225723 -0.850990 0.058061 0.685791 1 3 1.000000
  3 -3.903717 3.177602 0.571663 -0.258422 0.499969 -0.826589 0.109401 0.684374 1 3 1.000000
..\..\..\Desktop\General\noesis\td_body
  3 -3.337101 2.378024 0.084939 -0.480582 -0.742287 -0.466960 0.019823 0.621635 1 3 1.000000
  3 -3.340105 2.862221 0.324925 -0.474199 0.225723 -0.850990 0.058061 0.685791 1 3 1.000000
  3 -3.754962 2.469748 0.608665 -0.418225 -0.211447 -0.883390 0.030335 0.613220 1 3 1.000000
..\..\..\Desktop\General\noesis\td_body
  3 -3.832735 2.003077 0.391453 -0.213775 -0.919452 -0.330013 0.025266 0.567350 1 3 1.000000
  3 -3.337101 2.378024 0.084939 -0.480582 -0.742287 -0.466960 0.019823 0.621635 1 3 1.000000
  3 -3.754962 2.469748 0.608665 -0.418225 -0.211447 -0.883390 0.030335 0.613220 1 3 1.000000
..\..\..\Desktop\General\noesis\td_body
  3 -3.754962 2.469748 0.608665 -0.418225 -0.211447 -0.883390 0.030335 0.613220 1 3 1.000000
  3 -4.541389 2.502756 0.513770 0.611069 -0.322504 -0.722901 0.154537 0.561214 1 3 1.000000
  3 -3.832735 2.003077 0.391453 -0.213775 -0.919452 -0.330013 0.025266 0.567350 1 3 1.000000
..\..\..\Desktop\General\noesis\td_body
  3 -3.903717 3.177602 0.571663 -0.258422 0.499969 -0.826589 0.109401 0.684374 1 3 1.000000
  3 -4.282211 3.294827 0.419452 0.514327 0.806059 -0.292807 0.173897 0.642368 1 3 1.000000
  3 -4.541389 2.502756 0.513770 0.611069 -0.322504 -0.722901 0.154537 0.561214 1 3 1.000000
..\..\..\Desktop\General\noesis\td_body
  3 -4.225829 3.222744 -0.643322 0.392956 0.851257 0.347775 0.589306 0.962184 1 3 1.000000
  3 -4.490462 2.508382 -0.682078 0.814804 -0.207233 0.541433 0.606380 0.880064 1 3 1.000000
  3 -4.282211 3.294827 0.419452 0.514327 0.806059 -0.292807 0.211130 0.952875 1 3 1.000000
..\..\..\Desktop\General\noesis\td_body
  3 -4.490462 2.508382 -0.682078 0.814804 -0.207233 0.541433 0.606380 0.880064 1 3 1.000000
  3 -4.541389 2.502756 0.513770 0.611069 -0.322504 -0.722901 0.171412 0.888471 1 3 1.000000
  3 -4.282211 3.294827 0.419452 0.514327 0.806059 -0.292807 0.211130 0.952875 1 3 1.000000
..\..\..\Desktop\General\noesis\td_body
  3 -3.342301 2.832289 -0.595803 -0.384959 0.111813 0.916136 0.622245 0.391910 1 3 1.000000
  3 -3.334289 3.160380 -0.140444 -0.363665 0.931511 0.005876 0.622245 0.391910 1 3 1.000000
  4 -3.233911 3.163667 -0.107455 -0.071113 0.986061 0.150424 0.622245 0.397775 1 4 1.000000
..\..\..\Desktop\General\noesis\td_body
  3 -3.340105 2.862221 0.324925 -0.474199 0.225723 -0.850990 0.622245 0.391910 1 3 1.000000
  4 -3.233872 2.842510 0.343211 0.057292 0.301407 -0.951773 0.622245 0.397871 1 4 1.000000
  3 -3.334289 3.160380 -0.140444 -0.363665 0.931511 0.005876 0.622245 0.391910 1 3 1.000000
..\..\..\Desktop\General\noesis\td_body
  4 -3.233872 2.842510 0.343211 0.057292 0.301407 -0.951773 0.622245 0.397871 1 4 1.000000
  4 -3.233911 3.163667 -0.107455 -0.071113 0.986061 0.150424 0.622245 0.397775 1 4 1.000000
  3 -3.334289 3.160380 -0.140444 -0.363665 0.931511 0.005876 0.622245 0.391910 1 3 1.000000
..\..\..\Desktop\General\noesis\td_body
  6 1.969431 8.912802 0.039648 0.234027 -0.519987 -0.821489 -0.806677 0.828702 1 6 1.000000
  6 -0.000032 9.545197 0.060633 0.128369 0.000043 -0.991726 -1.001370 0.826573 1 6 1.000000
  6 0.000464 9.300964 0.941985 0.448760 0.000006 -0.893652 -1.001320 0.737127 1 6 1.000000
..\..\..\Desktop\General\noesis\td_body
  6 1.757380 9.137775 -1.187328 -0.193399 -0.361866 -0.911948 -0.827639 0.953225 1 6 1.000000
  6 -0.000032 9.545197 0.060633 0.128369 0.000043 -0.991726 -1.001370 0.826573 1 6 1.000000
  6 1.969431 8.912802 0.039648 0.234027 -0.519987 -0.821489 -0.806677 0.828702 1 6 1.000000
..\..\..\Desktop\General\noesis\td_body
  6 -0.000032 9.535252 -1.156946 -0.183866 0.000000 -0.982951 -1.001370 0.950142 1 6 1.000000
  6 -0.000032 9.545197 0.060633 0.128369 0.000043 -0.991726 -1.001370 0.826573 1 6 1.000000
  6 1.757380 9.137775 -1.187328 -0.193399 -0.361866 -0.911948 -0.827639 0.953225 1 6 1.000000
..\..\..\Desktop\General\noesis\td_body
  6 -0.000030 9.053757 -2.432648 -0.503601 0.000000 -0.863936 -1.001370 1.079610 1 6 1.000000
  6 -0.000032 9.535252 -1.156946 -0.183866 0.000000 -0.982951 -1.001370 0.950142 1 6 1.000000
  6 1.757380 9.137775 -1.187328 -0.193399 -0.361866 -0.911948 -0.827639 0.953225 1 6 1.000000
..\..\..\Desktop\General\noesis\td_body
  6 1.757380 9.137775 -1.187328 -0.193399 -0.361866 -0.911948 -0.827639 0.953225 1 6 1.000000
  6 1.305132 8.474057 -2.716923 -0.580003 -0.352476 -0.734409 -0.872346 1.108460 1 6 1.000000
  6 -0.000030 9.053757 -2.432648 -0.503601 0.000000 -0.863936 -1.001370 1.079610 1 6 1.000000
..\..\..\Desktop\General\noesis\td_body
  6 2.791473 8.346374 -1.461914 -0.263989 -0.723205 -0.638189 -0.725414 0.981091 1 6 1.000000
  6 1.757380 9.137775 -1.187328 -0.193399 -0.361866 -0.911948 -0.827639 0.953225 1 6 1.000000
  6 1.969431 8.912802 0.039648 0.234027 -0.519987 -0.821489 -0.806677 0.828702 1 6 1.000000
..\..\..\Desktop\General\noesis\td_body
  6 2.791473 8.346374 -1.461914 -0.263989 -0.723205 -0.638189 -0.725414 0.981091 1 6 1.000000
  6 1.305132 8.474057 -2.716923 -0.580003 -0.352476 -0.734409 -0.872346 1.108460 1 6 1.000000
  6 1.757380 9.137775 -1.187328 -0.193399 -0.361866 -0.911948 -0.827639 0.953225 1 6 1.000000
..\..\..\Desktop\General\noesis\td_body
  6 2.791473 8.346374 -1.461914 -0.263989 -0.723205 -0.638189 -0.725414 0.981091 1 6 1.000000
  6 2.068556 7.524095 -3.175470 -0.739830 -0.523418 -0.422711 -0.796879 1.154990 1 6 1.000000
  6 1.305132 8.474057 -2.716923 -0.580003 -0.352476 -0.734409 -0.872346 1.108460 1 6 1.000000
..\..\..\Desktop\General\noesis\td_body
  6 1.305132 8.474057 -2.716923 -0.580003 -0.352476 -0.734409 -0.872346 1.108460 1 6 1.000000
  6 -0.000026 7.881461 -3.734018 -0.796645 0.000045 -0.604447 -1.001370 1.211680 1 6 1.000000
  6 -0.000030 9.053757 -2.432648 -0.503601 0.000000 -0.863936 -1.001370 1.079610 1 6 1.000000
..\..\..\Desktop\General\noesis\td_body
  6 -0.000026 7.881461 -3.734018 -0.796645 0.000045 -0.604447 -1.001370 1.211680 1 6 1.000000
  6 1.305132 8.474057 -2.716923 -0.580003 -0.352476 -0.734409 -0.872346 1.108460 1 6 1.000000
  6 2.068556 7.524095 -3.175470 -0.739830 -0.523418 -0.422711 -0.796879 1.154990 1 6 1.000000
..\..\..\Desktop\General\noesis\td_body
  6 -1.305188 8.474038 -2.716923 -0.578895 0.356139 -0.733516 -1.130390 1.108460 1 6 1.000000
  6 -0.000030 9.053757 -2.432648 -0.503601 0.000000 -0.863936 -1.001370 1.079610 1 6 1.000000
  6 -0.000026 7.881461 -3.734018 -0.796645 0.000045 -0.604447 -1.001370 1.211680 1 6 1.000000
..\..\..\Desktop\General\noesis\td_body
  6 -0.000030 9.053757 -2.432648 -0.503601 0.000000 -0.863936 -1.001370 1.079610 1 6 1.000000
  6 -1.757440 9.137749 -1.187328 -0.194223 0.366398 -0.909962 -1.175100 0.953225 1 6 1.000000
  6 -0.000032 9.535252 -1.156946 -0.183866 0.000000 -0.982951 -1.001370 0.950142 1 6 1.000000
..\..\..\Desktop\General\noesis\td_body
  6 -1.757440 9.137749 -1.187328 -0.194223 0.366398 -0.909962 -1.175100 0.953225 1 6 1.000000
  6 -0.000030 9.053757 -2.432648 -0.503601 0.000000 -0.863936 -1.001370 1.079610 1 6 1.000000
  6 -1.305188 8.474038 -2.716923 -0.578895 0.356139 -0.733516 -1.130390 1.108460 1 6 1.000000
..\..\..\Desktop\General\noesis\td_body
  6 -0.000032 9.535252 -1.156946 -0.183866 0.000000 -0.982951 -1.001370 0.950142 1 6 1.000000
  6 -1.757440 9.137749 -1.187328 -0.194223 0.366398 -0.909962 -1.175100 0.953225 1 6 1.000000
  6 -0.000032 9.545197 0.060633 0.128369 0.000043 -0.991726 -1.001370 0.826573 1 6 1.000000
..\..\..\Desktop\General\noesis\td_body
  6 -2.761587 8.342194 -1.462624 -0.264976 0.723546 -0.637392 -1.274360 0.981163 1 6 1.000000
  6 -1.757440 9.137749 -1.187328 -0.194223 0.366398 -0.909962 -1.175100 0.953225 1 6 1.000000
  6 -1.305188 8.474038 -2.716923 -0.578895 0.356139 -0.733516 -1.130390 1.108460 1 6 1.000000
..\..\..\Desktop\General\noesis\td_body
  6 -2.761587 8.342194 -1.462624 -0.264976 0.723546 -0.637392 -1.274360 0.981163 1 6 1.000000
  6 -1.968499 8.912774 0.039648 0.230643 0.522581 -0.820800 -1.195960 0.828702 1 6 1.000000
  6 -1.757440 9.137749 -1.187328 -0.194223 0.366398 -0.909962 -1.175100 0.953225 1 6 1.000000
..\..\..\Desktop\General\noesis\td_body
  6 -1.968499 8.912774 0.039648 0.230643 0.522581 -0.820800 -1.195960 0.828702 1 6 1.000000
  6 0.000464 9.300964 0.941985 0.448760 0.000006 -0.893652 -1.001320 0.737127 1 6 1.000000
  6 -0.000032 9.545197 0.060633 0.128369 0.000043 -0.991726 -1.001370 0.826573 1 6 1.000000
..\..\..\Desktop\General\noesis\td_body
  6 -1.968499 8.912774 0.039648 0.230643 0.522581 -0.820800 -1.195960 0.828702 1 6 1.000000
  6 -0.000032 9.545197 0.060633 0.128369 0.000043 -0.991726 -1.001370 0.826573 1 6 1.000000
  6 -1.757440 9.137749 -1.187328 -0.194223 0.366398 -0.909962 -1.175100 0.953225 1 6 1.000000
..\..\..\Desktop\General\noesis\td_body
  6 -0.000019 5.973061 2.088439 0.866395 -0.000000 0.499359 -1.001410 2.815430 1 6 1.000000
  6 1.007297 7.159877 2.269298 0.960525 -0.277040 0.025323 -0.888271 2.944250 1 6 1.000000
  6 -1.007343 7.159862 2.269298 0.960525 0.277040 0.025323 -1.114540 2.944250 1 6 1.000000
..\..\..\Desktop\General\noesis\td_body
  6 1.007297 7.159877 2.269298 0.960525 -0.277040 0.025323 -0.888271 2.944250 1 6 1.000000
  6 -0.000019 5.973061 2.088439 0.866395 -0.000000 0.499359 -1.001410 2.815430 1 6 1.000000
  6 1.444172 5.782622 1.661948 0.751006 -0.358650 0.554400 -0.839205 2.815430 1 6 1.000000
..\..\..\Desktop\General\noesis\td_body
  6 1.007297 7.159877 2.269298 0.960525 -0.277040 0.025323 -0.888271 2.944250 1 6 1.000000
  6 1.444172 5.782622 1.661948 0.751006 -0.358650 0.554400 -0.839205 2.815430 1 6 1.000000
  6 2.638359 6.724392 1.182334 0.655445 -0.741524 0.143297 -0.713912 2.944220 1 6 1.000000
..\..\..\Desktop\General\noesis\td_body
  6 1.759343 8.185334 1.650086 0.661737 -0.531407 -0.528877 -0.833690 3.068330 1 6 1.000000
  6 1.007297 7.159877 2.269298 0.960525 -0.277040 0.025323 -0.888271 2.944250 1 6 1.000000
  6 2.638359 6.724392 1.182334 0.655445 -0.741524 0.143297 -0.713912 2.944220 1 6 1.000000
..\..\..\Desktop\General\noesis\td_body
  6 -0.000027 8.410300 2.105426 0.860526 -0.000004 -0.509406 -1.001410 3.068060 1 6 1.000000
  6 1.007297 7.159877 2.269298 0.960525 -0.277040 0.025323 -0.888271 2.944250 1 6 1.000000
  6 1.759343 8.185334 1.650086 0.661737 -0.531407 -0.528877 -0.833690 3.068330 1 6 1.000000
..\..\..\Desktop\General\noesis\td_body
  6 1.007297 7.159877 2.269298 0.960525 -0.277040 0.025323 -0.888271 2.944250 1 6 1.000000
  6 -0.000027 8.410300 2.105426 0.860526 -0.000004 -0.509406 -1.001410 3.068060 1 6 1.000000
  6 -1.007343 7.159862 2.269298 0.960525 0.277040 0.025323 -1.114540 2.944250 1 6 1.000000
..\..\..\Desktop\General\noesis\td_body
  6 -0.000027 8.410300 2.105426 0.860526 -0.000004 -0.509406 -1.001410 3.068060 1 6 1.000000
  6 -1.759397 8.185309 1.650086 0.661655 0.531383 -0.529004 -1.169120 3.068330 1 6 1.000000
  6 -1.007343 7.159862 2.269298 0.960525 0.277040 0.025323 -1.114540 2.944250 1 6 1.000000
..\..\..\Desktop\General\noesis\td_body
  6 1.759343 8.185334 1.650086 0.661737 -0.531407 -0.528877 -0.833690 3.068330 1 6 1.000000
  6 0.000464 9.300964 0.941985 0.448760 0.000006 -0.893652 -1.001350 3.172470 1 6 1.000000
  6 -0.000027 8.410300 2.105426 0.860526 -0.000004 -0.509406 -1.001410 3.068060 1 6 1.000000
..\..\..\Desktop\General\noesis\td_body
  6 -0.000027 8.410300 2.105426 0.860526 -0.000004 -0.509406 -1.001410 3.068060 1 6 1.000000
  6 0.000464 9.300964 0.941985 0.448760 0.000006 -0.893652 -1.001350 3.172470 1 6 1.000000
  6 -1.759397 8.185309 1.650086 0.661655 0.531383 -0.529004 -1.169120 3.068330 1 6 1.000000
..\..\..\Desktop\General\noesis\td_body
  6 1.969431 8.912802 0.039648 0.234027 -0.519987 -0.821489 -0.779483 3.186580 1 6 1.000000
  6 0.000464 9.300964 0.941985 0.448760 0.000006 -0.893652 -1.001350 3.172470 1 6 1.000000
  6 1.759343 8.185334 1.650086 0.661737 -0.531407 -0.528877 -0.833690 3.068330 1 6 1.000000
..\..\..\Desktop\General\noesis\td_body
  6 -1.759397 8.185309 1.650086 0.661655 0.531383 -0.529004 -1.169120 3.068330 1 6 1.000000
  6 0.000464 9.300964 0.941985 0.448760 0.000006 -0.893652 -1.001350 3.172470 1 6 1.000000
  6 -1.968499 8.912774 0.039648 0.230643 0.522581 -0.820800 -1.223220 3.186580 1 6 1.000000
..\..\..\Desktop\General\noesis\td_body
  6 -1.759397 8.185309 1.650086 0.661655 0.531383 -0.529004 -1.169120 3.068330 1 6 1.000000
  6 -2.638402 6.724354 1.182334 0.655445 0.741524 0.143297 -1.288900 2.944220 1 6 1.000000
  6 -1.007343 7.159862 2.269298 0.960525 0.277040 0.025323 -1.114540 2.944250 1 6 1.000000
..\..\..\Desktop\General\noesis\td_body
  6 -1.007343 7.159862 2.269298 0.960525 0.277040 0.025323 -1.114540 2.944250 1 6 1.000000
  6 -2.638402 6.724354 1.182334 0.655445 0.741524 0.143297 -1.288900 2.944220 1 6 1.000000
  6 -1.444208 5.782602 1.661948 0.751006 0.358650 0.554401 -1.163610 2.815430 1 6 1.000000
..\..\..\Desktop\General\noesis\td_body
  6 -1.007343 7.159862 2.269298 0.960525 0.277040 0.025323 -1.114540 2.944250 1 6 1.000000
  6 -1.444208 5.782602 1.661948 0.751006 0.358650 0.554401 -1.163610 2.815430 1 6 1.000000
  6 -0.000019 5.973061 2.088439 0.866395 -0.000000 0.499359 -1.001410 2.815430 1 6 1.000000
..\..\..\Desktop\General\noesis\td_body
  6 1.586758 4.116955 -1.960524 -0.061127 -0.326418 0.943247 0.074659 1.179510 1 6 1.000000
  6 -0.000013 4.358478 0.122722 0.421156 -0.000000 0.906988 -0.021156 1.014190 1 6 1.000000
  6 -0.000011 3.925799 -2.388846 -0.197879 -0.000000 0.980227 -0.021156 1.219860 1 6 1.000000
..\..\..\Desktop\General\noesis\td_body
  6 2.618815 4.974398 -0.148441 0.358475 -0.595892 0.718616 0.125006 1.013170 1 6 1.000000
  6 -0.000013 4.358478 0.122722 0.421156 -0.000000 0.906988 -0.021156 1.014190 1 6 1.000000
  6 1.586758 4.116955 -1.960524 -0.061127 -0.326418 0.943247 0.074659 1.179510 1 6 1.000000
..\..\..\Desktop\General\noesis\td_body
  6 1.444172 5.782622 1.661948 0.751006 -0.358650 0.554400 0.077011 0.819903 1 6 1.000000
  6 -0.000013 4.358478 0.122722 0.421156 -0.000000 0.906988 -0.021156 1.014190 1 6 1.000000
  6 2.618815 4.974398 -0.148441 0.358475 -0.595892 0.718616 0.125006 1.013170 1 6 1.000000
..\..\..\Desktop\General\noesis\td_body
  6 -0.000019 5.973061 2.088439 0.866395 -0.000000 0.499359 -0.021156 0.774218 1 6 1.000000
  6 -0.000013 4.358478 0.122722 0.421156 -0.000000 0.906988 -0.021156 1.014190 1 6 1.000000
  6 1.444172 5.782622 1.661948 0.751006 -0.358650 0.554400 0.077011 0.819903 1 6 1.000000
..\..\..\Desktop\General\noesis\td_body
  6 -0.000019 5.973061 2.088439 0.866395 -0.000000 0.499359 -0.021156 0.774218 1 6 1.000000
  6 -1.444208 5.782602 1.661948 0.751006 0.358650 0.554401 0.077011 0.819903 1 6 1.000000
  6 -0.000013 4.358478 0.122722 0.421156 -0.000000 0.906988 -0.021156 1.014190 1 6 1.000000
..\..\..\Desktop\General\noesis\td_body
  6 -1.444208 5.782602 1.661948 0.751006 0.358650 0.554401 0.077011 0.819903 1 6 1.000000
  6 -2.618845 4.974360 -0.148440 0.358475 0.595892 0.718616 0.125006 1.013170 1 6 1.000000
  6 -0.000013 4.358478 0.122722 0.421156 -0.000000 0.906988 -0.021156 1.014190 1 6 1.000000
..\..\..\Desktop\General\noesis\td_body
  6 -1.586782 4.116931 -1.960524 -0.061127 0.326418 0.943247 0.074659 1.179510 1 6 1.000000
  6 -0.000011 3.925799 -2.388846 -0.197879 -0.000000 0.980227 -0.021156 1.219860 1 6 1.000000
  6 -0.000013 4.358478 0.122722 0.421156 -0.000000 0.906988 -0.021156 1.014190 1 6 1.000000
..\..\..\Desktop\General\noesis\td_body
  6 -2.618845 4.974360 -0.148440 0.358475 0.595892 0.718616 0.125006 1.013170 1 6 1.000000
  6 -1.586782 4.116931 -1.960524 -0.061127 0.326418 0.943247 0.074659 1.179510 1 6 1.000000
  6 -0.000013 4.358478 0.122722 0.421156 -0.000000 0.906988 -0.021156 1.014190 1 6 1.000000
..\..\..\Desktop\General\noesis\td_body
  6 2.728335 4.957087 -2.515598 -0.328274 -0.745730 0.579761 -0.697259 -1.078090 1 6 1.000000
  6 1.586758 4.116955 -1.960524 -0.061127 -0.326418 0.943247 -0.752793 -1.159770 1 6 1.000000
  6 1.009436 4.589278 -3.443420 -0.648204 -0.248707 0.719706 -0.883987 -1.113850 1 6 1.000000
..\..\..\Desktop\General\noesis\td_body
  6 2.034892 5.818235 -3.609652 -0.841290 -0.531885 0.096591 -0.785762 -0.994354 1 6 1.000000
  6 2.728335 4.957087 -2.515598 -0.328274 -0.745730 0.579761 -0.697259 -1.078090 1 6 1.000000
  6 1.009436 4.589278 -3.443420 -0.648204 -0.248707 0.719706 -0.883987 -1.113850 1 6 1.000000
..\..\..\Desktop\General\noesis\td_body
  6 2.034892 5.818235 -3.609652 -0.841290 -0.531885 0.096591 -0.785762 -0.994354 1 6 1.000000
  6 1.009436 4.589278 -3.443420 -0.648204 -0.248707 0.719706 -0.883987 -1.113850 1 6 1.000000
  6 -0.000017 5.546403 -4.218554 -0.963447 -0.000006 0.267899 -0.993645 -1.020780 1 6 1.000000
..\..\..\Desktop\General\noesis\td_body
  6 2.034892 5.818235 -3.609652 -0.841290 -0.531885 0.096591 -0.785762 -0.994354 1 6 1.000000
  6 -0.000017 5.546403 -4.218554 -0.963447 -0.000006 0.267899 -0.993645 -1.020780 1 6 1.000000
  6 0.000472 7.066473 -4.098654 -0.969724 0.000006 -0.244205 -0.993591 -0.872983 1 6 1.000000
..\..\..\Desktop\General\noesis\td_body
  6 2.034892 5.818235 -3.609652 -0.841290 -0.531885 0.096591 -0.785762 -0.994354 1 6 1.000000
  6 0.000472 7.066473 -4.098654 -0.969724 0.000006 -0.244205 -0.993591 -0.872983 1 6 1.000000
  6 2.068556 7.524095 -3.175470 -0.739830 -0.523418 -0.422711 -0.768932 -0.828489 1 6 1.000000
..\..\..\Desktop\General\noesis\td_body
  6 -0.000026 7.881461 -3.734018 -0.796645 0.000045 -0.604447 -0.993645 -0.793740 1 6 1.000000
  6 2.068556 7.524095 -3.175470 -0.739830 -0.523418 -0.422711 -0.768932 -0.828489 1 6 1.000000
  6 0.000472 7.066473 -4.098654 -0.969724 0.000006 -0.244205 -0.993591 -0.872983 1 6 1.000000
..\..\..\Desktop\General\noesis\td_body
  6 -2.067614 7.524065 -3.175470 -0.737511 0.524824 -0.425016 -1.218250 -0.828489 1 6 1.000000
  6 -0.000026 7.881461 -3.734018 -0.796645 0.000045 -0.604447 -0.993645 -0.793740 1 6 1.000000
  6 0.000472 7.066473 -4.098654 -0.969724 0.000006 -0.244205 -0.993591 -0.872983 1 6 1.000000
..\..\..\Desktop\General\noesis\td_body
  6 0.000472 7.066473 -4.098654 -0.969724 0.000006 -0.244205 -0.993591 -0.872983 1 6 1.000000
  6 -2.034928 5.818206 -3.609652 -0.841323 0.531859 0.096446 -1.201530 -0.994354 1 6 1.000000
  6 -2.067614 7.524065 -3.175470 -0.737511 0.524824 -0.425016 -1.218250 -0.828489 1 6 1.000000
..\..\..\Desktop\General\noesis\td_body
  6 0.000472 7.066473 -4.098654 -0.969724 0.000006 -0.244205 -0.993591 -0.872983 1 6 1.000000
  6 -0.000017 5.546403 -4.218554 -0.963447 -0.000006 0.267899 -0.993645 -1.020780 1 6 1.000000
  6 -2.034928 5.818206 -3.609652 -0.841323 0.531859 0.096446 -1.201530 -0.994354 1 6 1.000000
..\..\..\Desktop\General\noesis\td_body
  6 -2.034928 5.818206 -3.609652 -0.841323 0.531859 0.096446 -1.201530 -0.994354 1 6 1.000000
  6 -0.000017 5.546403 -4.218554 -0.963447 -0.000006 0.267899 -0.993645 -1.020780 1 6 1.000000
  6 -1.009464 4.589263 -3.443420 -0.648204 0.248707 0.719706 -1.103300 -1.113850 1 6 1.000000
..\..\..\Desktop\General\noesis\td_body
  6 -0.000017 5.546403 -4.218554 -0.963447 -0.000006 0.267899 -0.993645 -1.020780 1 6 1.000000
  6 1.009436 4.589278 -3.443420 -0.648204 -0.248707 0.719706 -0.883987 -1.113850 1 6 1.000000
  6 -1.009464 4.589263 -3.443420 -0.648204 0.248707 0.719706 -1.103300 -1.113850 1 6 1.000000
..\..\..\Desktop\General\noesis\td_body
  6 -2.034928 5.818206 -3.609652 -0.841323 0.531859 0.096446 -1.201530 -0.994354 1 6 1.000000
  6 -1.009464 4.589263 -3.443420 -0.648204 0.248707 0.719706 -1.103300 -1.113850 1 6 1.000000
  6 -2.728365 4.957047 -2.515598 -0.328275 0.745730 0.579761 -1.290030 -1.078090 1 6 1.000000
..\..\..\Desktop\General\noesis\td_body
  6 -2.728365 4.957047 -2.515598 -0.328275 0.745730 0.579761 -1.290030 -1.078090 1 6 1.000000
  6 -1.009464 4.589263 -3.443420 -0.648204 0.248707 0.719706 -1.103300 -1.113850 1 6 1.000000
  6 -1.586782 4.116931 -1.960524 -0.061127 0.326418 0.943247 -1.234500 -1.159770 1 6 1.000000
..\..\..\Desktop\General\noesis\td_body
  6 1.009436 4.589278 -3.443420 -0.648204 -0.248707 0.719706 -0.883987 -1.113850 1 6 1.000000
  6 -0.000011 3.925799 -2.388846 -0.197879 -0.000000 0.980227 -0.993645 -1.222650 1 6 1.000000
  6 -1.009464 4.589263 -3.443420 -0.648204 0.248707 0.719706 -1.103300 -1.113850 1 6 1.000000
..\..\..\Desktop\General\noesis\td_body
  6 -1.586782 4.116931 -1.960524 -0.061127 0.326418 0.943247 -1.234500 -1.159770 1 6 1.000000
  6 -1.009464 4.589263 -3.443420 -0.648204 0.248707 0.719706 -1.103300 -1.113850 1 6 1.000000
  6 -0.000011 3.925799 -2.388846 -0.197879 -0.000000 0.980227 -0.993645 -1.222650 1 6 1.000000
..\..\..\Desktop\General\noesis\td_body
  6 1.586758 4.116955 -1.960524 -0.061127 -0.326418 0.943247 -0.752793 -1.159770 1 6 1.000000
  6 -0.000011 3.925799 -2.388846 -0.197879 -0.000000 0.980227 -0.993645 -1.222650 1 6 1.000000
  6 1.009436 4.589278 -3.443420 -0.648204 -0.248707 0.719706 -0.883987 -1.113850 1 6 1.000000
..\..\..\Desktop\General\noesis\td_body
  6 3.262922 5.788334 -0.583650 0.165330 -0.939976 0.298516 -2.999350 0.925207 1 6 1.000000
  6 2.618815 4.974398 -0.148441 0.358475 -0.595892 0.718616 -2.999240 0.818271 1 6 1.000000
  6 2.728335 4.957087 -2.515598 -0.328274 -0.745730 0.579761 -2.803950 0.926394 1 6 1.000000
..\..\..\Desktop\General\noesis\td_body
  6 3.289419 6.520129 -2.044527 -0.363578 -0.928717 -0.072766 -2.897090 1.043460 1 6 1.000000
  6 3.262922 5.788334 -0.583650 0.165330 -0.939976 0.298516 -2.999350 0.925207 1 6 1.000000
  6 2.728335 4.957087 -2.515598 -0.328274 -0.745730 0.579761 -2.803950 0.926394 1 6 1.000000
..\..\..\Desktop\General\noesis\td_body
  6 3.287776 7.490412 -0.125844 0.238659 -0.918929 -0.314025 -3.108290 1.043760 1 6 1.000000
  6 3.262922 5.788334 -0.583650 0.165330 -0.939976 0.298516 -2.999350 0.925207 1 6 1.000000
  6 3.289419 6.520129 -2.044527 -0.363578 -0.928717 -0.072766 -2.897090 1.043460 1 6 1.000000
..\..\..\Desktop\General\noesis\td_body
  6 3.287776 7.490412 -0.125844 0.238659 -0.918929 -0.314025 -3.108290 1.043760 1 6 1.000000
  6 2.638359 6.724392 1.182334 0.655445 -0.741524 0.143297 -3.194700 0.924026 1 6 1.000000
  6 3.262922 5.788334 -0.583650 0.165330 -0.939976 0.298516 -2.999350 0.925207 1 6 1.000000
..\..\..\Desktop\General\noesis\td_body
  6 2.638359 6.724392 1.182334 0.655445 -0.741524 0.143297 -3.194700 0.924026 1 6 1.000000
  6 2.618815 4.974398 -0.148441 0.358475 -0.595892 0.718616 -2.999240 0.818271 1 6 1.000000
  6 3.262922 5.788334 -0.583650 0.165330 -0.939976 0.298516 -2.999350 0.925207 1 6 1.000000
..\..\..\Desktop\General\noesis\td_body
  6 1.759343 8.185334 1.650086 0.661737 -0.531407 -0.528877 -3.315880 1.043760 1 6 1.000000
  6 2.638359 6.724392 1.182334 0.655445 -0.741524 0.143297 -3.194700 0.924026 1 6 1.000000
  6 3.287776 7.490412 -0.125844 0.238659 -0.918929 -0.314025 -3.108290 1.043760 1 6 1.000000
..\..\..\Desktop\General\noesis\td_body
  6 3.287776 7.490412 -0.125844 0.238659 -0.918929 -0.314025 -3.108290 1.043760 1 6 1.000000
  6 1.969431 8.912802 0.039648 0.234027 -0.519987 -0.821489 -3.210070 1.178640 1 6 1.000000
  6 1.759343 8.185334 1.650086 0.661737 -0.531407 -0.528877 -3.315880 1.043760 1 6 1.000000
..\..\..\Desktop\General\noesis\td_body
  6 3.287776 7.490412 -0.125844 0.238659 -0.918929 -0.314025 -3.108290 1.043760 1 6 1.000000
  6 2.791473 8.346374 -1.461914 -0.263989 -0.723205 -0.638189 -2.998940 1.180020 1 6 1.000000
  6 1.969431 8.912802 0.039648 0.234027 -0.519987 -0.821489 -3.210070 1.178640 1 6 1.000000
..\..\..\Desktop\General\noesis\td_body
  6 3.289419 6.520129 -2.044527 -0.363578 -0.928717 -0.072766 -2.897090 1.043460 1 6 1.000000
  6 2.791473 8.346374 -1.461914 -0.263989 -0.723205 -0.638189 -2.998940 1.180020 1 6 1.000000
  6 3.287776 7.490412 -0.125844 0.238659 -0.918929 -0.314025 -3.108290 1.043760 1 6 1.000000
..\..\..\Desktop\General\noesis\td_body
  6 3.289419 6.520129 -2.044527 -0.363578 -0.928717 -0.072766 -2.897090 1.043460 1 6 1.000000
  6 2.068556 7.524095 -3.175470 -0.739830 -0.523418 -0.422711 -2.795460 1.178150 1 6 1.000000
  6 2.791473 8.346374 -1.461914 -0.263989 -0.723205 -0.638189 -2.998940 1.180020 1 6 1.000000
..\..\..\Desktop\General\noesis\td_body
  6 3.289419 6.520129 -2.044527 -0.363578 -0.928717 -0.072766 -2.897090 1.043460 1 6 1.000000
  6 2.728335 4.957087 -2.515598 -0.328274 -0.745730 0.579761 -2.803950 0.926394 1 6 1.000000
  6 2.034892 5.818235 -3.609652 -0.841290 -0.531885 0.096591 -2.689400 1.048330 1 6 1.000000
..\..\..\Desktop\General\noesis\td_body
  6 3.289419 6.520129 -2.044527 -0.363578 -0.928717 -0.072766 -2.897090 1.043460 1 6 1.000000
  6 2.034892 5.818235 -3.609652 -0.841290 -0.531885 0.096591 -2.689400 1.048330 1 6 1.000000
  6 2.068556 7.524095 -3.175470 -0.739830 -0.523418 -0.422711 -2.795460 1.178150 1 6 1.000000
..\..\..\Desktop\General\noesis\td_body
  6 2.618815 4.974398 -0.148441 0.358475 -0.595892 0.718616 -2.999240 0.818271 1 6 1.000000
  6 1.586758 4.116955 -1.960524 -0.061127 -0.326418 0.943247 -2.798800 0.819510 1 6 1.000000
  6 2.728335 4.957087 -2.515598 -0.328274 -0.745730 0.579761 -2.803950 0.926394 1 6 1.000000
..\..\..\Desktop\General\noesis\td_body
  6 1.444172 5.782622 1.661948 0.751006 -0.358650 0.554400 -3.199490 0.817040 1 6 1.000000
  6 2.618815 4.974398 -0.148441 0.358475 -0.595892 0.718616 -2.999240 0.818271 1 6 1.000000
  6 2.638359 6.724392 1.182334 0.655445 -0.741524 0.143297 -3.194700 0.924026 1 6 1.000000
..\..\..\Desktop\General\noesis\td_body
  6 -3.262958 5.788286 -0.583650 0.165330 0.939976 0.298516 -2.999350 0.925207 1 6 1.000000
  6 -2.728365 4.957047 -2.515598 -0.328275 0.745730 0.579761 -2.803950 0.926394 1 6 1.000000
  6 -2.618845 4.974360 -0.148440 0.358475 0.595892 0.718616 -2.999240 0.818271 1 6 1.000000
..\..\..\Desktop\General\noesis\td_body
  6 -3.289461 6.520081 -2.044527 -0.363856 0.928199 -0.077822 -2.897090 1.043460 1 6 1.000000
  6 -2.728365 4.957047 -2.515598 -0.328275 0.745730 0.579761 -2.803950 0.926394 1 6 1.000000
  6 -3.262958 5.788286 -0.583650 0.165330 0.939976 0.298516 -2.999350 0.925207 1 6 1.000000
..\..\..\Desktop\General\noesis\td_body
  6 -3.287824 7.490364 -0.125844 0.234260 0.918692 -0.318004 -3.108290 1.043760 1 6 1.000000
  6 -3.289461 6.520081 -2.044527 -0.363856 0.928199 -0.077822 -2.897090 1.043460 1 6 1.000000
  6 -3.262958 5.788286 -0.583650 0.165330 0.939976 0.298516 -2.999350 0.925207 1 6 1.000000
..\..\..\Desktop\General\noesis\td_body
  6 -3.287824 7.490364 -0.125844 0.234260 0.918692 -0.318004 -3.108290 1.043760 1 6 1.000000
  6 -3.262958 5.788286 -0.583650 0.165330 0.939976 0.298516 -2.999350 0.925207 1 6 1.000000
  6 -2.638402 6.724354 1.182334 0.655445 0.741524 0.143297 -3.194700 0.924026 1 6 1.000000
..\..\..\Desktop\General\noesis\td_body
  6 -2.638402 6.724354 1.182334 0.655445 0.741524 0.143297 -3.194700 0.924026 1 6 1.000000
  6 -3.262958 5.788286 -0.583650 0.165330 0.939976 0.298516 -2.999350 0.925207 1 6 1.000000
  6 -2.618845 4.974360 -0.148440 0.358475 0.595892 0.718616 -2.999240 0.818271 1 6 1.000000
..\..\..\Desktop\General\noesis\td_body
  6 -1.759397 8.185309 1.650086 0.661655 0.531383 -0.529004 -3.315880 1.043760 1 6 1.000000
  6 -3.287824 7.490364 -0.125844 0.234260 0.918692 -0.318004 -3.108290 1.043760 1 6 1.000000
  6 -2.638402 6.724354 1.182334 0.655445 0.741524 0.143297 -3.194700 0.924026 1 6 1.000000
..\..\..\Desktop\General\noesis\td_body
  6 -1.968499 8.912774 0.039648 0.230643 0.522581 -0.820800 -3.210070 1.178640 1 6 1.000000
  6 -3.287824 7.490364 -0.125844 0.234260 0.918692 -0.318004 -3.108290 1.043760 1 6 1.000000
  6 -1.759397 8.185309 1.650086 0.661655 0.531383 -0.529004 -3.315880 1.043760 1 6 1.000000
..\..\..\Desktop\General\noesis\td_body
  6 -1.968499 8.912774 0.039648 0.230643 0.522581 -0.820800 -3.210070 1.178640 1 6 1.000000
  6 -2.761587 8.342194 -1.462624 -0.264976 0.723546 -0.637392 -2.998940 1.180020 1 6 1.000000
  6 -3.287824 7.490364 -0.125844 0.234260 0.918692 -0.318004 -3.108290 1.043760 1 6 1.000000
..\..\..\Desktop\General\noesis\td_body
  6 -3.287824 7.490364 -0.125844 0.234260 0.918692 -0.318004 -3.108290 1.043760 1 6 1.000000
  6 -2.761587 8.342194 -1.462624 -0.264976 0.723546 -0.637392 -2.998940 1.180020 1 6 1.000000
  6 -3.289461 6.520081 -2.044527 -0.363856 0.928199 -0.077822 -2.897090 1.043460 1 6 1.000000
..\..\..\Desktop\General\noesis\td_body
  6 -3.289461 6.520081 -2.044527 -0.363856 0.928199 -0.077822 -2.897090 1.043460 1 6 1.000000
  6 -2.761587 8.342194 -1.462624 -0.264976 0.723546 -0.637392 -2.998940 1.180020 1 6 1.000000
  6 -2.067614 7.524065 -3.175470 -0.737511 0.524824 -0.425016 -2.795460 1.178150 1 6 1.000000
..\..\..\Desktop\General\noesis\td_body
  6 -3.289461 6.520081 -2.044527 -0.363856 0.928199 -0.077822 -2.897090 1.043460 1 6 1.000000
  6 -2.034928 5.818206 -3.609652 -0.841323 0.531859 0.096446 -2.689400 1.048330 1 6 1.000000
  6 -2.728365 4.957047 -2.515598 -0.328275 0.745730 0.579761 -2.803950 0.926394 1 6 1.000000
..\..\..\Desktop\General\noesis\td_body
  6 -3.289461 6.520081 -2.044527 -0.363856 0.928199 -0.077822 -2.897090 1.043460 1 6 1.000000
  6 -2.067614 7.524065 -3.175470 -0.737511 0.524824 -0.425016 -2.795460 1.178150 1 6 1.000000
  6 -2.034928 5.818206 -3.609652 -0.841323 0.531859 0.096446 -2.689400 1.048330 1 6 1.000000
..\..\..\Desktop\General\noesis\td_body
  6 -2.618845 4.974360 -0.148440 0.358475 0.595892 0.718616 -2.999240 0.818271 1 6 1.000000
  6 -2.728365 4.957047 -2.515598 -0.328275 0.745730 0.579761 -2.803950 0.926394 1 6 1.000000
  6 -1.586782 4.116931 -1.960524 -0.061127 0.326418 0.943247 -2.798800 0.819510 1 6 1.000000
..\..\..\Desktop\General\noesis\td_body
  6 -1.444208 5.782602 1.661948 0.751006 0.358650 0.554401 -3.199490 0.817040 1 6 1.000000
  6 -2.638402 6.724354 1.182334 0.655445 0.741524 0.143297 -3.194700 0.924026 1 6 1.000000
  6 -2.618845 4.974360 -0.148440 0.358475 0.595892 0.718616 -2.999240 0.818271 1 6 1.000000
..\..\..\Desktop\General\noesis\td_body
  6 -2.761587 8.342194 -1.462624 -0.264976 0.723546 -0.637392 -1.274360 0.981163 1 6 1.000000
  6 -1.305188 8.474038 -2.716923 -0.578895 0.356139 -0.733516 -1.130390 1.108460 1 6 1.000000
  6 -2.067614 7.524065 -3.175470 -0.737511 0.524824 -0.425016 -1.205760 1.154990 1 6 1.000000
..\..\..\Desktop\General\noesis\td_body
  6 -2.067614 7.524065 -3.175470 -0.737511 0.524824 -0.425016 -1.205760 1.154990 1 6 1.000000
  6 -1.305188 8.474038 -2.716923 -0.578895 0.356139 -0.733516 -1.130390 1.108460 1 6 1.000000
  6 -0.000026 7.881461 -3.734018 -0.796645 0.000045 -0.604447 -1.001370 1.211680 1 6 1.000000
..\..\..\Desktop\General\noesis\td_body
  6 0.832494 3.129350 -0.187636 0.007546 -0.469588 0.882853 1.336890 0.565480 1 6 1.000000
  6 -0.000009 3.171216 1.219288 0.409161 -0.000000 0.912462 1.214240 0.603523 1 6 1.000000
  6 -0.000007 2.876561 -0.018769 -0.051085 -0.000000 0.998694 1.327920 0.603524 1 6 1.000000
..\..\..\Desktop\General\noesis\td_body
  6 -0.000009 3.171216 1.219288 0.409161 -0.000000 0.912462 1.214240 0.603523 1 6 1.000000
  6 0.832494 3.129350 -0.187636 0.007546 -0.469588 0.882853 1.336890 0.565480 1 6 1.000000
  6 0.775985 3.324454 1.061340 0.346419 -0.478091 0.807108 1.230430 0.568062 1 6 1.000000
..\..\..\Desktop\General\noesis\td_body
  6 0.775985 3.324454 1.061340 0.346419 -0.478091 0.807108 1.230430 0.568062 1 6 1.000000
  6 0.832494 3.129350 -0.187636 0.007546 -0.469588 0.882853 1.336890 0.565480 1 6 1.000000
  6 1.508939 3.761395 0.354549 0.134878 -0.865582 0.482261 1.290670 0.534568 1 6 1.000000
..\..\..\Desktop\General\noesis\td_body
  6 1.508939 3.761395 0.354549 0.134878 -0.865582 0.482261 1.290670 0.534568 1 6 1.000000
  6 0.832494 3.129350 -0.187636 0.007546 -0.469588 0.882853 1.336890 0.565480 1 6 1.000000
  6 1.414219 3.768707 -0.798089 -0.362720 -0.811996 0.457271 1.388920 0.538897 1 6 1.000000
..\..\..\Desktop\General\noesis\td_body
  6 0.832494 3.129350 -0.187636 0.007546 -0.469588 0.882853 1.336890 0.565480 1 6 1.000000
  6 0.602724 3.235419 -1.077690 -0.432710 -0.304259 0.848639 1.417680 0.571056 1 6 1.000000
  6 1.414219 3.768707 -0.798089 -0.362720 -0.811996 0.457271 1.388920 0.538897 1 6 1.000000
..\..\..\Desktop\General\noesis\td_body
  6 -0.000007 2.876561 -0.018769 -0.051085 -0.000000 0.998694 1.327920 0.603524 1 6 1.000000
  6 0.602724 3.235419 -1.077690 -0.432710 -0.304259 0.848639 1.417680 0.571056 1 6 1.000000
  6 0.832494 3.129350 -0.187636 0.007546 -0.469588 0.882853 1.336890 0.565480 1 6 1.000000
..\..\..\Desktop\General\noesis\td_body
  6 -0.602742 3.235411 -1.077690 -0.432710 0.304259 0.848639 1.417680 0.635991 1 6 1.000000
  6 0.602724 3.235419 -1.077690 -0.432710 -0.304259 0.848639 1.417680 0.571056 1 6 1.000000
  6 -0.000007 2.876561 -0.018769 -0.051085 -0.000000 0.998694 1.327920 0.603524 1 6 1.000000
..\..\..\Desktop\General\noesis\td_body
  6 -0.602742 3.235411 -1.077690 -0.432710 0.304259 0.848639 1.417680 0.635991 1 6 1.000000
  6 -0.580933 3.781797 -1.641126 -0.784774 0.404143 0.469891 1.456920 0.630070 1 6 1.000000
  6 0.602724 3.235419 -1.077690 -0.432710 -0.304259 0.848639 1.417680 0.571056 1 6 1.000000
..\..\..\Desktop\General\noesis\td_body
  6 -0.602742 3.235411 -1.077690 -0.432710 0.304259 0.848639 1.417680 0.635991 1 6 1.000000
  6 -1.414241 3.768687 -0.798089 -0.362720 0.811996 0.457271 1.388920 0.668150 1 6 1.000000
  6 -0.580933 3.781797 -1.641126 -0.784774 0.404143 0.469891 1.456920 0.630070 1 6 1.000000
..\..\..\Desktop\General\noesis\td_body
  6 -0.602742 3.235411 -1.077690 -0.432710 0.304259 0.848639 1.417680 0.635991 1 6 1.000000
  6 -0.000007 2.876561 -0.018769 -0.051085 -0.000000 0.998694 1.327920 0.603524 1 6 1.000000
  6 -0.832510 3.129338 -0.187636 0.007546 0.469588 0.882853 1.336880 0.641567 1 6 1.000000
..\..\..\Desktop\General\noesis\td_body
  6 -0.832510 3.129338 -0.187636 0.007546 0.469588 0.882853 1.336880 0.641567 1 6 1.000000
  6 -0.000007 2.876561 -0.018769 -0.051085 -0.000000 0.998694 1.327920 0.603524 1 6 1.000000
  6 -0.000009 3.171216 1.219288 0.409161 -0.000000 0.912462 1.214240 0.603523 1 6 1.000000
..\..\..\Desktop\General\noesis\td_body
  6 -0.832510 3.129338 -0.187636 0.007546 0.469588 0.882853 1.336880 0.641567 1 6 1.000000
  6 -1.414241 3.768687 -0.798089 -0.362720 0.811996 0.457271 1.388920 0.668150 1 6 1.000000
  6 -0.602742 3.235411 -1.077690 -0.432710 0.304259 0.848639 1.417680 0.635991 1 6 1.000000
..\..\..\Desktop\General\noesis\td_body
  6 -1.508961 3.761374 0.354549 0.134878 0.865582 0.482261 1.290670 0.672479 1 6 1.000000
  6 -1.414241 3.768687 -0.798089 -0.362720 0.811996 0.457271 1.388920 0.668150 1 6 1.000000
  6 -0.832510 3.129338 -0.187636 0.007546 0.469588 0.882853 1.336880 0.641567 1 6 1.000000
..\..\..\Desktop\General\noesis\td_body
  6 -0.776003 3.324443 1.061340 0.346419 0.478091 0.807108 1.230430 0.638985 1 6 1.000000
  6 -1.508961 3.761374 0.354549 0.134878 0.865582 0.482261 1.290670 0.672479 1 6 1.000000
  6 -0.832510 3.129338 -0.187636 0.007546 0.469588 0.882853 1.336880 0.641567 1 6 1.000000
..\..\..\Desktop\General\noesis\td_body
  6 -0.000009 3.171216 1.219288 0.409161 -0.000000 0.912462 1.214240 0.603523 1 6 1.000000
  6 -0.776003 3.324443 1.061340 0.346419 0.478091 0.807108 1.230430 0.638985 1 6 1.000000
  6 -0.832510 3.129338 -0.187636 0.007546 0.469588 0.882853 1.336880 0.641567 1 6 1.000000
..\..\..\Desktop\General\noesis\td_body
  6 1.644037 4.508001 -0.170823 -0.090137 -0.994732 -0.048830 -0.233328 0.590902 1 6 1.000000
  6 1.261827 4.508002 -1.209252 -0.573519 -0.818741 -0.027195 -0.208939 0.668614 1 6 1.000000
  6 1.387073 5.603646 0.561612 0.178874 -0.947983 -0.263312 -0.237836 0.718303 1 6 1.000000
..\..\..\Desktop\General\noesis\td_body
  6 1.414219 3.768707 -0.798089 -0.362720 -0.811996 0.457271 -0.223591 0.523380 1 6 1.000000
  6 1.261827 4.508002 -1.209252 -0.573519 -0.818741 -0.027195 -0.208939 0.668614 1 6 1.000000
  6 1.644037 4.508001 -0.170823 -0.090137 -0.994732 -0.048830 -0.233328 0.590902 1 6 1.000000
..\..\..\Desktop\General\noesis\td_body
  6 1.508939 3.761395 0.354549 0.134878 -0.865582 0.482261 -0.246060 0.467885 1 6 1.000000
  6 1.414219 3.768707 -0.798089 -0.362720 -0.811996 0.457271 -0.223591 0.523380 1 6 1.000000
  6 1.644037 4.508001 -0.170823 -0.090137 -0.994732 -0.048830 -0.233328 0.590902 1 6 1.000000
..\..\..\Desktop\General\noesis\td_body
  6 1.508939 3.761395 0.354549 0.134878 -0.865582 0.482261 -0.246060 0.467885 1 6 1.000000
  6 1.644037 4.508001 -0.170823 -0.090137 -0.994732 -0.048830 -0.233328 0.590902 1 6 1.000000
  6 1.495677 4.469886 0.767128 0.410749 -0.911658 -0.012856 -0.252091 0.517476 1 6 1.000000
..\..\..\Desktop\General\noesis\td_body
  6 1.644037 4.508001 -0.170823 -0.090137 -0.994732 -0.048830 -0.233328 0.590902 1 6 1.000000
  6 1.387073 5.603646 0.561612 0.178874 -0.947983 -0.263312 -0.237836 0.718303 1 6 1.000000
  6 1.495677 4.469886 0.767128 0.410749 -0.911658 -0.012856 -0.252091 0.517476 1 6 1.000000
..\..\..\Desktop\General\noesis\td_body
  6 1.495677 4.469886 0.767128 0.410749 -0.911658 -0.012856 -0.252091 0.517476 1 6 1.000000
  6 1.387073 5.603646 0.561612 0.178874 -0.947983 -0.263312 -0.237836 0.718303 1 6 1.000000
  6 0.882873 5.951180 1.056848 0.796711 -0.563625 -0.218125 -0.247370 0.732894 1 6 1.000000
..\..\..\Desktop\General\noesis\td_body
  6 0.925583 4.467889 1.420478 0.794644 -0.598118 -0.103899 -0.267060 0.466658 1 6 1.000000
  6 1.495677 4.469886 0.767128 0.410749 -0.911658 -0.012856 -0.252091 0.517476 1 6 1.000000
  6 0.882873 5.951180 1.056848 0.796711 -0.563625 -0.218125 -0.247370 0.732894 1 6 1.000000
..\..\..\Desktop\General\noesis\td_body
  6 1.196429 3.731455 1.131762 0.579987 -0.732888 0.355656 0.890963 0.552373 1 6 1.000000
  6 0.925583 4.467889 1.420478 0.794644 -0.598118 -0.103899 0.822102 0.671282 1 6 1.000000
  6 0.764158 3.881204 1.545344 0.873174 -0.459075 0.163762 0.796378 0.594421 1 6 1.000000
..\..\..\Desktop\General\noesis\td_body
  6 1.196429 3.731455 1.131762 0.579987 -0.732888 0.355656 0.890963 0.552373 1 6 1.000000
  6 1.495677 4.469886 0.767128 0.410749 -0.911658 -0.012856 1.020360 0.665012 1 6 1.000000
  6 0.925583 4.467889 1.420478 0.794644 -0.598118 -0.103899 0.822102 0.671282 1 6 1.000000
..\..\..\Desktop\General\noesis\td_body
  6 1.196429 3.731455 1.131762 0.579987 -0.732888 0.355656 0.890963 0.552373 1 6 1.000000
  6 1.508939 3.761395 0.354549 0.134878 -0.865582 0.482261 1.020360 0.492244 1 6 1.000000
  6 1.495677 4.469886 0.767128 0.410749 -0.911658 -0.012856 1.020360 0.665012 1 6 1.000000
..\..\..\Desktop\General\noesis\td_body
  6 0.775985 3.324454 1.061340 0.346419 -0.478091 0.807108 0.831970 0.500454 1 6 1.000000
  6 1.508939 3.761395 0.354549 0.134878 -0.865582 0.482261 1.020360 0.492244 1 6 1.000000
  6 1.196429 3.731455 1.131762 0.579987 -0.732888 0.355656 0.890963 0.552373 1 6 1.000000
..\..\..\Desktop\General\noesis\td_body
  6 1.196429 3.731455 1.131762 0.579987 -0.732888 0.355656 0.890963 0.552373 1 6 1.000000
  6 0.732460 3.552550 1.381892 0.672752 -0.394803 0.625728 0.814174 0.547438 1 6 1.000000
  6 0.775985 3.324454 1.061340 0.346419 -0.478091 0.807108 0.831970 0.500454 1 6 1.000000
..\..\..\Desktop\General\noesis\td_body
  6 1.196429 3.731455 1.131762 0.579987 -0.732888 0.355656 0.890963 0.552373 1 6 1.000000
  6 0.764158 3.881204 1.545344 0.873174 -0.459075 0.163762 0.796378 0.594421 1 6 1.000000
  6 0.732460 3.552550 1.381892 0.672752 -0.394803 0.625728 0.814174 0.547438 1 6 1.000000
..\..\..\Desktop\General\noesis\td_body
  6 -0.000013 4.520236 -2.130422 -0.963447 -0.000006 0.267899 0.237420 0.717992 1 6 1.000000
  6 1.261827 4.508002 -1.209252 -0.573519 -0.818741 -0.027195 0.237420 0.662942 1 6 1.000000
  6 0.580911 3.781805 -1.641126 -0.784774 -0.404143 0.469891 0.237420 0.567603 1 6 1.000000
..\..\..\Desktop\General\noesis\td_body
  6 -0.000013 4.520236 -2.130422 -0.963447 -0.000006 0.267899 0.237420 0.717992 1 6 1.000000
  6 0.580911 3.781805 -1.641126 -0.784774 -0.404143 0.469891 0.237420 0.567603 1 6 1.000000
  6 -0.580933 3.781797 -1.641126 -0.784774 0.404143 0.469891 0.237420 0.567603 1 6 1.000000
..\..\..\Desktop\General\noesis\td_body
  6 -0.000013 4.520236 -2.130422 -0.963447 -0.000006 0.267899 0.237420 0.717992 1 6 1.000000
  6 -0.580933 3.781797 -1.641126 -0.784774 0.404143 0.469891 0.237420 0.567603 1 6 1.000000
  6 -1.261853 4.507982 -1.209252 -0.573519 0.818741 -0.027195 0.237420 0.662942 1 6 1.000000
..\..\..\Desktop\General\noesis\td_body
  6 -0.580933 3.781797 -1.641126 -0.784774 0.404143 0.469891 0.237420 0.567603 1 6 1.000000
  6 -1.414241 3.768687 -0.798089 -0.362720 0.811996 0.457271 0.237420 0.533770 1 6 1.000000
  6 -1.261853 4.507982 -1.209252 -0.573519 0.818741 -0.027195 0.237420 0.662942 1 6 1.000000
..\..\..\Desktop\General\noesis\td_body
  6 0.580911 3.781805 -1.641126 -0.784774 -0.404143 0.469891 0.237420 0.567603 1 6 1.000000
  6 1.261827 4.508002 -1.209252 -0.573519 -0.818741 -0.027195 0.237420 0.662942 1 6 1.000000
  6 1.414219 3.768707 -0.798089 -0.362720 -0.811996 0.457271 0.237420 0.533770 1 6 1.000000
..\..\..\Desktop\General\noesis\td_body
  6 0.602724 3.235419 -1.077690 -0.432710 -0.304259 0.848639 1.417680 0.571056 1 6 1.000000
  6 0.580911 3.781805 -1.641126 -0.784774 -0.404143 0.469891 1.456920 0.576977 1 6 1.000000
  6 1.414219 3.768707 -0.798089 -0.362720 -0.811996 0.457271 1.388920 0.538897 1 6 1.000000
..\..\..\Desktop\General\noesis\td_body
  6 -0.580933 3.781797 -1.641126 -0.784774 0.404143 0.469891 1.456920 0.630070 1 6 1.000000
  6 0.580911 3.781805 -1.641126 -0.784774 -0.404143 0.469891 1.456920 0.576977 1 6 1.000000
  6 0.602724 3.235419 -1.077690 -0.432710 -0.304259 0.848639 1.417680 0.571056 1 6 1.000000
..\..\..\Desktop\General\noesis\td_body
  6 -1.644063 4.507977 -0.170823 -0.090137 0.994732 -0.048830 -0.233328 0.590902 1 6 1.000000
  6 -1.387107 5.603626 0.561611 0.178874 0.947983 -0.263312 -0.237836 0.718303 1 6 1.000000
  6 -1.261853 4.507982 -1.209252 -0.573519 0.818741 -0.027195 -0.208939 0.668614 1 6 1.000000
..\..\..\Desktop\General\noesis\td_body
  6 -1.414241 3.768687 -0.798089 -0.362720 0.811996 0.457271 -0.223591 0.523380 1 6 1.000000
  6 -1.644063 4.507977 -0.170823 -0.090137 0.994732 -0.048830 -0.233328 0.590902 1 6 1.000000
  6 -1.261853 4.507982 -1.209252 -0.573519 0.818741 -0.027195 -0.208939 0.668614 1 6 1.000000
..\..\..\Desktop\General\noesis\td_body
  6 -1.508961 3.761374 0.354549 0.134878 0.865582 0.482261 -0.246060 0.467885 1 6 1.000000
  6 -1.644063 4.507977 -0.170823 -0.090137 0.994732 -0.048830 -0.233328 0.590902 1 6 1.000000
  6 -1.414241 3.768687 -0.798089 -0.362720 0.811996 0.457271 -0.223591 0.523380 1 6 1.000000
..\..\..\Desktop\General\noesis\td_body
  6 -1.508961 3.761374 0.354549 0.134878 0.865582 0.482261 -0.246060 0.467885 1 6 1.000000
  6 -1.495703 4.469865 0.767128 0.410749 0.911658 -0.012856 -0.252091 0.517476 1 6 1.000000
  6 -1.644063 4.507977 -0.170823 -0.090137 0.994732 -0.048830 -0.233328 0.590902 1 6 1.000000
..\..\..\Desktop\General\noesis\td_body
  6 -1.644063 4.507977 -0.170823 -0.090137 0.994732 -0.048830 -0.233328 0.590902 1 6 1.000000
  6 -1.495703 4.469865 0.767128 0.410749 0.911658 -0.012856 -0.252091 0.517476 1 6 1.000000
  6 -1.387107 5.603626 0.561611 0.178874 0.947983 -0.263312 -0.237836 0.718303 1 6 1.000000
..\..\..\Desktop\General\noesis\td_body
  6 -0.882911 5.951168 1.056848 0.796711 0.563625 -0.218125 -0.247370 0.732894 1 6 1.000000
  6 -1.387107 5.603626 0.561611 0.178874 0.947983 -0.263312 -0.237836 0.718303 1 6 1.000000
  6 -1.495703 4.469865 0.767128 0.410749 0.911658 -0.012856 -0.252091 0.517476 1 6 1.000000
..\..\..\Desktop\General\noesis\td_body
  6 -0.925609 4.467875 1.420478 0.794644 0.598118 -0.103899 -0.267060 0.466658 1 6 1.000000
  6 -0.882911 5.951168 1.056848 0.796711 0.563625 -0.218125 -0.247370 0.732894 1 6 1.000000
  6 -1.495703 4.469865 0.767128 0.410749 0.911658 -0.012856 -0.252091 0.517476 1 6 1.000000
..\..\..\Desktop\General\noesis\td_body
  6 -1.196450 3.731438 1.131762 0.579987 0.732888 0.355655 0.890963 0.552373 1 6 1.000000
  6 -0.764180 3.881193 1.545344 0.873174 0.459075 0.163762 0.796378 0.594421 1 6 1.000000
  6 -0.925609 4.467875 1.420478 0.794644 0.598118 -0.103899 0.822102 0.671282 1 6 1.000000
..\..\..\Desktop\General\noesis\td_body
  6 -1.196450 3.731438 1.131762 0.579987 0.732888 0.355655 0.890963 0.552373 1 6 1.000000
  6 -0.925609 4.467875 1.420478 0.794644 0.598118 -0.103899 0.822102 0.671282 1 6 1.000000
  6 -1.495703 4.469865 0.767128 0.410749 0.911658 -0.012856 1.020360 0.665012 1 6 1.000000
..\..\..\Desktop\General\noesis\td_body
  6 -1.196450 3.731438 1.131762 0.579987 0.732888 0.355655 0.890963 0.552373 1 6 1.000000
  6 -1.495703 4.469865 0.767128 0.410749 0.911658 -0.012856 1.020360 0.665012 1 6 1.000000
  6 -1.508961 3.761374 0.354549 0.134878 0.865582 0.482261 1.020360 0.492244 1 6 1.000000
..\..\..\Desktop\General\noesis\td_body
  6 -0.776003 3.324443 1.061340 0.346419 0.478091 0.807108 0.831970 0.500454 1 6 1.000000
  6 -1.196450 3.731438 1.131762 0.579987 0.732888 0.355655 0.890963 0.552373 1 6 1.000000
  6 -1.508961 3.761374 0.354549 0.134878 0.865582 0.482261 1.020360 0.492244 1 6 1.000000
..\..\..\Desktop\General\noesis\td_body
  6 -1.196450 3.731438 1.131762 0.579987 0.732888 0.355655 0.890963 0.552373 1 6 1.000000
  6 -0.776003 3.324443 1.061340 0.346419 0.478091 0.807108 0.831970 0.500454 1 6 1.000000
  6 -0.732480 3.552539 1.381892 0.672752 0.394803 0.625728 0.814174 0.547438 1 6 1.000000
..\..\..\Desktop\General\noesis\td_body
  6 -1.196450 3.731438 1.131762 0.579987 0.732888 0.355655 0.890963 0.552373 1 6 1.000000
  6 -0.732480 3.552539 1.381892 0.672752 0.394803 0.625728 0.814174 0.547438 1 6 1.000000
  6 -0.764180 3.881193 1.545344 0.873174 0.459075 0.163762 0.796378 0.594421 1 6 1.000000
..\..\..\Desktop\General\noesis\td_body
  8 0.891564 0.199759 0.734246 -0.954093 -0.163880 0.250699 0.824398 0.348991 1 8 1.000000
  8 0.336403 0.421850 1.085343 -0.541498 0.099575 0.834784 0.791222 0.344757 1 8 1.000000
  8 1.097076 1.476296 1.091619 -0.834614 0.516843 0.190508 0.821839 0.310314 1 8 1.000000
..\..\..\Desktop\General\noesis\td_body
  8 1.525167 0.314081 0.783321 -0.927005 -0.035494 -0.373366 0.857916 0.341756 1 8 1.000000
  8 0.891564 0.199759 0.734246 -0.954093 -0.163880 0.250699 0.824398 0.348991 1 8 1.000000
  8 1.097076 1.476296 1.091619 -0.834614 0.516843 0.190508 0.821839 0.310314 1 8 1.000000
..\..\..\Desktop\General\noesis\td_body
  8 1.525167 0.314081 0.783321 -0.927005 -0.035494 -0.373366 0.857916 0.341756 1 8 1.000000
  8 1.097076 1.476296 1.091619 -0.834614 0.516843 0.190508 0.821839 0.310314 1 8 1.000000
  8 1.885486 1.379076 1.066465 -0.755420 0.326780 -0.567939 0.858637 0.308356 1 8 1.000000
..\..\..\Desktop\General\noesis\td_body
  8 1.785935 1.897120 1.556643 -0.272129 0.860993 -0.429693 0.842056 0.285364 1 8 1.000000
  8 1.885486 1.379076 1.066465 -0.755420 0.326780 -0.567939 0.858637 0.308356 1 8 1.000000
  8 1.097076 1.476296 1.091619 -0.834614 0.516843 0.190508 0.821839 0.310314 1 8 1.000000
..\..\..\Desktop\General\noesis\td_body
  8 1.785935 1.897120 1.556643 -0.272129 0.860993 -0.429693 0.842056 0.285364 1 8 1.000000
  8 1.097076 1.476296 1.091619 -0.834614 0.516843 0.190508 0.821839 0.310314 1 8 1.000000
  8 0.876964 1.969553 1.813217 -0.036721 0.928776 0.368818 0.794356 0.287175 1 8 1.000000
..\..\..\Desktop\General\noesis\td_body
  8 1.097076 1.476296 1.091619 -0.834614 0.516843 0.190508 0.821839 0.310314 1 8 1.000000
  8 0.434449 1.490420 1.491764 -0.397678 0.532803 0.746976 0.791359 0.310529 1 8 1.000000
  8 0.876964 1.969553 1.813217 -0.036721 0.928776 0.368818 0.794356 0.287175 1 8 1.000000
..\..\..\Desktop\General\noesis\td_body
  8 1.097076 1.476296 1.091619 -0.834614 0.516843 0.190508 0.821839 0.310314 1 8 1.000000
  8 0.336403 0.421850 1.085343 -0.541498 0.099575 0.834784 0.791222 0.344757 1 8 1.000000
  8 0.434449 1.490420 1.491764 -0.397678 0.532803 0.746976 0.791359 0.310529 1 8 1.000000
..\..\..\Desktop\General\noesis\td_body
  8 1.785935 1.897120 1.556643 -0.272129 0.860993 -0.429693 0.792917 0.204830 1 8 1.000000
  8 0.876964 1.969553 1.813217 -0.036721 0.928776 0.368818 0.792965 0.204830 1 8 1.000000
  8 1.465102 1.923262 2.242891 0.459853 0.866677 -0.193409 0.786437 0.150696 1 8 1.000000
..\..\..\Desktop\General\noesis\td_body
  8 1.785935 1.897120 1.556643 -0.272129 0.860993 -0.429693 0.792917 0.204830 1 8 1.000000
  8 1.465102 1.923262 2.242891 0.459853 0.866677 -0.193409 0.786437 0.150696 1 8 1.000000
  8 2.180102 1.346803 2.196226 0.566906 0.135537 -0.812556 0.817191 0.117657 1 8 1.000000
..\..\..\Desktop\General\noesis\td_body
  8 1.785935 1.897120 1.556643 -0.272129 0.860993 -0.429693 0.792917 0.204830 1 8 1.000000
  8 2.180102 1.346803 2.196226 0.566906 0.135537 -0.812556 0.817191 0.117657 1 8 1.000000
  8 2.213074 1.354934 1.649697 -0.216322 0.263641 -0.940052 0.822344 0.166888 1 8 1.000000
..\..\..\Desktop\General\noesis\td_body
  8 1.885486 1.379076 1.066465 -0.755420 0.326780 -0.567939 0.829813 0.228246 1 8 1.000000
  8 1.785935 1.897120 1.556643 -0.272129 0.860993 -0.429693 0.792917 0.204830 1 8 1.000000
  8 2.213074 1.354934 1.649697 -0.216322 0.263641 -0.940052 0.822344 0.166888 1 8 1.000000
..\..\..\Desktop\General\noesis\td_body
  8 2.213074 1.354934 1.649697 -0.216322 0.263641 -0.940052 0.822344 0.166888 1 8 1.000000
  8 2.180102 1.346803 2.196226 0.566906 0.135537 -0.812556 0.817191 0.117657 1 8 1.000000
  8 2.052975 0.505889 1.356965 -0.272385 -0.257561 -0.927075 0.879894 0.166197 1 8 1.000000
..\..\..\Desktop\General\noesis\td_body
  8 1.885486 1.379076 1.066465 -0.755420 0.326780 -0.567939 0.829813 0.228246 1 8 1.000000
  8 2.213074 1.354934 1.649697 -0.216322 0.263641 -0.940052 0.822344 0.166888 1 8 1.000000
  8 2.052975 0.505889 1.356965 -0.272385 -0.257561 -0.927075 0.879894 0.166197 1 8 1.000000
..\..\..\Desktop\General\noesis\td_body
  8 1.525167 0.314081 0.783321 -0.927005 -0.035494 -0.373366 0.902381 0.223367 1 8 1.000000
  8 1.885486 1.379076 1.066465 -0.755420 0.326780 -0.567939 0.829813 0.228246 1 8 1.000000
  8 2.052975 0.505889 1.356965 -0.272385 -0.257561 -0.927075 0.879894 0.166197 1 8 1.000000
..\..\..\Desktop\General\noesis\td_body
  8 1.525167 0.314081 0.783321 -0.927005 -0.035494 -0.373366 0.902381 0.223367 1 8 1.000000
  8 2.052975 0.505889 1.356965 -0.272385 -0.257561 -0.927075 0.879894 0.166197 1 8 1.000000
  8 1.502056 -0.439470 1.066221 -0.615563 -0.699821 -0.362400 0.946608 0.170707 1 8 1.000000
..\..\..\Desktop\General\noesis\td_body
  8 1.502056 -0.439470 1.066221 -0.615563 -0.699821 -0.362400 0.946608 0.170707 1 8 1.000000
  8 0.891564 0.199759 0.734246 -0.954093 -0.163880 0.250699 0.915190 0.238080 1 8 1.000000
  8 1.525167 0.314081 0.783321 -0.927005 -0.035494 -0.373366 0.902381 0.223367 1 8 1.000000
..\..\..\Desktop\General\noesis\td_body
  8 0.375389 -0.348790 1.384603 -0.273393 -0.567855 0.776400 0.946608 0.170707 1 8 1.000000
  8 0.891564 0.199759 0.734246 -0.954093 -0.163880 0.250699 0.915190 0.238080 1 8 1.000000
  8 1.502056 -0.439470 1.066221 -0.615563 -0.699821 -0.362400 0.946608 0.170707 1 8 1.000000
..\..\..\Desktop\General\noesis\td_body
  8 0.613704 -0.400440 1.885845 0.644931 -0.559247 0.520871 0.942470 0.117833 1 8 1.000000
  8 0.375389 -0.348790 1.384603 -0.273393 -0.567855 0.776400 0.946608 0.170707 1 8 1.000000
  8 1.502056 -0.439470 1.066221 -0.615563 -0.699821 -0.362400 0.946608 0.170707 1 8 1.000000
..\..\..\Desktop\General\noesis\td_body
  8 2.052975 0.505889 1.356965 -0.272385 -0.257561 -0.927075 0.879894 0.166197 1 8 1.000000
  8 2.180102 1.346803 2.196226 0.566906 0.135537 -0.812556 0.817191 0.117657 1 8 1.000000
  8 1.523464 -0.472540 1.629211 0.338775 -0.721705 -0.603634 0.942396 0.117833 1 8 1.000000
..\..\..\Desktop\General\noesis\td_body
  8 2.052975 0.505889 1.356965 -0.272385 -0.257561 -0.927075 0.879894 0.166197 1 8 1.000000
  8 1.523464 -0.472540 1.629211 0.338775 -0.721705 -0.603634 0.942396 0.117833 1 8 1.000000
  8 1.502056 -0.439470 1.066221 -0.615563 -0.699821 -0.362400 0.946608 0.170707 1 8 1.000000
..\..\..\Desktop\General\noesis\td_body
  8 1.523464 -0.472540 1.629211 0.338775 -0.721705 -0.603634 0.942396 0.117833 1 8 1.000000
  8 0.613704 -0.400440 1.885845 0.644931 -0.559247 0.520871 0.942470 0.117833 1 8 1.000000
  8 1.502056 -0.439470 1.066221 -0.615563 -0.699821 -0.362400 0.946608 0.170707 1 8 1.000000
..\..\..\Desktop\General\noesis\td_body
  8 2.180102 1.346803 2.196226 0.566906 0.135537 -0.812556 0.817191 0.117657 1 8 1.000000
  8 1.465102 1.923262 2.242891 0.459853 0.866677 -0.193409 0.786437 0.150696 1 8 1.000000
  8 1.546391 1.667735 2.475312 0.876764 0.388612 -0.283311 0.799232 0.118403 1 8 1.000000
..\..\..\Desktop\General\noesis\td_body
  8 1.546391 1.667735 2.475312 0.876764 0.388612 -0.283311 0.799232 0.118403 1 8 1.000000
  8 1.465102 1.923262 2.242891 0.459853 0.866677 -0.193409 0.786437 0.150696 1 8 1.000000
  8 0.820614 1.456072 2.580337 0.919531 0.297776 0.256500 0.817201 0.117657 1 8 1.000000
..\..\..\Desktop\General\noesis\td_body
  8 1.465102 1.923262 2.242891 0.459853 0.866677 -0.193409 0.786437 0.150696 1 8 1.000000
  8 0.876964 1.969553 1.813217 -0.036721 0.928776 0.368818 0.792965 0.204830 1 8 1.000000
  8 0.820614 1.456072 2.580337 0.919531 0.297776 0.256500 0.817201 0.117657 1 8 1.000000
..\..\..\Desktop\General\noesis\td_body
  8 0.452603 1.496627 2.147174 0.316274 0.229958 0.920375 0.822344 0.166888 1 8 1.000000
  8 0.613704 -0.400440 1.885845 0.644931 -0.559247 0.520871 0.942470 0.117833 1 8 1.000000
  8 0.820614 1.456072 2.580337 0.919531 0.297776 0.256500 0.817201 0.117657 1 8 1.000000
..\..\..\Desktop\General\noesis\td_body
  8 0.452603 1.496627 2.147174 0.316274 0.229958 0.920375 0.822344 0.166888 1 8 1.000000
  8 0.375389 -0.348790 1.384603 -0.273393 -0.567855 0.776400 0.946608 0.170707 1 8 1.000000
  8 0.613704 -0.400440 1.885845 0.644931 -0.559247 0.520871 0.942470 0.117833 1 8 1.000000
..\..\..\Desktop\General\noesis\td_body
  8 0.820614 1.456072 2.580337 0.919531 0.297776 0.256500 0.817201 0.117657 1 8 1.000000
  8 0.876964 1.969553 1.813217 -0.036721 0.928776 0.368818 0.792965 0.204830 1 8 1.000000
  8 0.452603 1.496627 2.147174 0.316274 0.229958 0.920375 0.822344 0.166888 1 8 1.000000
..\..\..\Desktop\General\noesis\td_body
  8 0.375389 -0.348790 1.384603 -0.273393 -0.567855 0.776400 0.946608 0.170707 1 8 1.000000
  8 0.336403 0.421850 1.085343 -0.541498 0.099575 0.834784 0.901993 0.226890 1 8 1.000000
  8 0.891564 0.199759 0.734246 -0.954093 -0.163880 0.250699 0.915190 0.238080 1 8 1.000000
..\..\..\Desktop\General\noesis\td_body
  8 0.452603 1.496627 2.147174 0.316274 0.229958 0.920375 0.822344 0.166888 1 8 1.000000
  8 0.336403 0.421850 1.085343 -0.541498 0.099575 0.834784 0.901993 0.226890 1 8 1.000000
  8 0.375389 -0.348790 1.384603 -0.273393 -0.567855 0.776400 0.946608 0.170707 1 8 1.000000
..\..\..\Desktop\General\noesis\td_body
  8 0.434449 1.490420 1.491764 -0.397678 0.532803 0.746976 0.829988 0.226659 1 8 1.000000
  8 0.452603 1.496627 2.147174 0.316274 0.229958 0.920375 0.822344 0.166888 1 8 1.000000
  8 0.876964 1.969553 1.813217 -0.036721 0.928776 0.368818 0.792965 0.204830 1 8 1.000000
..\..\..\Desktop\General\noesis\td_body
  8 0.434449 1.490420 1.491764 -0.397678 0.532803 0.746976 0.829988 0.226659 1 8 1.000000
  8 0.336403 0.421850 1.085343 -0.541498 0.099575 0.834784 0.901993 0.226890 1 8 1.000000
  8 0.452603 1.496627 2.147174 0.316274 0.229958 0.920375 0.822344 0.166888 1 8 1.000000
..\..\..\Desktop\General\noesis\td_body
  8 2.180102 1.346803 2.196226 0.566906 0.135537 -0.812556 1.221860 -0.089143 1 8 1.000000
  8 0.820614 1.456072 2.580337 0.919531 0.297776 0.256500 1.033180 -0.088979 1 8 1.000000
  8 1.523464 -0.472540 1.629211 0.338775 -0.721705 -0.603634 1.199280 0.113691 1 8 1.000000
..\..\..\Desktop\General\noesis\td_body
  8 2.180102 1.346803 2.196226 0.566906 0.135537 -0.812556 1.221860 -0.089143 1 8 1.000000
  8 1.546391 1.667735 2.475312 0.876764 0.388612 -0.283311 1.128750 -0.120817 1 8 1.000000
  8 0.820614 1.456072 2.580337 0.919531 0.297776 0.256500 1.033180 -0.088979 1 8 1.000000
..\..\..\Desktop\General\noesis\td_body
  8 0.820614 1.456072 2.580337 0.919531 0.297776 0.256500 1.033180 -0.088979 1 8 1.000000
  8 0.613704 -0.400440 1.885845 0.644931 -0.559247 0.520871 1.044230 0.113816 1 8 1.000000
  8 1.523464 -0.472540 1.629211 0.338775 -0.721705 -0.603634 1.199280 0.113691 1 8 1.000000
..\..\..\Desktop\General\noesis\td_body
  8 -0.891570 0.199759 0.734233 -0.954093 -0.163880 -0.250699 0.824398 0.348991 1 8 1.000000
  8 -1.097084 1.476296 1.091603 -0.834614 0.516843 -0.190508 0.821839 0.310314 1 8 1.000000
  8 -0.336411 0.421850 1.085338 -0.541498 0.099575 -0.834784 0.791222 0.344757 1 8 1.000000
..\..\..\Desktop\General\noesis\td_body
  8 -1.525173 0.314081 0.783299 -0.927005 -0.035494 0.373366 0.857916 0.341756 1 8 1.000000
  8 -1.097084 1.476296 1.091603 -0.834614 0.516843 -0.190508 0.821839 0.310314 1 8 1.000000
  8 -0.891570 0.199759 0.734233 -0.954093 -0.163880 -0.250699 0.824398 0.348991 1 8 1.000000
..\..\..\Desktop\General\noesis\td_body
  8 -1.525173 0.314081 0.783299 -0.927005 -0.035494 0.373366 0.857916 0.341756 1 8 1.000000
  8 -1.885494 1.379076 1.066437 -0.755420 0.326780 0.567939 0.858637 0.308356 1 8 1.000000
  8 -1.097084 1.476296 1.091603 -0.834614 0.516843 -0.190508 0.821839 0.310314 1 8 1.000000
..\..\..\Desktop\General\noesis\td_body
  8 -1.785946 1.897120 1.556618 -0.272129 0.860993 0.429693 0.842056 0.285364 1 8 1.000000
  8 -1.097084 1.476296 1.091603 -0.834614 0.516843 -0.190508 0.821839 0.310314 1 8 1.000000
  8 -1.885494 1.379076 1.066437 -0.755420 0.326780 0.567939 0.858637 0.308356 1 8 1.000000
..\..\..\Desktop\General\noesis\td_body
  8 -1.785946 1.897120 1.556618 -0.272129 0.860993 0.429693 0.842056 0.285364 1 8 1.000000
  8 -0.876976 1.969553 1.813205 -0.036721 0.928776 -0.368818 0.794356 0.287175 1 8 1.000000
  8 -1.097084 1.476296 1.091603 -0.834614 0.516843 -0.190508 0.821839 0.310314 1 8 1.000000
..\..\..\Desktop\General\noesis\td_body
  8 -1.097084 1.476296 1.091603 -0.834614 0.516843 -0.190508 0.821839 0.310314 1 8 1.000000
  8 -0.876976 1.969553 1.813205 -0.036721 0.928776 -0.368818 0.794356 0.287175 1 8 1.000000
  8 -0.434460 1.490420 1.491757 -0.397678 0.532803 -0.746976 0.791359 0.310529 1 8 1.000000
..\..\..\Desktop\General\noesis\td_body
  8 -1.097084 1.476296 1.091603 -0.834614 0.516843 -0.190508 0.821839 0.310314 1 8 1.000000
  8 -0.434460 1.490420 1.491757 -0.397678 0.532803 -0.746976 0.791359 0.310529 1 8 1.000000
  8 -0.336411 0.421850 1.085338 -0.541498 0.099575 -0.834784 0.791222 0.344757 1 8 1.000000
..\..\..\Desktop\General\noesis\td_body
  8 -1.785946 1.897120 1.556618 -0.272129 0.860993 0.429693 0.792917 0.204830 1 8 1.000000
  8 -1.465118 1.923262 2.242871 0.459853 0.866677 0.193409 0.786437 0.150696 1 8 1.000000
  8 -0.876976 1.969553 1.813205 -0.036721 0.928776 -0.368818 0.792965 0.204830 1 8 1.000000
..\..\..\Desktop\General\noesis\td_body
  8 -1.785946 1.897120 1.556618 -0.272129 0.860993 0.429693 0.792917 0.204830 1 8 1.000000
  8 -2.180118 1.346803 2.196195 0.566906 0.135537 0.812556 0.817191 0.117657 1 8 1.000000
  8 -1.465118 1.923262 2.242871 0.459853 0.866677 0.193409 0.786437 0.150696 1 8 1.000000
..\..\..\Desktop\General\noesis\td_body
  8 -1.785946 1.897120 1.556618 -0.272129 0.860993 0.429693 0.792917 0.204830 1 8 1.000000
  8 -2.213086 1.354934 1.649665 -0.216322 0.263641 0.940052 0.822344 0.166888 1 8 1.000000
  8 -2.180118 1.346803 2.196195 0.566906 0.135537 0.812556 0.817191 0.117657 1 8 1.000000
..\..\..\Desktop\General\noesis\td_body
  8 -1.885494 1.379076 1.066437 -0.755420 0.326780 0.567939 0.829813 0.228246 1 8 1.000000
  8 -2.213086 1.354934 1.649665 -0.216322 0.263641 0.940052 0.822344 0.166888 1 8 1.000000
  8 -1.785946 1.897120 1.556618 -0.272129 0.860993 0.429693 0.792917 0.204830 1 8 1.000000
..\..\..\Desktop\General\noesis\td_body
  8 -2.213086 1.354934 1.649665 -0.216322 0.263641 0.940052 0.822344 0.166888 1 8 1.000000
  8 -2.052985 0.505889 1.356936 -0.272385 -0.257561 0.927075 0.879894 0.166197 1 8 1.000000
  8 -2.180118 1.346803 2.196195 0.566906 0.135537 0.812556 0.817191 0.117657 1 8 1.000000
..\..\..\Desktop\General\noesis\td_body
  8 -1.885494 1.379076 1.066437 -0.755420 0.326780 0.567939 0.829813 0.228246 1 8 1.000000
  8 -2.052985 0.505889 1.356936 -0.272385 -0.257561 0.927075 0.879894 0.166197 1 8 1.000000
  8 -2.213086 1.354934 1.649665 -0.216322 0.263641 0.940052 0.822344 0.166888 1 8 1.000000
..\..\..\Desktop\General\noesis\td_body
  8 -1.525173 0.314081 0.783299 -0.927005 -0.035494 0.373366 0.902381 0.223367 1 8 1.000000
  8 -2.052985 0.505889 1.356936 -0.272385 -0.257561 0.927075 0.879894 0.166197 1 8 1.000000
  8 -1.885494 1.379076 1.066437 -0.755420 0.326780 0.567939 0.829813 0.228246 1 8 1.000000
..\..\..\Desktop\General\noesis\td_body
  8 -1.525173 0.314081 0.783299 -0.927005 -0.035494 0.373366 0.902381 0.223367 1 8 1.000000
  8 -1.502064 -0.439470 1.066200 -0.615563 -0.699821 0.362400 0.946608 0.170707 1 8 1.000000
  8 -2.052985 0.505889 1.356936 -0.272385 -0.257561 0.927075 0.879894 0.166197 1 8 1.000000
..\..\..\Desktop\General\noesis\td_body
  8 -1.502064 -0.439470 1.066200 -0.615563 -0.699821 0.362400 0.946608 0.170707 1 8 1.000000
  8 -1.525173 0.314081 0.783299 -0.927005 -0.035494 0.373366 0.902381 0.223367 1 8 1.000000
  8 -0.891570 0.199759 0.734233 -0.954093 -0.163880 -0.250699 0.915190 0.238080 1 8 1.000000
..\..\..\Desktop\General\noesis\td_body
  8 -0.375399 -0.348790 1.384598 -0.273393 -0.567855 -0.776400 0.946608 0.170707 1 8 1.000000
  8 -1.502064 -0.439470 1.066200 -0.615563 -0.699821 0.362400 0.946608 0.170707 1 8 1.000000
  8 -0.891570 0.199759 0.734233 -0.954093 -0.163880 -0.250699 0.915190 0.238080 1 8 1.000000
..\..\..\Desktop\General\noesis\td_body
  8 -1.502064 -0.439470 1.066200 -0.615563 -0.699821 0.362400 0.946608 0.170707 1 8 1.000000
  8 -0.375399 -0.348790 1.384598 -0.273393 -0.567855 -0.776400 0.946608 0.170707 1 8 1.000000
  8 -0.613718 -0.400440 1.885837 0.644931 -0.559247 -0.520871 0.942470 0.117833 1 8 1.000000
..\..\..\Desktop\General\noesis\td_body
  8 -2.052985 0.505889 1.356936 -0.272385 -0.257561 0.927075 0.879894 0.166197 1 8 1.000000
  8 -1.502064 -0.439470 1.066200 -0.615563 -0.699821 0.362400 0.946608 0.170707 1 8 1.000000
  8 -1.523476 -0.472540 1.629189 0.338775 -0.721705 0.603634 0.942396 0.117833 1 8 1.000000
..\..\..\Desktop\General\noesis\td_body
  8 -1.523476 -0.472540 1.629189 0.338775 -0.721705 0.603634 0.942396 0.117833 1 8 1.000000
  8 -1.502064 -0.439470 1.066200 -0.615563 -0.699821 0.362400 0.946608 0.170707 1 8 1.000000
  8 -0.613718 -0.400440 1.885837 0.644931 -0.559247 -0.520871 0.942470 0.117833 1 8 1.000000
..\..\..\Desktop\General\noesis\td_body
  8 -2.052985 0.505889 1.356936 -0.272385 -0.257561 0.927075 0.879894 0.166197 1 8 1.000000
  8 -1.523476 -0.472540 1.629189 0.338775 -0.721705 0.603634 0.942396 0.117833 1 8 1.000000
  8 -2.180118 1.346803 2.196195 0.566906 0.135537 0.812556 0.817191 0.117657 1 8 1.000000
..\..\..\Desktop\General\noesis\td_body
  8 -2.180118 1.346803 2.196195 0.566906 0.135537 0.812556 0.817191 0.117657 1 8 1.000000
  8 -1.546409 1.667735 2.475290 0.876764 0.388612 0.283311 0.799232 0.118403 1 8 1.000000
  8 -1.465118 1.923262 2.242871 0.459853 0.866677 0.193409 0.786437 0.150696 1 8 1.000000
..\..\..\Desktop\General\noesis\td_body
  8 -1.465118 1.923262 2.242871 0.459853 0.866677 0.193409 0.786437 0.150696 1 8 1.000000
  8 -0.820632 1.456072 2.580325 0.919531 0.297776 -0.256500 0.817201 0.117657 1 8 1.000000
  8 -0.876976 1.969553 1.813205 -0.036721 0.928776 -0.368818 0.792965 0.204830 1 8 1.000000
..\..\..\Desktop\General\noesis\td_body
  8 -1.546409 1.667735 2.475290 0.876764 0.388612 0.283311 0.799232 0.118403 1 8 1.000000
  8 -0.820632 1.456072 2.580325 0.919531 0.297776 -0.256500 0.817201 0.117657 1 8 1.000000
  8 -1.465118 1.923262 2.242871 0.459853 0.866677 0.193409 0.786437 0.150696 1 8 1.000000
..\..\..\Desktop\General\noesis\td_body
  8 -0.452619 1.496627 2.147167 0.316274 0.229958 -0.920375 0.822344 0.166888 1 8 1.000000
  8 -0.820632 1.456072 2.580325 0.919531 0.297776 -0.256500 0.817201 0.117657 1 8 1.000000
  8 -0.613718 -0.400440 1.885837 0.644931 -0.559247 -0.520871 0.942470 0.117833 1 8 1.000000
..\..\..\Desktop\General\noesis\td_body
  8 -0.452619 1.496627 2.147167 0.316274 0.229958 -0.920375 0.822344 0.166888 1 8 1.000000
  8 -0.613718 -0.400440 1.885837 0.644931 -0.559247 -0.520871 0.942470 0.117833 1 8 1.000000
  8 -0.375399 -0.348790 1.384598 -0.273393 -0.567855 -0.776400 0.946608 0.170707 1 8 1.000000
..\..\..\Desktop\General\noesis\td_body
  8 -0.820632 1.456072 2.580325 0.919531 0.297776 -0.256500 0.817201 0.117657 1 8 1.000000
  8 -0.452619 1.496627 2.147167 0.316274 0.229958 -0.920375 0.822344 0.166888 1 8 1.000000
  8 -0.876976 1.969553 1.813205 -0.036721 0.928776 -0.368818 0.792965 0.204830 1 8 1.000000
..\..\..\Desktop\General\noesis\td_body
  8 -0.375399 -0.348790 1.384598 -0.273393 -0.567855 -0.776400 0.946608 0.170707 1 8 1.000000
  8 -0.891570 0.199759 0.734233 -0.954093 -0.163880 -0.250699 0.915190 0.238080 1 8 1.000000
  8 -0.336411 0.421850 1.085338 -0.541498 0.099575 -0.834784 0.901993 0.226890 1 8 1.000000
..\..\..\Desktop\General\noesis\td_body
  8 -0.452619 1.496627 2.147167 0.316274 0.229958 -0.920375 0.822344 0.166888 1 8 1.000000
  8 -0.375399 -0.348790 1.384598 -0.273393 -0.567855 -0.776400 0.946608 0.170707 1 8 1.000000
  8 -0.336411 0.421850 1.085338 -0.541498 0.099575 -0.834784 0.901993 0.226890 1 8 1.000000
..\..\..\Desktop\General\noesis\td_body
  8 -0.434460 1.490420 1.491757 -0.397678 0.532803 -0.746976 0.829988 0.226659 1 8 1.000000
  8 -0.452619 1.496627 2.147167 0.316274 0.229958 -0.920375 0.822344 0.166888 1 8 1.000000
  8 -0.336411 0.421850 1.085338 -0.541498 0.099575 -0.834784 0.901993 0.226890 1 8 1.000000
..\..\..\Desktop\General\noesis\td_body
  8 -0.434460 1.490420 1.491757 -0.397678 0.532803 -0.746976 0.829988 0.226659 1 8 1.000000
  8 -0.876976 1.969553 1.813205 -0.036721 0.928776 -0.368818 0.792965 0.204830 1 8 1.000000
  8 -0.452619 1.496627 2.147167 0.316274 0.229958 -0.920375 0.822344 0.166888 1 8 1.000000
..\..\..\Desktop\General\noesis\td_body
  8 -2.180118 1.346803 2.196195 0.566906 0.135537 0.812556 1.221860 -0.089143 1 8 1.000000
  8 -1.523476 -0.472540 1.629189 0.338775 -0.721705 0.603634 1.199280 0.113691 1 8 1.000000
  8 -0.820632 1.456072 2.580325 0.919531 0.297776 -0.256500 1.033180 -0.088979 1 8 1.000000
..\..\..\Desktop\General\noesis\td_body
  8 -2.180118 1.346803 2.196195 0.566906 0.135537 0.812556 1.221860 -0.089143 1 8 1.000000
  8 -0.820632 1.456072 2.580325 0.919531 0.297776 -0.256500 1.033180 -0.088979 1 8 1.000000
  8 -1.546409 1.667735 2.475290 0.876764 0.388612 0.283311 1.128750 -0.120817 1 8 1.000000
..\..\..\Desktop\General\noesis\td_body
  8 -1.523476 -0.472540 1.629189 0.338775 -0.721705 0.603634 1.199280 0.113691 1 8 1.000000
  8 -0.613718 -0.400440 1.885837 0.644931 -0.559247 -0.520871 1.044230 0.113816 1 8 1.000000
  8 -0.820632 1.456072 2.580325 0.919531 0.297776 -0.256500 1.033180 -0.088979 1 8 1.000000
..\..\..\Desktop\General\noesis\td_body
  7 1.743619 1.153100 -0.474149 0.161192 -0.899225 -0.406708 0.160083 0.350901 1 7 1.000000
  9 1.627990 0.423175 -0.437798 0.822935 -0.474423 -0.312571 0.160770 0.316129 1 9 1.000000
  7 0.652613 1.003939 -1.328840 0.033019 -0.320748 -0.946589 0.200842 0.350901 1 7 1.000000
..\..\..\Desktop\General\noesis\td_body
  9 1.623010 0.533654 0.554537 0.849125 -0.412645 0.329714 0.127319 0.322506 1 9 1.000000
  9 1.627990 0.423175 -0.437798 0.822935 -0.474423 -0.312571 0.160770 0.316129 1 9 1.000000
  7 1.743619 1.153100 -0.474149 0.161192 -0.899225 -0.406708 0.160083 0.350901 1 7 1.000000
..\..\..\Desktop\General\noesis\td_body
  7 1.691298 1.318153 0.588128 0.206577 -0.919436 0.334610 0.126751 0.350901 1 7 1.000000
  9 1.623010 0.533654 0.554537 0.849125 -0.412645 0.329714 0.127319 0.322506 1 9 1.000000
  7 1.743619 1.153100 -0.474149 0.161192 -0.899225 -0.406708 0.160083 0.350901 1 7 1.000000
..\..\..\Desktop\General\noesis\td_body
  9 0.955317 0.533789 1.345990 0.474289 -0.488895 0.732142 0.088915 0.322506 1 9 1.000000
  9 1.623010 0.533654 0.554537 0.849125 -0.412645 0.329714 0.127319 0.322506 1 9 1.000000
  7 1.691298 1.318153 0.588128 0.206577 -0.919436 0.334610 0.126751 0.350901 1 7 1.000000
..\..\..\Desktop\General\noesis\td_body
  7 1.084428 1.410660 1.365270 0.145379 -0.541948 0.827743 0.091191 0.350901 1 7 1.000000
  9 0.955317 0.533789 1.345990 0.474289 -0.488895 0.732142 0.088915 0.322506 1 9 1.000000
  7 1.691298 1.318153 0.588128 0.206577 -0.919436 0.334610 0.126751 0.350901 1 7 1.000000
..\..\..\Desktop\General\noesis\td_body
  9 0.955317 0.533789 1.345990 0.474289 -0.488895 0.732142 0.088915 0.322506 1 9 1.000000
  7 1.084428 1.410660 1.365270 0.145379 -0.541948 0.827743 0.091191 0.350901 1 7 1.000000
  7 -0.000002 1.436733 1.656550 0.134033 -0.244686 0.960294 0.048411 0.350901 1 7 1.000000
..\..\..\Desktop\General\noesis\td_body
  9 0.000000 0.538607 1.570360 0.221478 -0.340869 0.913650 0.048411 0.322506 1 9 1.000000
  9 0.955317 0.533789 1.345990 0.474289 -0.488895 0.732142 0.088915 0.322506 1 9 1.000000
  7 -0.000002 1.436733 1.656550 0.134033 -0.244686 0.960294 0.048411 0.350901 1 7 1.000000
..\..\..\Desktop\General\noesis\td_body
  9 0.000000 -0.167644 1.052400 0.186207 -0.888554 0.419285 0.073205 0.264314 1 9 1.000000
  9 0.955317 0.533789 1.345990 0.474289 -0.488895 0.732142 0.088915 0.322506 1 9 1.000000
  9 0.000000 0.538607 1.570360 0.221478 -0.340869 0.913650 0.048411 0.322506 1 9 1.000000
..\..\..\Desktop\General\noesis\td_body
  9 0.955317 0.533789 1.345990 0.474289 -0.488895 0.732142 0.088915 0.322506 1 9 1.000000
  9 1.175440 -0.129748 0.098893 0.432277 -0.901735 0.003106 0.146142 0.295697 1 9 1.000000
  9 1.623010 0.533654 0.554537 0.849125 -0.412645 0.329714 0.127319 0.322506 1 9 1.000000
..\..\..\Desktop\General\noesis\td_body
  9 1.175440 -0.129748 0.098893 0.432277 -0.901735 0.003106 0.146142 0.295697 1 9 1.000000
  9 1.627990 0.423175 -0.437798 0.822935 -0.474423 -0.312571 0.160770 0.316129 1 9 1.000000
  9 1.623010 0.533654 0.554537 0.849125 -0.412645 0.329714 0.127319 0.322506 1 9 1.000000
..\..\..\Desktop\General\noesis\td_body
  9 0.955317 0.533789 1.345990 0.474289 -0.488895 0.732142 0.088915 0.322506 1 9 1.000000
  9 0.000000 -0.167644 1.052400 0.186207 -0.888554 0.419285 0.073205 0.264314 1 9 1.000000
  9 1.175440 -0.129748 0.098893 0.432277 -0.901735 0.003106 0.146142 0.295697 1 9 1.000000
..\..\..\Desktop\General\noesis\td_body
  9 0.000000 -0.167644 1.052400 0.186207 -0.888554 0.419285 0.073205 0.264314 1 9 1.000000
  9 0.000000 0.180319 -1.094780 0.396057 -0.610134 -0.686204 0.197383 0.302043 1 9 1.000000
  9 1.175440 -0.129748 0.098893 0.432277 -0.901735 0.003106 0.146142 0.295697 1 9 1.000000
..\..\..\Desktop\General\noesis\td_body
  7 0.652613 1.003939 -1.328840 0.033019 -0.320748 -0.946589 0.200842 0.350901 1 7 1.000000
  9 1.627990 0.423175 -0.437798 0.822935 -0.474423 -0.312571 0.160770 0.316129 1 9 1.000000
  9 0.000000 0.180319 -1.094780 0.396057 -0.610134 -0.686204 0.197383 0.302043 1 9 1.000000
..\..\..\Desktop\General\noesis\td_body
  9 0.000000 0.180319 -1.094780 0.396057 -0.610134 -0.686204 0.197383 0.302043 1 9 1.000000
  9 1.627990 0.423175 -0.437798 0.822935 -0.474423 -0.312571 0.160770 0.316129 1 9 1.000000
  9 1.175440 -0.129748 0.098893 0.432277 -0.901735 0.003106 0.146142 0.295697 1 9 1.000000
..\..\..\Desktop\General\noesis\td_body
  9 0.000000 -0.167644 1.052400 0.186207 -0.888554 0.419285 0.073205 0.264314 1 9 1.000000
  9 -1.175440 -0.129748 0.098893 -0.432277 -0.901735 0.003106 0.146142 0.295697 1 9 1.000000
  9 0.000000 0.180319 -1.094780 0.396057 -0.610134 -0.686204 0.197383 0.302043 1 9 1.000000
..\..\..\Desktop\General\noesis\td_body
  9 0.000000 -0.167644 1.052400 0.186207 -0.888554 0.419285 0.073205 0.264314 1 9 1.000000
  9 0.000000 0.538607 1.570360 0.221478 -0.340869 0.913650 0.048411 0.322506 1 9 1.000000
  9 -0.955317 0.533789 1.345990 -0.474289 -0.488895 0.732142 0.088915 0.322506 1 9 1.000000
..\..\..\Desktop\General\noesis\td_body
  9 -0.955317 0.533789 1.345990 -0.474289 -0.488895 0.732142 0.088915 0.322506 1 9 1.000000
  9 -1.175440 -0.129748 0.098893 -0.432277 -0.901735 0.003106 0.146142 0.295697 1 9 1.000000
  9 0.000000 -0.167644 1.052400 0.186207 -0.888554 0.419285 0.073205 0.264314 1 9 1.000000
..\..\..\Desktop\General\noesis\td_body
  9 0.000000 0.538607 1.570360 0.221478 -0.340869 0.913650 0.048411 0.322506 1 9 1.000000
  7 -0.000002 1.436733 1.656550 0.134033 -0.244686 0.960294 0.048411 0.350901 1 7 1.000000
  9 -0.955317 0.533789 1.345990 -0.474289 -0.488895 0.732142 0.088915 0.322506 1 9 1.000000
..\..\..\Desktop\General\noesis\td_body
  7 -0.000002 1.436733 1.656550 0.134033 -0.244686 0.960294 0.048411 0.350901 1 7 1.000000
  7 -1.084432 1.410644 1.365270 0.145379 0.541947 0.827743 0.091191 0.350901 1 7 1.000000
  9 -0.955317 0.533789 1.345990 -0.474289 -0.488895 0.732142 0.088915 0.322506 1 9 1.000000
..\..\..\Desktop\General\noesis\td_body
  7 -1.084432 1.410644 1.365270 0.145379 0.541947 0.827743 0.091191 0.350901 1 7 1.000000
  7 -0.000002 1.436733 1.656550 0.134033 -0.244686 0.960294 0.048411 0.350901 1 7 1.000000
  7 -0.000005 2.117148 1.383760 0.467083 -0.219692 0.856487 0.048411 0.412148 1 7 1.000000
..\..\..\Desktop\General\noesis\td_body
  7 -0.000005 2.117148 1.383760 0.467083 -0.219692 0.856487 0.048411 0.412148 1 7 1.000000
  7 -0.000002 1.436733 1.656550 0.134033 -0.244686 0.960294 0.048411 0.350901 1 7 1.000000
  7 1.084428 1.410660 1.365270 0.145379 -0.541948 0.827743 0.091191 0.350901 1 7 1.000000
..\..\..\Desktop\General\noesis\td_body
  7 -0.865956 2.070092 1.198570 0.505274 0.465882 0.726397 0.094104 0.412148 1 7 1.000000
  7 -1.084432 1.410644 1.365270 0.145379 0.541947 0.827743 0.091191 0.350901 1 7 1.000000
  7 -0.000005 2.117148 1.383760 0.467083 -0.219692 0.856487 0.048411 0.412148 1 7 1.000000
..\..\..\Desktop\General\noesis\td_body
  7 -1.084432 1.410644 1.365270 0.145379 0.541947 0.827743 0.091191 0.350901 1 7 1.000000
  7 -1.691302 1.318129 0.588128 0.206577 0.919436 0.334610 0.126751 0.350901 1 7 1.000000
  9 -0.955317 0.533789 1.345990 -0.474289 -0.488895 0.732142 0.088915 0.322506 1 9 1.000000
..\..\..\Desktop\General\noesis\td_body
  9 -0.955317 0.533789 1.345990 -0.474289 -0.488895 0.732142 0.088915 0.322506 1 9 1.000000
  9 -1.623010 0.533654 0.554537 -0.849125 -0.412645 0.329714 0.127319 0.322506 1 9 1.000000
  9 -1.175440 -0.129748 0.098893 -0.432277 -0.901735 0.003106 0.146142 0.295697 1 9 1.000000
..\..\..\Desktop\General\noesis\td_body
  7 -1.691302 1.318129 0.588128 0.206577 0.919436 0.334610 0.126751 0.350901 1 7 1.000000
  9 -1.623010 0.533654 0.554537 -0.849125 -0.412645 0.329714 0.127319 0.322506 1 9 1.000000
  9 -0.955317 0.533789 1.345990 -0.474289 -0.488895 0.732142 0.088915 0.322506 1 9 1.000000
..\..\..\Desktop\General\noesis\td_body
  7 -1.691302 1.318129 0.588128 0.206577 0.919436 0.334610 0.126751 0.350901 1 7 1.000000
  7 -1.743621 1.153076 -0.474149 0.161192 0.899225 -0.406708 0.160083 0.350901 1 7 1.000000
  9 -1.623010 0.533654 0.554537 -0.849125 -0.412645 0.329714 0.127319 0.322506 1 9 1.000000
..\..\..\Desktop\General\noesis\td_body
  9 -1.175440 -0.129748 0.098893 -0.432277 -0.901735 0.003106 0.146142 0.295697 1 9 1.000000
  9 -1.623010 0.533654 0.554537 -0.849125 -0.412645 0.329714 0.127319 0.322506 1 9 1.000000
  9 -1.627990 0.423175 -0.437798 -0.822935 -0.474423 -0.312571 0.160770 0.316129 1 9 1.000000
..\..\..\Desktop\General\noesis\td_body
  7 -1.743621 1.153076 -0.474149 0.161192 0.899225 -0.406708 0.160083 0.350901 1 7 1.000000
  9 -1.627990 0.423175 -0.437798 -0.822935 -0.474423 -0.312571 0.160770 0.316129 1 9 1.000000
  9 -1.623010 0.533654 0.554537 -0.849125 -0.412645 0.329714 0.127319 0.322506 1 9 1.000000
..\..\..\Desktop\General\noesis\td_body
  9 0.000000 0.180319 -1.094780 0.396057 -0.610134 -0.686204 0.197383 0.302043 1 9 1.000000
  9 -1.175440 -0.129748 0.098893 -0.432277 -0.901735 0.003106 0.146142 0.295697 1 9 1.000000
  9 -1.627990 0.423175 -0.437798 -0.822935 -0.474423 -0.312571 0.160770 0.316129 1 9 1.000000
..\..\..\Desktop\General\noesis\td_body
  9 -1.627990 0.423175 -0.437798 -0.822935 -0.474423 -0.312571 0.160770 0.316129 1 9 1.000000
  7 -0.652615 1.003931 -1.328840 0.033019 0.320748 -0.946589 0.200842 0.350901 1 7 1.000000
  9 0.000000 0.180319 -1.094780 0.396057 -0.610134 -0.686204 0.197383 0.302043 1 9 1.000000
..\..\..\Desktop\General\noesis\td_body
  7 -1.743621 1.153076 -0.474149 0.161192 0.899225 -0.406708 0.160083 0.350901 1 7 1.000000
  7 -0.652615 1.003931 -1.328840 0.033019 0.320748 -0.946589 0.200842 0.350901 1 7 1.000000
  9 -1.627990 0.423175 -0.437798 -0.822935 -0.474423 -0.312571 0.160770 0.316129 1 9 1.000000
..\..\..\Desktop\General\noesis\td_body
  7 0.652613 1.003939 -1.328840 0.033019 -0.320748 -0.946589 0.200842 0.350901 1 7 1.000000
  9 0.000000 0.180319 -1.094780 0.396057 -0.610134 -0.686204 0.203793 0.296942 1 9 1.000000
  7 -0.652615 1.003931 -1.328840 0.033019 0.320748 -0.946589 0.200842 0.350901 1 7 1.000000
..\..\..\Desktop\General\noesis\td_body
  7 0.865947 2.070104 1.198570 0.505274 -0.465882 0.726397 0.267915 0.106616 1 7 1.000000
  7 1.234214 2.607377 0.378920 0.138422 -0.570458 0.809578 0.439603 0.193116 1 7 1.000000
  7 0.590795 2.917362 0.582690 0.690252 -0.293685 0.661288 0.294631 0.246933 1 7 1.000000
..\..\..\Desktop\General\noesis\td_body
  7 1.691298 1.318153 0.588128 0.206577 -0.919436 0.334610 0.465141 0.021152 1 7 1.000000
  7 1.234214 2.607377 0.378920 0.138422 -0.570458 0.809578 0.439603 0.193116 1 7 1.000000
  7 0.865947 2.070104 1.198570 0.505274 -0.465882 0.726397 0.267915 0.106616 1 7 1.000000
..\..\..\Desktop\General\noesis\td_body
  7 1.691298 1.318153 0.588128 0.206577 -0.919436 0.334610 0.465141 0.021152 1 7 1.000000
  7 0.865947 2.070104 1.198570 0.505274 -0.465882 0.726397 0.267915 0.106616 1 7 1.000000
  7 1.084428 1.410660 1.365270 0.145379 -0.541948 0.827743 0.267915 0.021295 1 7 1.000000
..\..\..\Desktop\General\noesis\td_body
  7 1.691298 1.318153 0.588128 0.206577 -0.919436 0.334610 0.465141 0.021152 1 7 1.000000
  7 1.743619 1.153100 -0.474149 0.161192 -0.899225 -0.406708 0.543739 0.021152 1 7 1.000000
  7 1.398955 2.245428 0.058443 -0.136644 -0.989760 0.041268 0.504209 0.164275 1 7 1.000000
..\..\..\Desktop\General\noesis\td_body
  7 1.691298 1.318153 0.588128 0.206577 -0.919436 0.334610 0.465141 0.021152 1 7 1.000000
  7 1.398955 2.245428 0.058443 -0.136644 -0.989760 0.041268 0.504209 0.164275 1 7 1.000000
  7 1.234214 2.607377 0.378920 0.138422 -0.570458 0.809578 0.439603 0.193116 1 7 1.000000
..\..\..\Desktop\General\noesis\td_body
  7 1.743619 1.153100 -0.474149 0.161192 -0.899225 -0.406708 0.543739 0.021152 1 7 1.000000
  7 1.079364 2.552876 -0.597411 0.018779 -0.370815 -0.928517 0.570370 0.189481 1 7 1.000000
  7 1.398955 2.245428 0.058443 -0.136644 -0.989760 0.041268 0.504209 0.164275 1 7 1.000000
..\..\..\Desktop\General\noesis\td_body
  7 1.079364 2.552876 -0.597411 0.018779 -0.370815 -0.928517 0.570370 0.189481 1 7 1.000000
  7 1.743619 1.153100 -0.474149 0.161192 -0.899225 -0.406708 0.543739 0.021152 1 7 1.000000
  7 0.652613 1.003939 -1.328840 0.033019 -0.320748 -0.946589 0.638184 0.020947 1 7 1.000000
..\..\..\Desktop\General\noesis\td_body
  7 0.652613 1.003939 -1.328840 0.033019 -0.320748 -0.946589 0.638184 0.020947 1 7 1.000000
  7 -0.000008 2.900578 -0.787567 0.466925 -0.196762 -0.862129 0.634808 0.259538 1 7 1.000000
  7 1.079364 2.552876 -0.597411 0.018779 -0.370815 -0.928517 0.570370 0.189481 1 7 1.000000
..\..\..\Desktop\General\noesis\td_body
  7 -0.000008 2.900578 -0.787567 0.466925 -0.196762 -0.862129 0.634808 0.259538 1 7 1.000000
  7 0.652613 1.003939 -1.328840 0.033019 -0.320748 -0.946589 0.638184 0.020947 1 7 1.000000
  7 -0.652615 1.003931 -1.328840 0.033019 0.320748 -0.946589 0.638184 0.020947 1 7 1.000000
..\..\..\Desktop\General\noesis\td_body
  7 -0.652615 1.003931 -1.328840 0.033019 0.320748 -0.946589 0.638184 0.020947 1 7 1.000000
  7 -1.079376 2.552860 -0.597411 0.018779 0.370815 -0.928517 0.570370 0.189481 1 7 1.000000
  7 -0.000008 2.900578 -0.787567 0.466925 -0.196762 -0.862129 0.634808 0.259538 1 7 1.000000
..\..\..\Desktop\General\noesis\td_body
  7 -1.079376 2.552860 -0.597411 0.018779 0.370815 -0.928517 0.570370 0.189481 1 7 1.000000
  7 -0.652615 1.003931 -1.328840 0.033019 0.320748 -0.946589 0.638184 0.020947 1 7 1.000000
  7 -1.743621 1.153076 -0.474149 0.161192 0.899225 -0.406708 0.543739 0.021152 1 7 1.000000
..\..\..\Desktop\General\noesis\td_body
  7 -1.743621 1.153076 -0.474149 0.161192 0.899225 -0.406708 0.543739 0.021152 1 7 1.000000
  7 -1.398965 2.245408 0.058443 -0.136644 0.989760 0.041268 0.504209 0.164275 1 7 1.000000
  7 -1.079376 2.552860 -0.597411 0.018779 0.370815 -0.928517 0.570370 0.189481 1 7 1.000000
..\..\..\Desktop\General\noesis\td_body
  7 -1.691302 1.318129 0.588128 0.206577 0.919436 0.334610 0.465141 0.021152 1 7 1.000000
  7 -1.398965 2.245408 0.058443 -0.136644 0.989760 0.041268 0.504209 0.164275 1 7 1.000000
  7 -1.743621 1.153076 -0.474149 0.161192 0.899225 -0.406708 0.543739 0.021152 1 7 1.000000
..\..\..\Desktop\General\noesis\td_body
  7 -1.691302 1.318129 0.588128 0.206577 0.919436 0.334610 0.465141 0.021152 1 7 1.000000
  7 -1.234226 2.607358 0.378920 0.138422 0.570458 0.809578 0.439603 0.193116 1 7 1.000000
  7 -1.398965 2.245408 0.058443 -0.136644 0.989760 0.041268 0.504209 0.164275 1 7 1.000000
..\..\..\Desktop\General\noesis\td_body
  7 -1.691302 1.318129 0.588128 0.206577 0.919436 0.334610 0.465141 0.021152 1 7 1.000000
  7 -0.865956 2.070092 1.198570 0.505274 0.465882 0.726397 0.267915 0.106616 1 7 1.000000
  7 -1.234226 2.607358 0.378920 0.138422 0.570458 0.809578 0.439603 0.193116 1 7 1.000000
..\..\..\Desktop\General\noesis\td_body
  7 -1.691302 1.318129 0.588128 0.206577 0.919436 0.334610 0.465141 0.021152 1 7 1.000000
  7 -1.084432 1.410644 1.365270 0.145379 0.541947 0.827743 0.267915 0.021295 1 7 1.000000
  7 -0.865956 2.070092 1.198570 0.505274 0.465882 0.726397 0.267915 0.106616 1 7 1.000000
..\..\..\Desktop\General\noesis\td_body
  7 -0.865956 2.070092 1.198570 0.505274 0.465882 0.726397 0.267915 0.106616 1 7 1.000000
  7 -0.590811 2.917354 0.582690 0.690252 0.293685 0.661288 0.294631 0.246933 1 7 1.000000
  7 -1.234226 2.607358 0.378920 0.138422 0.570458 0.809578 0.439603 0.193116 1 7 1.000000
..\..\..\Desktop\General\noesis\td_body
  7 -0.590811 2.917354 0.582690 0.690252 0.293685 0.661288 0.294631 0.246933 1 7 1.000000
  7 -1.139779 3.175290 0.202716 0.773643 0.180443 0.607385 0.438669 0.262526 1 7 1.000000
  7 -1.234226 2.607358 0.378920 0.138422 0.570458 0.809578 0.439603 0.193116 1 7 1.000000
..\..\..\Desktop\General\noesis\td_body
  7 -0.590811 2.917354 0.582690 0.690252 0.293685 0.661288 0.294631 0.246933 1 7 1.000000
  7 -0.000009 3.382118 0.000930 0.981307 -0.135520 0.136643 0.209568 0.457407 1 7 1.000000
  7 -1.139779 3.175290 0.202716 0.773643 0.180443 0.607385 0.438669 0.262526 1 7 1.000000
..\..\..\Desktop\General\noesis\td_body
  7 0.590795 2.917362 0.582690 0.690252 -0.293685 0.661288 0.294631 0.246933 1 7 1.000000
  7 1.234214 2.607377 0.378920 0.138422 -0.570458 0.809578 0.439603 0.193116 1 7 1.000000
  7 1.139761 3.175306 0.202716 0.773643 -0.180443 0.607385 0.438669 0.262526 1 7 1.000000
..\..\..\Desktop\General\noesis\td_body
  7 0.590795 2.917362 0.582690 0.690252 -0.293685 0.661288 0.294631 0.246933 1 7 1.000000
  7 1.139761 3.175306 0.202716 0.773643 -0.180443 0.607385 0.438669 0.262526 1 7 1.000000
  7 -0.000009 3.382118 0.000930 0.981307 -0.135520 0.136643 0.209568 0.457407 1 7 1.000000
..\..\..\Desktop\General\noesis\td_body
  7 1.139761 3.175306 0.202716 0.773643 -0.180443 0.607385 -0.246125 0.182268 1 7 1.000000
  7 1.123972 3.123806 -0.369213 0.802632 -0.121051 -0.584062 -0.255473 0.080412 1 7 1.000000
  7 -0.000009 3.382118 0.000930 0.981307 -0.135520 0.136643 0.000339 0.162205 1 7 1.000000
..\..\..\Desktop\General\noesis\td_body
  7 -0.000008 2.900578 -0.787567 0.466925 -0.196762 -0.862129 0.000339 0.045885 1 7 1.000000
  7 -0.000009 3.382118 0.000930 0.981307 -0.135520 0.136643 0.000339 0.162205 1 7 1.000000
  7 1.123972 3.123806 -0.369213 0.802632 -0.121051 -0.584062 -0.255473 0.080412 1 7 1.000000
..\..\..\Desktop\General\noesis\td_body
  7 -0.000008 2.900578 -0.787567 0.466925 -0.196762 -0.862129 0.000339 0.045885 1 7 1.000000
  7 -1.123988 3.123790 -0.369213 0.802632 0.121051 -0.584062 -0.255473 0.080412 1 7 1.000000
  7 -0.000009 3.382118 0.000930 0.981307 -0.135520 0.136643 0.000339 0.162205 1 7 1.000000
..\..\..\Desktop\General\noesis\td_body
  7 -1.139779 3.175290 0.202716 0.773643 0.180443 0.607385 -0.246125 0.182268 1 7 1.000000
  7 -0.000009 3.382118 0.000930 0.981307 -0.135520 0.136643 0.000339 0.162205 1 7 1.000000
  7 -1.123988 3.123790 -0.369213 0.802632 0.121051 -0.584062 -0.255473 0.080412 1 7 1.000000
..\..\..\Desktop\General\noesis\td_body
  7 1.123972 3.123806 -0.369213 0.802632 -0.121051 -0.584062 0.571674 0.245010 1 7 1.000000
  7 1.079364 2.552876 -0.597411 0.018779 -0.370815 -0.928517 0.570370 0.189481 1 7 1.000000
  7 -0.000008 2.900578 -0.787567 0.466925 -0.196762 -0.862129 0.634808 0.259538 1 7 1.000000
..\..\..\Desktop\General\noesis\td_body
  7 -1.123988 3.123790 -0.369213 0.802632 0.121051 -0.584062 0.571674 0.245010 1 7 1.000000
  7 -0.000008 2.900578 -0.787567 0.466925 -0.196762 -0.862129 0.634808 0.259538 1 7 1.000000
  7 -1.079376 2.552860 -0.597411 0.018779 0.370815 -0.928517 0.570370 0.189481 1 7 1.000000
..\..\..\Desktop\General\noesis\td_body
  7 -0.000008 2.913048 0.787622 0.695432 -0.210230 0.687152 0.431676 0.620024 1 7 1.000000
  7 0.865947 2.070104 1.198570 0.505274 -0.465882 0.726397 0.501464 0.494386 1 7 1.000000
  7 0.590795 2.917362 0.582690 0.690252 -0.293685 0.661288 0.501464 0.625769 1 7 1.000000
..\..\..\Desktop\General\noesis\td_body
  7 0.590795 2.917362 0.582690 0.690252 -0.293685 0.661288 0.501464 0.625769 1 7 1.000000
  7 -0.000009 3.382118 0.000930 0.981307 -0.135520 0.136643 0.431676 0.659914 1 7 1.000000
  7 -0.000008 2.913048 0.787622 0.695432 -0.210230 0.687152 0.431676 0.620024 1 7 1.000000
..\..\..\Desktop\General\noesis\td_body
  7 -0.590811 2.917354 0.582690 0.690252 0.293685 0.661288 0.501464 0.625769 1 7 1.000000
  7 -0.000008 2.913048 0.787622 0.695432 -0.210230 0.687152 0.431676 0.620024 1 7 1.000000
  7 -0.000009 3.382118 0.000930 0.981307 -0.135520 0.136643 0.431676 0.659914 1 7 1.000000
..\..\..\Desktop\General\noesis\td_body
  7 -0.000008 2.913048 0.787622 0.695432 -0.210230 0.687152 0.431676 0.620024 1 7 1.000000
  7 -0.590811 2.917354 0.582690 0.690252 0.293685 0.661288 0.501464 0.625769 1 7 1.000000
  7 -0.865956 2.070092 1.198570 0.505274 0.465882 0.726397 0.501464 0.494386 1 7 1.000000
..\..\..\Desktop\General\noesis\td_body
  7 -0.000005 2.117148 1.383760 0.467083 -0.219692 0.856487 0.431676 0.494505 1 7 1.000000
  7 0.865947 2.070104 1.198570 0.505274 -0.465882 0.726397 0.501464 0.494386 1 7 1.000000
  7 -0.000008 2.913048 0.787622 0.695432 -0.210230 0.687152 0.431676 0.620024 1 7 1.000000
..\..\..\Desktop\General\noesis\td_body
  7 -0.000005 2.117148 1.383760 0.467083 -0.219692 0.856487 0.431676 0.494505 1 7 1.000000
  7 -0.000008 2.913048 0.787622 0.695432 -0.210230 0.687152 0.431676 0.620024 1 7 1.000000
  7 -0.865956 2.070092 1.198570 0.505274 0.465882 0.726397 0.501464 0.494386 1 7 1.000000
..\..\..\Desktop\General\noesis\td_body
  7 0.865947 2.070104 1.198570 0.505274 -0.465882 0.726397 0.094104 0.412148 1 7 1.000000
  7 -0.000005 2.117148 1.383760 0.467083 -0.219692 0.856487 0.048411 0.412148 1 7 1.000000
  7 1.084428 1.410660 1.365270 0.145379 -0.541948 0.827743 0.091191 0.350901 1 7 1.000000
..\..\..\Desktop\General\noesis\td_body
  7 1.079364 2.552876 -0.597411 0.018779 -0.370815 -0.928517 0.339077 0.616845 1 7 1.000000
  7 1.123972 3.123806 -0.369213 0.802632 -0.121051 -0.584062 0.339077 0.616412 1 7 1.000000
  2 2.291333 2.863881 -0.538820 -0.158006 0.276402 -0.947964 0.339077 0.513787 1 2 1.000000
..\..\..\Desktop\General\noesis\td_body
  7 1.079364 2.552876 -0.597411 0.018779 -0.370815 -0.928517 0.339077 0.616845 1 7 1.000000
  2 2.291333 2.863881 -0.538820 -0.158006 0.276402 -0.947964 0.339077 0.513787 1 2 1.000000
  2 2.299873 2.285003 -0.202695 -0.050862 -0.988724 -0.140849 0.339077 0.567548 1 2 1.000000
..\..\..\Desktop\General\noesis\td_body
  7 1.079364 2.552876 -0.597411 0.018779 -0.370815 -0.928517 0.339077 0.616845 1 7 1.000000
  2 2.299873 2.285003 -0.202695 -0.050862 -0.988724 -0.140849 0.339077 0.567548 1 2 1.000000
  7 1.398955 2.245428 0.058443 -0.136644 -0.989760 0.041268 0.339077 0.617005 1 7 1.000000
..\..\..\Desktop\General\noesis\td_body
  2 2.299873 2.285003 -0.202695 -0.050862 -0.988724 -0.140849 0.339077 0.567548 1 2 1.000000
  7 1.234214 2.607377 0.378920 0.138422 -0.570458 0.809578 0.339077 0.616800 1 7 1.000000
  7 1.398955 2.245428 0.058443 -0.136644 -0.989760 0.041268 0.339077 0.617005 1 7 1.000000
..\..\..\Desktop\General\noesis\td_body
  2 2.093811 2.626298 0.287601 -0.114550 -0.157386 0.980871 0.339077 0.558533 1 2 1.000000
  7 1.234214 2.607377 0.378920 0.138422 -0.570458 0.809578 0.339077 0.616800 1 7 1.000000
  2 2.299873 2.285003 -0.202695 -0.050862 -0.988724 -0.140849 0.339077 0.567548 1 2 1.000000
..\..\..\Desktop\General\noesis\td_body
  7 1.139761 3.175306 0.202716 0.773643 -0.180443 0.607385 0.339077 0.616412 1 7 1.000000
  7 1.234214 2.607377 0.378920 0.138422 -0.570458 0.809578 0.339077 0.616800 1 7 1.000000
  2 2.093811 2.626298 0.287601 -0.114550 -0.157386 0.980871 0.339077 0.558533 1 2 1.000000
..\..\..\Desktop\General\noesis\td_body
  7 1.123972 3.123806 -0.369213 0.802632 -0.121051 -0.584062 0.339077 0.616412 1 7 1.000000
  7 1.139761 3.175306 0.202716 0.773643 -0.180443 0.607385 0.339077 0.616412 1 7 1.000000
  2 2.239433 3.176585 0.098131 -0.076732 0.952471 0.294808 0.339077 0.513564 1 2 1.000000
..\..\..\Desktop\General\noesis\td_body
  7 1.123972 3.123806 -0.369213 0.802632 -0.121051 -0.584062 0.339077 0.616412 1 7 1.000000
  2 2.239433 3.176585 0.098131 -0.076732 0.952471 0.294808 0.339077 0.513564 1 2 1.000000
  2 2.291333 2.863881 -0.538820 -0.158006 0.276402 -0.947964 0.339077 0.513787 1 2 1.000000
..\..\..\Desktop\General\noesis\td_body
  2 2.239433 3.176585 0.098131 -0.076732 0.952471 0.294808 0.339077 0.513564 1 2 1.000000
  7 1.139761 3.175306 0.202716 0.773643 -0.180443 0.607385 0.339077 0.616412 1 7 1.000000
  2 2.093811 2.626298 0.287601 -0.114550 -0.157386 0.980871 0.339077 0.558533 1 2 1.000000
..\..\..\Desktop\General\noesis\td_body
  2 2.299873 2.285003 -0.202695 -0.050862 -0.988724 -0.140849 0.622245 0.446285 1 2 1.000000
  1 2.342234 2.647844 0.428486 -0.158710 -0.342717 0.925935 0.622245 0.451528 1 1 1.000000
  2 2.093811 2.626298 0.287601 -0.114550 -0.157386 0.980871 0.622245 0.460875 1 2 1.000000
..\..\..\Desktop\General\noesis\td_body
  1 3.229629 2.368213 0.061266 -0.084902 -0.937670 0.336997 0.622245 0.397347 1 1 1.000000
  1 2.342234 2.647844 0.428486 -0.158710 -0.342717 0.925935 0.622245 0.451528 1 1 1.000000
  2 2.299873 2.285003 -0.202695 -0.050862 -0.988724 -0.140849 0.622245 0.446285 1 2 1.000000
..\..\..\Desktop\General\noesis\td_body
  1 3.229629 2.368213 0.061266 -0.084902 -0.937670 0.336997 0.622245 0.397347 1 1 1.000000
  1 3.233857 2.842539 0.343211 0.101643 0.301407 0.948063 0.622245 0.397871 1 1 1.000000
  1 2.342234 2.647844 0.428486 -0.158710 -0.342717 0.925935 0.622245 0.451528 1 1 1.000000
..\..\..\Desktop\General\noesis\td_body
  0 3.335998 2.862251 0.325530 -0.433972 0.225723 0.872191 0.622245 0.391910 1 0 1.000000
  1 3.233857 2.842539 0.343211 0.101643 0.301407 0.948063 0.622245 0.397871 1 1 1.000000
  1 3.229629 2.368213 0.061266 -0.084902 -0.937670 0.336997 0.622245 0.397347 1 1 1.000000
..\..\..\Desktop\General\noesis\td_body
  0 3.336017 2.378054 0.085523 -0.458268 -0.742287 0.488877 0.622245 0.391910 1 0 1.000000
  0 3.335998 2.862251 0.325530 -0.433972 0.225723 0.872191 0.622245 0.391910 1 0 1.000000
  1 3.229629 2.368213 0.061266 -0.084902 -0.937670 0.336997 0.622245 0.397347 1 1 1.000000
..\..\..\Desktop\General\noesis\td_body
  0 3.349771 2.414457 -0.467343 -0.322608 -0.809249 -0.490959 0.622245 0.391910 1 0 1.000000
  0 3.336017 2.378054 0.085523 -0.458268 -0.742287 0.488877 0.622245 0.391910 1 0 1.000000
  1 3.229629 2.368213 0.061266 -0.084902 -0.937670 0.336997 0.622245 0.397347 1 1 1.000000
..\..\..\Desktop\General\noesis\td_body
  0 3.349771 2.414457 -0.467343 -0.322608 -0.809249 -0.490959 0.622245 0.391910 1 0 1.000000
  1 3.229629 2.368213 0.061266 -0.084902 -0.937670 0.336997 0.622245 0.397347 1 1 1.000000
  1 3.238023 2.658433 -0.554948 -0.261497 -0.258402 -0.929972 0.622245 0.396585 1 1 1.000000
..\..\..\Desktop\General\noesis\td_body
  2 2.299873 2.285003 -0.202695 -0.050862 -0.988724 -0.140849 0.622245 0.446285 1 2 1.000000
  1 3.238023 2.658433 -0.554948 -0.261497 -0.258402 -0.929972 0.622245 0.396585 1 1 1.000000
  1 3.229629 2.368213 0.061266 -0.084902 -0.937670 0.336997 0.622245 0.397347 1 1 1.000000
..\..\..\Desktop\General\noesis\td_body
  1 3.238023 2.658433 -0.554948 -0.261497 -0.258402 -0.929972 0.622245 0.396585 1 1 1.000000
  0 3.349778 2.832321 -0.595098 -0.427290 0.111813 -0.897174 0.622245 0.391910 1 0 1.000000
  0 3.349771 2.414457 -0.467343 -0.322608 -0.809249 -0.490959 0.622245 0.391910 1 0 1.000000
..\..\..\Desktop\General\noesis\td_body
  1 3.238023 2.658433 -0.554948 -0.261497 -0.258402 -0.929972 0.622245 0.396585 1 1 1.000000
  1 3.233892 3.163697 -0.107454 -0.078055 0.986061 -0.146942 0.622245 0.397775 1 1 1.000000
  0 3.349778 2.832321 -0.595098 -0.427290 0.111813 -0.897174 0.622245 0.391910 1 0 1.000000
..\..\..\Desktop\General\noesis\td_body
  1 2.422085 2.850304 -0.620081 -0.179594 0.399916 -0.898784 0.622245 0.438660 1 1 1.000000
  1 3.233892 3.163697 -0.107454 -0.078055 0.986061 -0.146942 0.622245 0.397775 1 1 1.000000
  1 3.238023 2.658433 -0.554948 -0.261497 -0.258402 -0.929972 0.622245 0.396585 1 1 1.000000
..\..\..\Desktop\General\noesis\td_body
  2 2.299873 2.285003 -0.202695 -0.050862 -0.988724 -0.140849 0.622245 0.446285 1 2 1.000000
  1 2.422085 2.850304 -0.620081 -0.179594 0.399916 -0.898784 0.622245 0.438660 1 1 1.000000
  1 3.238023 2.658433 -0.554948 -0.261497 -0.258402 -0.929972 0.622245 0.396585 1 1 1.000000
..\..\..\Desktop\General\noesis\td_body
  2 2.299873 2.285003 -0.202695 -0.050862 -0.988724 -0.140849 0.622245 0.446285 1 2 1.000000
  2 2.291333 2.863881 -0.538820 -0.158006 0.276402 -0.947964 0.622245 0.445205 1 2 1.000000
  1 2.422085 2.850304 -0.620081 -0.179594 0.399916 -0.898784 0.622245 0.438660 1 1 1.000000
..\..\..\Desktop\General\noesis\td_body
  1 3.233857 2.842539 0.343211 0.101643 0.301407 0.948063 0.622245 0.397871 1 1 1.000000
  1 3.233892 3.163697 -0.107454 -0.078055 0.986061 -0.146942 0.622245 0.397775 1 1 1.000000
  2 2.239433 3.176585 0.098131 -0.076732 0.952471 0.294808 0.622245 0.450562 1 2 1.000000
..\..\..\Desktop\General\noesis\td_body
  1 3.233857 2.842539 0.343211 0.101643 0.301407 0.948063 0.622245 0.397871 1 1 1.000000
  2 2.239433 3.176585 0.098131 -0.076732 0.952471 0.294808 0.622245 0.450562 1 2 1.000000
  1 2.342234 2.647844 0.428486 -0.158710 -0.342717 0.925935 0.622245 0.451528 1 1 1.000000
..\..\..\Desktop\General\noesis\td_body
  2 2.093811 2.626298 0.287601 -0.114550 -0.157386 0.980871 0.622245 0.460875 1 2 1.000000
  1 2.342234 2.647844 0.428486 -0.158710 -0.342717 0.925935 0.622245 0.451528 1 1 1.000000
  2 2.239433 3.176585 0.098131 -0.076732 0.952471 0.294808 0.622245 0.450562 1 2 1.000000
..\..\..\Desktop\General\noesis\td_body
  2 2.291333 2.863881 -0.538820 -0.158006 0.276402 -0.947964 0.622245 0.445205 1 2 1.000000
  2 2.239433 3.176585 0.098131 -0.076732 0.952471 0.294808 0.622245 0.450562 1 2 1.000000
  1 2.422085 2.850304 -0.620081 -0.179594 0.399916 -0.898784 0.622245 0.438660 1 1 1.000000
..\..\..\Desktop\General\noesis\td_body
  1 2.422085 2.850304 -0.620081 -0.179594 0.399916 -0.898784 0.622245 0.438660 1 1 1.000000
  2 2.239433 3.176585 0.098131 -0.076732 0.952471 0.294808 0.622245 0.450562 1 2 1.000000
  1 3.233892 3.163697 -0.107454 -0.078055 0.986061 -0.146942 0.622245 0.397775 1 1 1.000000
..\..\..\Desktop\General\noesis\td_body
  0 4.498943 2.508422 -0.666921 0.788651 -0.207233 -0.578865 0.606380 0.880064 1 0 1.000000
  0 4.163699 2.138663 -0.046829 0.264453 -0.942736 -0.203257 0.404904 0.788105 1 0 1.000000
  0 3.921981 2.375896 -0.694675 -0.124917 -0.557550 -0.820691 0.680343 0.821696 1 0 1.000000
..\..\..\Desktop\General\noesis\td_body
  0 4.163699 2.138663 -0.046829 0.264453 -0.942736 -0.203257 0.404904 0.788105 1 0 1.000000
  0 4.498943 2.508422 -0.666921 0.788651 -0.207233 -0.578865 0.606380 0.880064 1 0 1.000000
  0 4.534813 2.502794 0.529472 0.644137 -0.322504 0.693598 0.171412 0.888471 1 0 1.000000
..\..\..\Desktop\General\noesis\td_body
  0 4.163699 2.138663 -0.046829 0.264453 -0.942736 -0.203257 0.404904 0.788105 1 0 1.000000
  0 4.534813 2.502794 0.529472 0.644137 -0.322504 0.693598 0.171412 0.888471 1 0 1.000000
  0 3.827757 2.003110 0.398248 -0.198143 -0.919452 0.339629 0.205381 0.744786 1 0 1.000000
..\..\..\Desktop\General\noesis\td_body
  0 4.163699 2.138663 -0.046829 0.264453 -0.942736 -0.203257 0.404904 0.788105 1 0 1.000000
  0 3.349771 2.414457 -0.467343 -0.322608 -0.809249 -0.490959 0.576168 0.730998 1 0 1.000000
  0 3.921981 2.375896 -0.694675 -0.124917 -0.557550 -0.820691 0.680343 0.821696 1 0 1.000000
..\..\..\Desktop\General\noesis\td_body
  0 3.827757 2.003110 0.398248 -0.198143 -0.919452 0.339629 0.205381 0.744786 1 0 1.000000
  0 3.349771 2.414457 -0.467343 -0.322608 -0.809249 -0.490959 0.576168 0.730998 1 0 1.000000
  0 4.163699 2.138663 -0.046829 0.264453 -0.942736 -0.203257 0.404904 0.788105 1 0 1.000000
..\..\..\Desktop\General\noesis\td_body
  0 3.349771 2.414457 -0.467343 -0.322608 -0.809249 -0.490959 0.576168 0.730998 1 0 1.000000
  0 3.827757 2.003110 0.398248 -0.198143 -0.919452 0.339629 0.205381 0.744786 1 0 1.000000
  0 3.336017 2.378054 0.085523 -0.458268 -0.742287 0.488877 0.344614 0.711542 1 0 1.000000
..\..\..\Desktop\General\noesis\td_body
  0 3.336035 3.160411 -0.139875 -0.363665 0.931511 0.005876 0.570737 0.457041 1 0 1.000000
  0 3.850229 3.174970 -0.803944 -0.147580 0.407921 -0.901011 0.570737 0.433388 1 0 1.000000
  0 3.349778 2.832321 -0.595098 -0.427290 0.111813 -0.897174 0.570737 0.456901 1 0 1.000000
..\..\..\Desktop\General\noesis\td_body
  0 3.850229 3.174970 -0.803944 -0.147580 0.407921 -0.901011 0.570737 0.433388 1 0 1.000000
  0 3.336035 3.160411 -0.139875 -0.363665 0.931511 0.005876 0.570737 0.457041 1 0 1.000000
  0 4.233831 3.222783 -0.631496 0.376300 0.851257 -0.365733 0.570737 0.406355 1 0 1.000000
..\..\..\Desktop\General\noesis\td_body
  0 4.233831 3.222783 -0.631496 0.376300 0.851257 -0.365733 0.570737 0.406355 1 0 1.000000
  0 3.336035 3.160411 -0.139875 -0.363665 0.931511 0.005876 0.570737 0.457041 1 0 1.000000
  0 4.276837 3.294862 0.431903 0.527431 0.806059 0.268488 0.570737 0.403098 1 0 1.000000
..\..\..\Desktop\General\noesis\td_body
  0 3.336035 3.160411 -0.139875 -0.363665 0.931511 0.005876 0.570737 0.457041 1 0 1.000000
  0 3.896458 3.177634 0.579340 -0.219568 0.499968 0.837748 0.570737 0.428568 1 0 1.000000
  0 4.276837 3.294862 0.431903 0.527431 0.806059 0.268488 0.570737 0.403098 1 0 1.000000
..\..\..\Desktop\General\noesis\td_body
  0 3.335998 2.862251 0.325530 -0.433972 0.225723 0.872191 0.570737 0.447534 1 0 1.000000
  0 3.896458 3.177634 0.579340 -0.219568 0.499968 0.837748 0.570737 0.428568 1 0 1.000000
  0 3.336035 3.160411 -0.139875 -0.363665 0.931511 0.005876 0.570737 0.457041 1 0 1.000000
..\..\..\Desktop\General\noesis\td_body
  0 3.349771 2.414457 -0.467343 -0.322608 -0.809249 -0.490959 0.007953 0.544400 1 0 1.000000
  0 3.349778 2.832321 -0.595098 -0.427290 0.111813 -0.897174 0.040199 0.630898 1 0 1.000000
  0 3.921981 2.375896 -0.694675 -0.124917 -0.557550 -0.820691 -0.073696 0.551721 1 0 1.000000
..\..\..\Desktop\General\noesis\td_body
  0 3.921981 2.375896 -0.694675 -0.124917 -0.557550 -0.820691 -0.073696 0.551721 1 0 1.000000
  0 3.349778 2.832321 -0.595098 -0.427290 0.111813 -0.897174 0.040199 0.630898 1 0 1.000000
  0 3.850229 3.174970 -0.803944 -0.147580 0.407921 -0.901011 -0.057092 0.693717 1 0 1.000000
..\..\..\Desktop\General\noesis\td_body
  0 3.850229 3.174970 -0.803944 -0.147580 0.407921 -0.901011 -0.057092 0.693717 1 0 1.000000
  0 4.498943 2.508422 -0.666921 0.788651 -0.207233 -0.578865 -0.185021 0.601695 1 0 1.000000
  0 3.921981 2.375896 -0.694675 -0.124917 -0.557550 -0.820691 -0.073696 0.551721 1 0 1.000000
..\..\..\Desktop\General\noesis\td_body
  0 4.498943 2.508422 -0.666921 0.788651 -0.207233 -0.578865 -0.185021 0.601695 1 0 1.000000
  0 3.850229 3.174970 -0.803944 -0.147580 0.407921 -0.901011 -0.057092 0.693717 1 0 1.000000
  0 4.233831 3.222783 -0.631496 0.376300 0.851257 -0.365733 -0.155525 0.689005 1 0 1.000000
..\..\..\Desktop\General\noesis\td_body
  0 3.747256 2.469779 0.614466 -0.376548 -0.211447 0.901943 0.030335 0.613220 1 0 1.000000
  0 4.534813 2.502794 0.529472 0.644137 -0.322504 0.693598 0.154537 0.561214 1 0 1.000000
  0 3.896458 3.177634 0.579340 -0.219568 0.499968 0.837748 0.109401 0.684374 1 0 1.000000
..\..\..\Desktop\General\noesis\td_body
  0 3.747256 2.469779 0.614466 -0.376548 -0.211447 0.901943 0.030335 0.613220 1 0 1.000000
  0 3.896458 3.177634 0.579340 -0.219568 0.499968 0.837748 0.109401 0.684374 1 0 1.000000
  0 3.335998 2.862251 0.325530 -0.433972 0.225723 0.872191 0.058061 0.685791 1 0 1.000000
..\..\..\Desktop\General\noesis\td_body
  0 3.336017 2.378054 0.085523 -0.458268 -0.742287 0.488877 0.019823 0.621635 1 0 1.000000
  0 3.747256 2.469779 0.614466 -0.376548 -0.211447 0.901943 0.030335 0.613220 1 0 1.000000
  0 3.335998 2.862251 0.325530 -0.433972 0.225723 0.872191 0.058061 0.685791 1 0 1.000000
..\..\..\Desktop\General\noesis\td_body
  0 3.747256 2.469779 0.614466 -0.376548 -0.211447 0.901943 0.030335 0.613220 1 0 1.000000
  0 3.827757 2.003110 0.398248 -0.198143 -0.919452 0.339629 0.025266 0.567350 1 0 1.000000
  0 4.534813 2.502794 0.529472 0.644137 -0.322504 0.693598 0.154537 0.561214 1 0 1.000000
..\..\..\Desktop\General\noesis\td_body
  0 3.827757 2.003110 0.398248 -0.198143 -0.919452 0.339629 0.025266 0.567350 1 0 1.000000
  0 3.747256 2.469779 0.614466 -0.376548 -0.211447 0.901943 0.030335 0.613220 1 0 1.000000
  0 3.336017 2.378054 0.085523 -0.458268 -0.742287 0.488877 0.019823 0.621635 1 0 1.000000
..\..\..\Desktop\General\noesis\td_body
  0 3.896458 3.177634 0.579340 -0.219568 0.499968 0.837748 0.109401 0.684374 1 0 1.000000
  0 4.534813 2.502794 0.529472 0.644137 -0.322504 0.693598 0.154537 0.561214 1 0 1.000000
  0 4.276837 3.294862 0.431903 0.527431 0.806059 0.268488 0.173897 0.642368 1 0 1.000000
..\..\..\Desktop\General\noesis\td_body
  0 4.498943 2.508422 -0.666921 0.788651 -0.207233 -0.578865 0.606380 0.880064 1 0 1.000000
  0 4.276837 3.294862 0.431903 0.527431 0.806059 0.268488 0.211130 0.952875 1 0 1.000000
  0 4.534813 2.502794 0.529472 0.644137 -0.322504 0.693598 0.171412 0.888471 1 0 1.000000
..\..\..\Desktop\General\noesis\td_body
  0 4.233831 3.222783 -0.631496 0.376300 0.851257 -0.365733 0.589306 0.962184 1 0 1.000000
  0 4.276837 3.294862 0.431903 0.527431 0.806059 0.268488 0.211130 0.952875 1 0 1.000000
  0 4.498943 2.508422 -0.666921 0.788651 -0.207233 -0.578865 0.606380 0.880064 1 0 1.000000
..\..\..\Desktop\General\noesis\td_body
  0 3.336035 3.160411 -0.139875 -0.363665 0.931511 0.005876 0.622245 0.391910 1 0 1.000000
  1 3.233892 3.163697 -0.107454 -0.078055 0.986061 -0.146942 0.622245 0.397775 1 1 1.000000
  1 3.233857 2.842539 0.343211 0.101643 0.301407 0.948063 0.622245 0.397871 1 1 1.000000
..\..\..\Desktop\General\noesis\td_body
  1 3.233892 3.163697 -0.107454 -0.078055 0.986061 -0.146942 0.622245 0.397775 1 1 1.000000
  0 3.336035 3.160411 -0.139875 -0.363665 0.931511 0.005876 0.622245 0.391910 1 0 1.000000
  0 3.349778 2.832321 -0.595098 -0.427290 0.111813 -0.897174 0.622245 0.391910 1 0 1.000000
..\..\..\Desktop\General\noesis\td_body
  0 3.335998 2.862251 0.325530 -0.433972 0.225723 0.872191 0.622245 0.391910 1 0 1.000000
  0 3.336035 3.160411 -0.139875 -0.363665 0.931511 0.005876 0.622245 0.391910 1 0 1.000000
  1 3.233857 2.842539 0.343211 0.101643 0.301407 0.948063 0.622245 0.397871 1 1 1.000000
..\..\..\Desktop\General\noesis\td_eye.0
  6 -0.000019 6.128713 1.335950 0.966366 -0.000000 -0.257170 1.025990 0.980821 1 6 1.000000
  6 -0.000013 4.475971 1.790368 0.992539 -0.000000 -0.121928 1.025990 0.491290 1 6 1.000000
  6 0.882873 5.951180 1.056848 0.796711 -0.563625 -0.218125 1.908730 0.949585 1 6 1.000000
..\..\..\Desktop\General\noesis\td_eye.0
  6 -0.000019 6.128713 1.335950 0.966366 -0.000000 -0.257170 1.025990 0.980821 1 6 1.000000
  6 -0.882911 5.951168 1.056848 0.796711 0.563625 -0.218125 1.908730 0.949585 1 6 1.000000
  6 -0.000013 4.475971 1.790368 0.992539 -0.000000 -0.121928 1.025990 0.491290 1 6 1.000000
..\..\..\Desktop\General\noesis\td_eye.0
  6 -0.882911 5.951168 1.056848 0.796711 0.563625 -0.218125 1.908730 0.949585 1 6 1.000000
  6 -0.925609 4.467875 1.420478 0.794644 0.598118 -0.103899 1.912850 0.490762 1 6 1.000000
  6 -0.000013 4.475971 1.790368 0.992539 -0.000000 -0.121928 1.025990 0.491290 1 6 1.000000
..\..\..\Desktop\General\noesis\td_eye.0
  6 -0.764180 3.881193 1.545344 0.873174 0.459075 0.163762 1.795680 0.277869 1 6 1.000000
  6 -0.000013 4.475971 1.790368 0.992539 -0.000000 -0.121928 1.025990 0.491290 1 6 1.000000
  6 -0.925609 4.467875 1.420478 0.794644 0.598118 -0.103899 1.912850 0.490762 1 6 1.000000
..\..\..\Desktop\General\noesis\td_eye.0
  6 -0.764180 3.881193 1.545344 0.873174 0.459075 0.163762 1.795680 0.277869 1 6 1.000000
  6 -0.000011 3.881436 1.793974 0.972533 -0.000000 0.232764 1.025990 0.294443 1 6 1.000000
  6 -0.000013 4.475971 1.790368 0.992539 -0.000000 -0.121928 1.025990 0.491290 1 6 1.000000
..\..\..\Desktop\General\noesis\td_eye.0
  6 -0.764180 3.881193 1.545344 0.873174 0.459075 0.163762 1.795680 0.277869 1 6 1.000000
  6 -0.732480 3.552539 1.381892 0.672752 0.394803 0.625728 1.769640 0.148776 1 6 1.000000
  6 -0.000011 3.881436 1.793974 0.972533 -0.000000 0.232764 1.025990 0.294443 1 6 1.000000
..\..\..\Desktop\General\noesis\td_eye.0
  6 -0.732480 3.552539 1.381892 0.672752 0.394803 0.625728 1.769640 0.148776 1 6 1.000000
  6 -0.000009 3.429354 1.567570 0.762443 -0.000000 0.647056 1.025990 0.128859 1 6 1.000000
  6 -0.000011 3.881436 1.793974 0.972533 -0.000000 0.232764 1.025990 0.294443 1 6 1.000000
..\..\..\Desktop\General\noesis\td_eye.0
  6 -0.732480 3.552539 1.381892 0.672752 0.394803 0.625728 1.769640 0.148776 1 6 1.000000
  6 -0.000009 3.171216 1.219288 0.409161 -0.000000 0.912462 1.025990 0.001456 1 6 1.000000
  6 -0.000009 3.429354 1.567570 0.762443 -0.000000 0.647056 1.025990 0.128859 1 6 1.000000
..\..\..\Desktop\General\noesis\td_eye.0
  6 -0.732480 3.552539 1.381892 0.672752 0.394803 0.625728 1.769640 0.148776 1 6 1.000000
  6 -0.776003 3.324443 1.061340 0.346419 0.478091 0.807108 1.829630 0.033536 1 6 1.000000
  6 -0.000009 3.171216 1.219288 0.409161 -0.000000 0.912462 1.025990 0.001456 1 6 1.000000
..\..\..\Desktop\General\noesis\td_eye.0
  6 -0.000009 3.171216 1.219288 0.409161 -0.000000 0.912462 1.025990 0.001456 1 6 1.000000
  6 0.775985 3.324454 1.061340 0.346419 -0.478091 0.807108 1.829630 0.033536 1 6 1.000000
  6 0.732460 3.552550 1.381892 0.672752 -0.394803 0.625728 1.769640 0.148776 1 6 1.000000
..\..\..\Desktop\General\noesis\td_eye.0
  6 -0.000009 3.171216 1.219288 0.409161 -0.000000 0.912462 1.025990 0.001456 1 6 1.000000
  6 0.732460 3.552550 1.381892 0.672752 -0.394803 0.625728 1.769640 0.148776 1 6 1.000000
  6 -0.000009 3.429354 1.567570 0.762443 -0.000000 0.647056 1.025990 0.128859 1 6 1.000000
..\..\..\Desktop\General\noesis\td_eye.0
  6 -0.000009 3.429354 1.567570 0.762443 -0.000000 0.647056 1.025990 0.128859 1 6 1.000000
  6 0.732460 3.552550 1.381892 0.672752 -0.394803 0.625728 1.769640 0.148776 1 6 1.000000
  6 -0.000011 3.881436 1.793974 0.972533 -0.000000 0.232764 1.025990 0.294443 1 6 1.000000
..\..\..\Desktop\General\noesis\td_eye.0
  6 0.732460 3.552550 1.381892 0.672752 -0.394803 0.625728 1.769640 0.148776 1 6 1.000000
  6 0.764158 3.881204 1.545344 0.873174 -0.459075 0.163762 1.795680 0.277869 1 6 1.000000
  6 -0.000011 3.881436 1.793974 0.972533 -0.000000 0.232764 1.025990 0.294443 1 6 1.000000
..\..\..\Desktop\General\noesis\td_eye.0
  6 0.764158 3.881204 1.545344 0.873174 -0.459075 0.163762 1.795680 0.277869 1 6 1.000000
  6 -0.000013 4.475971 1.790368 0.992539 -0.000000 -0.121928 1.025990 0.491290 1 6 1.000000
  6 -0.000011 3.881436 1.793974 0.972533 -0.000000 0.232764 1.025990 0.294443 1 6 1.000000
..\..\..\Desktop\General\noesis\td_eye.0
  6 0.764158 3.881204 1.545344 0.873174 -0.459075 0.163762 1.795680 0.277869 1 6 1.000000
  6 0.925583 4.467889 1.420478 0.794644 -0.598118 -0.103899 1.912850 0.490762 1 6 1.000000
  6 -0.000013 4.475971 1.790368 0.992539 -0.000000 -0.121928 1.025990 0.491290 1 6 1.000000
..\..\..\Desktop\General\noesis\td_eye.0
  6 -0.000013 4.475971 1.790368 0.992539 -0.000000 -0.121928 1.025990 0.491290 1 6 1.000000
  6 0.925583 4.467889 1.420478 0.794644 -0.598118 -0.103899 1.912850 0.490762 1 6 1.000000
  6 0.882873 5.951180 1.056848 0.796711 -0.563625 -0.218125 1.908730 0.949585 1 6 1.000000
end
