version 1
nodes
  0 "wristL"  1
  1 "armL2"  2
  2 "armL1"  8
  3 "wristR"  4
  4 "armR2"  5
  5 "armR1"  8
  6 "mouth"  7
  7 "head"  8
  8 "spine"  10
  9 "waist"  10
  10 "skl_root"  11
  11 "all_root"  -1
end
skeleton
time 0
  0 1.580000 0.000000 0.000000 0.000000 -0.000000 0.000000
  1 1.300000 0.000000 0.000000 0.000000 -0.000000 0.000000
  2 1.930000 -1.700000 0.000000 0.000000 -0.000000 -1.570800
  3 1.580000 0.000000 -0.000000 -0.000000 -0.000000 0.000000
  4 1.300000 0.000000 -0.000000 -0.000000 -0.000000 0.000000
  5 1.930000 1.700000 0.000000 -3.141590 -0.000000 1.570800
  6 0.000000 0.000000 -1.700000 -1.570800 -0.532325 -0.000000
  7 2.740000 0.000000 0.000000 -0.000000 -1.570796 -0.000000
  8 0.000000 2.000000 0.000000 0.000000 -0.000000 1.570800
  9 0.000000 1.250000 0.000000 -0.000000 -1.570796 -0.000000
  10 0.000000 0.000000 0.000000 0.000000 -0.000000 0.000000
  11 0.000000 0.000000 0.000000 0.000000 -0.000000 0.000000
end
triangles
..\..\..\Desktop\General\noesis\ys_eye.0
  7 0.646541 10.843602 1.218714 0.811001 0.253512 -0.527266 1.368840 1.782800 1 7 1.000000
  7 1.580800 10.355096 1.068140 0.623601 -0.721656 -0.300559 1.906910 1.585650 1 7 1.000000
  7 1.135797 11.119364 0.874178 0.298169 -0.407417 -0.863196 1.773350 1.803970 1 7 1.000000
..\..\..\Desktop\General\noesis\ys_eye.0
  7 0.646541 10.843602 1.218714 0.811001 0.253512 -0.527266 1.368840 1.782800 1 7 1.000000
  7 1.135797 11.119364 0.874178 0.298169 -0.407417 -0.863196 1.773350 1.803970 1 7 1.000000
  7 0.509244 11.206352 0.632202 0.156399 0.295411 -0.942482 1.449130 1.923820 1 7 1.000000
..\..\..\Desktop\General\noesis\ys_eye.0
  7 -0.000032 10.817190 0.470073 -0.041150 0.752641 -0.657144 0.999996 1.773860 1 7 1.000000
  7 0.646541 10.843602 1.218714 0.811001 0.253512 -0.527266 1.368840 1.782800 1 7 1.000000
  7 0.509244 11.206352 0.632202 0.156399 0.295411 -0.942482 1.449130 1.923820 1 7 1.000000
..\..\..\Desktop\General\noesis\ys_eye.0
  7 -0.000032 10.817190 0.470073 -0.041150 0.752641 -0.657144 0.999996 1.773860 1 7 1.000000
  7 -0.000029 10.128690 0.986579 0.742054 0.608104 -0.282074 0.999995 1.603890 1 7 1.000000
  7 0.646541 10.843602 1.218714 0.811001 0.253512 -0.527266 1.368840 1.782800 1 7 1.000000
..\..\..\Desktop\General\noesis\ys_eye.0
  7 0.646541 10.843602 1.218714 0.811001 0.253512 -0.527266 1.368840 1.782800 1 7 1.000000
  7 -0.000029 10.128690 0.986579 0.742054 0.608104 -0.282074 0.999995 1.603890 1 7 1.000000
  7 0.605991 9.782778 1.488426 0.994827 0.044458 -0.091334 1.345560 1.423800 1 7 1.000000
..\..\..\Desktop\General\noesis\ys_eye.0
  7 0.605991 9.782778 1.488426 0.994827 0.044458 -0.091334 1.345560 1.423800 1 7 1.000000
  7 1.580800 10.355096 1.068140 0.623601 -0.721656 -0.300559 1.906910 1.585650 1 7 1.000000
  7 0.646541 10.843602 1.218714 0.811001 0.253512 -0.527266 1.368840 1.782800 1 7 1.000000
..\..\..\Desktop\General\noesis\ys_eye.0
  7 0.605991 9.782778 1.488426 0.994827 0.044458 -0.091334 1.345560 1.423800 1 7 1.000000
  7 1.633383 9.456247 1.135784 0.626402 -0.778355 0.042229 1.883520 1.302030 1 7 1.000000
  7 1.580800 10.355096 1.068140 0.623601 -0.721656 -0.300559 1.906910 1.585650 1 7 1.000000
..\..\..\Desktop\General\noesis\ys_eye.0
  7 0.605991 9.782778 1.488426 0.994827 0.044458 -0.091334 1.345560 1.423800 1 7 1.000000
  7 1.217356 8.604054 1.273228 0.855637 -0.513868 0.061845 1.696520 1.024890 1 7 1.000000
  7 1.633383 9.456247 1.135784 0.626402 -0.778355 0.042229 1.883520 1.302030 1 7 1.000000
..\..\..\Desktop\General\noesis\ys_eye.0
  7 0.605991 9.782778 1.488426 0.994827 0.044458 -0.091334 1.345560 1.423800 1 7 1.000000
  7 -0.000025 8.908966 1.248160 0.940310 0.339537 0.023063 0.999996 1.128080 1 7 1.000000
  7 1.217356 8.604054 1.273228 0.855637 -0.513868 0.061845 1.696520 1.024890 1 7 1.000000
..\..\..\Desktop\General\noesis\ys_eye.0
  7 -0.000029 10.128690 0.986579 0.742054 0.608104 -0.282074 0.999995 1.603890 1 7 1.000000
  7 -0.000025 8.908966 1.248160 0.940310 0.339537 0.023063 0.999996 1.128080 1 7 1.000000
  7 0.605991 9.782778 1.488426 0.994827 0.044458 -0.091334 1.345560 1.423800 1 7 1.000000
..\..\..\Desktop\General\noesis\ys_eye.0
  7 1.849292 9.639922 0.073043 -0.296605 -0.954766 -0.021141 2.114150 1.468510 1 7 1.000000
  7 1.580800 10.355096 1.068140 0.623601 -0.721656 -0.300559 1.906910 1.585650 1 7 1.000000
  7 1.633383 9.456247 1.135784 0.626402 -0.778355 0.042229 1.883520 1.302030 1 7 1.000000
..\..\..\Desktop\General\noesis\ys_eye.0
  7 1.612988 10.690796 0.087914 -0.321458 -0.776227 -0.542343 1.935490 1.752830 1 7 1.000000
  7 1.580800 10.355096 1.068140 0.623601 -0.721656 -0.300559 1.906910 1.585650 1 7 1.000000
  7 1.849292 9.639922 0.073043 -0.296605 -0.954766 -0.021141 2.114150 1.468510 1 7 1.000000
..\..\..\Desktop\General\noesis\ys_eye.0
  7 1.135797 11.119364 0.874178 0.298169 -0.407417 -0.863196 1.773350 1.803970 1 7 1.000000
  7 1.580800 10.355096 1.068140 0.623601 -0.721656 -0.300559 1.906910 1.585650 1 7 1.000000
  7 1.612988 10.690796 0.087914 -0.321458 -0.776227 -0.542343 1.935490 1.752830 1 7 1.000000
..\..\..\Desktop\General\noesis\ys_eye.0
  7 1.737265 8.791331 0.524183 0.174572 -0.966977 -0.185688 2.007730 1.139360 1 7 1.000000
  7 1.633383 9.456247 1.135784 0.626402 -0.778355 0.042229 1.883520 1.302030 1 7 1.000000
  7 1.217356 8.604054 1.273228 0.855637 -0.513868 0.061845 1.696520 1.024890 1 7 1.000000
..\..\..\Desktop\General\noesis\ys_eye.0
  7 1.849292 9.639922 0.073043 -0.296605 -0.954766 -0.021141 2.114150 1.468510 1 7 1.000000
  7 1.633383 9.456247 1.135784 0.626402 -0.778355 0.042229 1.883520 1.302030 1 7 1.000000
  7 1.737265 8.791331 0.524183 0.174572 -0.966977 -0.185688 2.007730 1.139360 1 7 1.000000
..\..\..\Desktop\General\noesis\ys_eye.0
  7 -0.646605 10.843588 1.218714 0.811001 -0.253512 -0.527266 0.631153 1.782800 1 7 1.000000
  7 -1.135863 11.119347 0.874178 0.298169 0.407417 -0.863196 0.226649 1.803970 1 7 1.000000
  7 -1.580860 10.355074 1.068140 0.623601 0.721655 -0.300559 0.093088 1.585650 1 7 1.000000
..\..\..\Desktop\General\noesis\ys_eye.0
  7 -0.646605 10.843588 1.218714 0.811001 -0.253512 -0.527266 0.631153 1.782800 1 7 1.000000
  7 -0.509310 11.206348 0.632202 0.156399 -0.295411 -0.942482 0.550867 1.923820 1 7 1.000000
  7 -1.135863 11.119347 0.874178 0.298169 0.407417 -0.863196 0.226649 1.803970 1 7 1.000000
..\..\..\Desktop\General\noesis\ys_eye.0
  7 -0.000032 10.817190 0.470073 -0.041150 -0.752641 -0.657144 0.999996 1.773860 1 7 1.000000
  7 -0.509310 11.206348 0.632202 0.156399 -0.295411 -0.942482 0.550867 1.923820 1 7 1.000000
  7 -0.646605 10.843588 1.218714 0.811001 -0.253512 -0.527266 0.631153 1.782800 1 7 1.000000
..\..\..\Desktop\General\noesis\ys_eye.0
  7 -0.000032 10.817190 0.470073 -0.041150 -0.752641 -0.657144 0.999996 1.773860 1 7 1.000000
  7 -0.646605 10.843588 1.218714 0.811001 -0.253512 -0.527266 0.631153 1.782800 1 7 1.000000
  7 -0.000029 10.128690 0.986579 0.742053 -0.608104 -0.282074 0.999995 1.603890 1 7 1.000000
..\..\..\Desktop\General\noesis\ys_eye.0
  7 -0.646605 10.843588 1.218714 0.811001 -0.253512 -0.527266 0.631153 1.782800 1 7 1.000000
  7 -0.606047 9.782770 1.488426 0.994827 -0.044458 -0.091334 0.654433 1.423800 1 7 1.000000
  7 -0.000029 10.128690 0.986579 0.742053 -0.608104 -0.282074 0.999995 1.603890 1 7 1.000000
..\..\..\Desktop\General\noesis\ys_eye.0
  7 -0.606047 9.782770 1.488426 0.994827 -0.044458 -0.091334 0.654433 1.423800 1 7 1.000000
  7 -0.646605 10.843588 1.218714 0.811001 -0.253512 -0.527266 0.631153 1.782800 1 7 1.000000
  7 -1.580860 10.355074 1.068140 0.623601 0.721655 -0.300559 0.093088 1.585650 1 7 1.000000
..\..\..\Desktop\General\noesis\ys_eye.0
  7 -0.606047 9.782770 1.488426 0.994827 -0.044458 -0.091334 0.654433 1.423800 1 7 1.000000
  7 -1.580860 10.355074 1.068140 0.623601 0.721655 -0.300559 0.093088 1.585650 1 7 1.000000
  7 -1.633437 9.456224 1.135784 0.626402 0.778355 0.042230 0.116473 1.302030 1 7 1.000000
..\..\..\Desktop\General\noesis\ys_eye.0
  7 -0.606047 9.782770 1.488426 0.994827 -0.044458 -0.091334 0.654433 1.423800 1 7 1.000000
  7 -1.633437 9.456224 1.135784 0.626402 0.778355 0.042230 0.116473 1.302030 1 7 1.000000
  7 -1.217404 8.604035 1.273228 0.855637 0.513868 0.061846 0.303478 1.024890 1 7 1.000000
..\..\..\Desktop\General\noesis\ys_eye.0
  7 -0.606047 9.782770 1.488426 0.994827 -0.044458 -0.091334 0.654433 1.423800 1 7 1.000000
  7 -1.217404 8.604035 1.273228 0.855637 0.513868 0.061846 0.303478 1.024890 1 7 1.000000
  7 -0.000025 8.908966 1.248160 0.940310 -0.339538 0.023063 0.999996 1.128080 1 7 1.000000
..\..\..\Desktop\General\noesis\ys_eye.0
  7 -0.000029 10.128690 0.986579 0.742053 -0.608104 -0.282074 0.999995 1.603890 1 7 1.000000
  7 -0.606047 9.782770 1.488426 0.994827 -0.044458 -0.091334 0.654433 1.423800 1 7 1.000000
  7 -0.000025 8.908966 1.248160 0.940310 -0.339538 0.023063 0.999996 1.128080 1 7 1.000000
..\..\..\Desktop\General\noesis\ys_eye.0
  7 -1.849348 9.639895 0.073043 -0.296605 0.954766 -0.021141 -0.114157 1.468510 1 7 1.000000
  7 -1.633437 9.456224 1.135784 0.626402 0.778355 0.042230 0.116473 1.302030 1 7 1.000000
  7 -1.580860 10.355074 1.068140 0.623601 0.721655 -0.300559 0.093088 1.585650 1 7 1.000000
..\..\..\Desktop\General\noesis\ys_eye.0
  7 -1.613051 10.690764 0.087914 -0.321458 0.776227 -0.542343 0.064504 1.752830 1 7 1.000000
  7 -1.849348 9.639895 0.073043 -0.296605 0.954766 -0.021141 -0.114157 1.468510 1 7 1.000000
  7 -1.580860 10.355074 1.068140 0.623601 0.721655 -0.300559 0.093088 1.585650 1 7 1.000000
..\..\..\Desktop\General\noesis\ys_eye.0
  7 -1.135863 11.119347 0.874178 0.298169 0.407417 -0.863196 0.226649 1.803970 1 7 1.000000
  7 -1.613051 10.690764 0.087914 -0.321458 0.776227 -0.542343 0.064504 1.752830 1 7 1.000000
  7 -1.580860 10.355074 1.068140 0.623601 0.721655 -0.300559 0.093088 1.585650 1 7 1.000000
..\..\..\Desktop\General\noesis\ys_eye.0
  7 -1.737315 8.791305 0.524183 0.174572 0.966977 -0.185688 -0.007741 1.139360 1 7 1.000000
  7 -1.217404 8.604035 1.273228 0.855637 0.513868 0.061846 0.303478 1.024890 1 7 1.000000
  7 -1.633437 9.456224 1.135784 0.626402 0.778355 0.042230 0.116473 1.302030 1 7 1.000000
..\..\..\Desktop\General\noesis\ys_eye.0
  7 -1.849348 9.639895 0.073043 -0.296605 0.954766 -0.021141 -0.114157 1.468510 1 7 1.000000
  7 -1.737315 8.791305 0.524183 0.174572 0.966977 -0.185688 -0.007741 1.139360 1 7 1.000000
  7 -1.633437 9.456224 1.135784 0.626402 0.778355 0.042230 0.116473 1.302030 1 7 1.000000
..\..\..\Desktop\General\noesis\ys_body
  9 1.947523 2.396070 2.048754 0.219105 0.965837 -0.138393 0.316420 0.793377 1 9 1.000000
  8 1.939428 2.527770 0.724840 0.958617 -0.234898 -0.160864 0.315653 0.804624 1 8 1.000000
  9 0.812230 1.390891 1.623396 0.266171 0.496538 0.826198 0.310615 0.794628 1 9 1.000000
..\..\..\Desktop\General\noesis\ys_body
  9 1.947523 2.396070 2.048754 0.219105 0.965837 -0.138393 0.316420 0.793377 1 9 1.000000
  9 2.815846 1.458212 1.111340 0.126294 0.194884 -0.972661 0.320810 0.798290 1 9 1.000000
  8 1.939428 2.527770 0.724840 0.958617 -0.234898 -0.160864 0.315653 0.804624 1 8 1.000000
..\..\..\Desktop\General\noesis\ys_body
  9 2.815846 1.458212 1.111340 0.126294 0.194884 -0.972661 0.320810 0.798290 1 9 1.000000
  9 2.270860 1.678758 -0.107651 -0.618555 0.112869 -0.777593 0.318670 0.807336 1 9 1.000000
  8 1.939428 2.527770 0.724840 0.958617 -0.234898 -0.160864 0.315653 0.804624 1 8 1.000000
..\..\..\Desktop\General\noesis\ys_body
  9 1.773930 0.180130 -0.075222 -0.484343 -0.718540 -0.499111 0.317342 0.806071 1 9 1.000000
  9 2.270860 1.678758 -0.107651 -0.618555 0.112869 -0.777593 0.318670 0.807336 1 9 1.000000
  9 2.815846 1.458212 1.111340 0.126294 0.194884 -0.972661 0.320810 0.798290 1 9 1.000000
..\..\..\Desktop\General\noesis\ys_body
  9 2.539047 0.401597 0.949603 -0.051339 -0.762648 -0.644773 0.319376 0.796969 1 9 1.000000
  9 1.773930 0.180130 -0.075222 -0.484343 -0.718540 -0.499111 0.317342 0.806071 1 9 1.000000
  9 2.815846 1.458212 1.111340 0.126294 0.194884 -0.972661 0.320810 0.798290 1 9 1.000000
..\..\..\Desktop\General\noesis\ys_body
  9 0.889768 0.536128 0.929360 0.127997 -0.860361 0.493351 0.312074 0.797006 1 9 1.000000
  9 1.773930 0.180130 -0.075222 -0.484343 -0.718540 -0.499111 0.317342 0.806071 1 9 1.000000
  9 2.539047 0.401597 0.949603 -0.051339 -0.762648 -0.644773 0.319376 0.796969 1 9 1.000000
..\..\..\Desktop\General\noesis\ys_body
  9 -2.883034 1.458212 1.111300 0.126294 0.194884 0.972661 0.320810 0.798290 1 9 1.000000
  8 -1.939432 2.527742 0.724840 0.958617 0.234898 -0.160864 0.315653 0.804624 1 8 1.000000
  9 -2.270859 1.678758 -0.107683 -0.618555 0.112869 0.777593 0.318670 0.807336 1 9 1.000000
..\..\..\Desktop\General\noesis\ys_body
  9 -1.947537 2.396070 2.048726 0.219105 0.965837 0.138393 0.316420 0.793377 1 9 1.000000
  8 -1.939432 2.527742 0.724840 0.958617 0.234898 -0.160864 0.315653 0.804624 1 8 1.000000
  9 -2.883034 1.458212 1.111300 0.126294 0.194884 0.972661 0.320810 0.798290 1 9 1.000000
..\..\..\Desktop\General\noesis\ys_body
  9 -1.947537 2.396070 2.048726 0.219105 0.965837 0.138393 0.316420 0.793377 1 9 1.000000
  9 -0.812242 1.390891 1.623384 0.266171 0.496538 -0.826198 0.310615 0.794628 1 9 1.000000
  8 -1.939432 2.527742 0.724840 0.958617 0.234898 -0.160864 0.315653 0.804624 1 8 1.000000
..\..\..\Desktop\General\noesis\ys_body
  8 -0.000013 5.513980 0.112841 0.711931 0.000000 -0.702249 1.162090 -0.000721 1 8 1.000000
  8 1.402320 4.806670 0.092996 0.956610 -0.286091 -0.055222 1.164890 -0.173944 1 8 1.000000
  8 -0.000010 4.876290 -0.533640 0.636230 0.000000 -0.771499 1.205590 -0.000721 1 8 1.000000
..\..\..\Desktop\General\noesis\ys_body
  8 -0.000010 4.876290 -0.533640 0.636230 0.000000 -0.771499 1.205590 -0.000721 1 8 1.000000
  8 -1.402340 4.806650 0.092996 0.956610 0.286091 -0.055223 1.164890 0.172501 1 8 1.000000
  8 -0.000013 5.513980 0.112841 0.711931 0.000000 -0.702249 1.162090 -0.000721 1 8 1.000000
..\..\..\Desktop\General\noesis\ys_body
  8 -1.402340 4.806650 0.092996 0.956610 0.286091 -0.055223 1.164890 0.172501 1 8 1.000000
  8 -0.000010 4.876290 -0.533640 0.636230 0.000000 -0.771499 1.205590 -0.000721 1 8 1.000000
  8 -1.053128 4.171692 -0.734096 0.465447 0.155880 -0.871241 1.287970 0.163837 1 8 1.000000
..\..\..\Desktop\General\noesis\ys_body
  8 1.402320 4.806670 0.092996 0.956610 -0.286091 -0.055222 1.164890 -0.173944 1 8 1.000000
  8 1.053112 4.171708 -0.734096 0.465447 -0.155880 -0.871241 1.287970 -0.165280 1 8 1.000000
  8 -0.000010 4.876290 -0.533640 0.636230 0.000000 -0.771499 1.205590 -0.000721 1 8 1.000000
..\..\..\Desktop\General\noesis\ys_body
  8 -0.000010 4.876290 -0.533640 0.636230 0.000000 -0.771499 1.205590 -0.000721 1 8 1.000000
  8 1.053112 4.171708 -0.734096 0.465447 -0.155880 -0.871241 1.287970 -0.165280 1 8 1.000000
  8 -1.053128 4.171692 -0.734096 0.465447 0.155880 -0.871241 1.287970 0.163837 1 8 1.000000
..\..\..\Desktop\General\noesis\ys_body
  8 -0.000013 5.513980 0.112841 0.802943 0.000000 0.596056 1.162090 -0.000721 1 8 1.000000
  8 1.418492 4.128140 1.029140 0.550171 -0.419099 0.722266 1.035210 -0.140785 1 8 1.000000
  8 1.402320 4.806670 0.092996 0.956610 -0.286091 -0.055222 1.164890 -0.173944 1 8 1.000000
..\..\..\Desktop\General\noesis\ys_body
  8 1.418492 4.128140 1.029140 0.550171 -0.419099 0.722266 1.035210 -0.140785 1 8 1.000000
  8 -0.000013 5.513980 0.112841 0.802943 0.000000 0.596056 1.162090 -0.000721 1 8 1.000000
  8 -0.000009 4.368180 1.602650 0.624749 0.000000 0.780826 1.033110 -0.000721 1 8 1.000000
..\..\..\Desktop\General\noesis\ys_body
  8 -1.418508 4.128120 1.029140 0.550171 0.419099 0.722266 1.039520 0.137758 1 8 1.000000
  8 -0.000009 4.368180 1.602650 0.624749 0.000000 0.780826 1.033110 -0.000721 1 8 1.000000
  8 -0.000013 5.513980 0.112841 0.802943 0.000000 0.596056 1.162090 -0.000721 1 8 1.000000
..\..\..\Desktop\General\noesis\ys_body
  8 -0.000013 5.513980 0.112841 0.802943 0.000000 0.596056 1.162090 -0.000721 1 8 1.000000
  8 -1.402340 4.806650 0.092996 0.956610 0.286091 -0.055223 1.164890 0.172501 1 8 1.000000
  8 -1.418508 4.128120 1.029140 0.550171 0.419099 0.722266 1.039520 0.137758 1 8 1.000000
..\..\..\Desktop\General\noesis\ys_body
  8 -0.000009 4.368180 1.602650 0.624749 0.000000 0.780826 0.085149 0.576430 1 8 1.000000
  8 -0.000003 2.769287 2.427400 0.208806 -0.000000 0.977957 0.086339 0.490904 1 8 1.000000
  8 1.563436 3.114281 1.703710 0.367811 -0.587488 0.720814 0.099208 0.479081 1 8 1.000000
..\..\..\Desktop\General\noesis\ys_body
  8 -0.000009 4.368180 1.602650 0.624749 0.000000 0.780826 0.085149 0.576430 1 8 1.000000
  8 1.563436 3.114281 1.703710 0.367811 -0.587488 0.720814 0.099208 0.479081 1 8 1.000000
  8 1.418492 4.128140 1.029140 0.550171 -0.419099 0.722266 0.150788 0.668681 1 8 1.000000
..\..\..\Desktop\General\noesis\ys_body
  8 1.563436 3.114281 1.703710 0.367811 -0.587488 0.720814 0.099208 0.479081 1 8 1.000000
  8 2.079165 3.273255 0.614226 -0.171685 -0.847852 0.501669 0.264185 0.510171 1 8 1.000000
  8 1.418492 4.128140 1.029140 0.550171 -0.419099 0.722266 0.150788 0.668681 1 8 1.000000
..\..\..\Desktop\General\noesis\ys_body
  8 -0.000003 2.769287 2.427400 0.208806 -0.000000 0.977957 0.086339 0.490904 1 8 1.000000
  10 1.989070 1.167650 1.784320 0.695858 -0.181521 0.694861 0.129405 0.336732 1 10 1.000000
  8 1.563436 3.114281 1.703710 0.367811 -0.587488 0.720814 0.099208 0.479081 1 8 1.000000
..\..\..\Desktop\General\noesis\ys_body
  8 2.079165 3.273255 0.614226 -0.171685 -0.847852 0.501669 0.264185 0.510171 1 8 1.000000
  8 1.563436 3.114281 1.703710 0.367811 -0.587488 0.720814 0.099208 0.479081 1 8 1.000000
  10 1.989070 1.167650 1.784320 0.695858 -0.181521 0.694861 0.129405 0.336732 1 10 1.000000
..\..\..\Desktop\General\noesis\ys_body
  8 2.079165 3.273255 0.614226 -0.171685 -0.847852 0.501669 0.264185 0.510171 1 8 1.000000
  10 1.989070 1.167650 1.784320 0.695858 -0.181521 0.694861 0.129405 0.336732 1 10 1.000000
  10 2.544190 1.683500 -0.160437 0.956502 0.119310 -0.266213 0.385892 0.434232 1 10 1.000000
..\..\..\Desktop\General\noesis\ys_body
  10 1.798430 -0.258341 0.847972 0.648942 -0.739145 0.180388 0.175408 0.178588 1 10 1.000000
  10 2.544190 1.683500 -0.160437 0.956502 0.119310 -0.266213 0.385892 0.434232 1 10 1.000000
  10 1.989070 1.167650 1.784320 0.695858 -0.181521 0.694861 0.129405 0.336732 1 10 1.000000
..\..\..\Desktop\General\noesis\ys_body
  10 2.544190 1.683500 -0.160437 0.956502 0.119310 -0.266213 0.385892 0.434232 1 10 1.000000
  10 1.798430 -0.258341 0.847972 0.648942 -0.739145 0.180388 0.175408 0.178588 1 10 1.000000
  10 1.728830 0.203118 -0.665449 0.682072 -0.581294 -0.443706 0.325723 0.080413 1 10 1.000000
..\..\..\Desktop\General\noesis\ys_body
  10 1.798430 -0.258341 0.847972 0.648942 -0.739145 0.180388 0.175408 0.178588 1 10 1.000000
  10 0.000000 -0.285512 -1.328510 0.000000 -0.989662 -0.143417 0.165197 0.065943 1 10 1.000000
  10 1.728830 0.203118 -0.665449 0.682072 -0.581294 -0.443706 0.325723 0.080413 1 10 1.000000
..\..\..\Desktop\General\noesis\ys_body
  10 0.000000 -0.471941 1.297500 0.000000 -0.820747 0.571292 0.133898 0.202871 1 10 1.000000
  10 1.798430 -0.258341 0.847972 0.648942 -0.739145 0.180388 0.175408 0.178588 1 10 1.000000
  10 1.989070 1.167650 1.784320 0.695858 -0.181521 0.694861 0.129405 0.336732 1 10 1.000000
..\..\..\Desktop\General\noesis\ys_body
  10 1.798430 -0.258341 0.847972 0.648942 -0.739145 0.180388 0.175408 0.178588 1 10 1.000000
  10 0.000000 -0.471941 1.297500 0.000000 -0.820747 0.571292 0.133898 0.202871 1 10 1.000000
  10 0.000000 -0.285512 -1.328510 0.000000 -0.989662 -0.143417 0.165197 0.065943 1 10 1.000000
..\..\..\Desktop\General\noesis\ys_body
  10 0.000000 -0.471941 1.297500 0.000000 -0.820747 0.571292 0.133898 0.202871 1 10 1.000000
  10 1.989070 1.167650 1.784320 0.695858 -0.181521 0.694861 0.129405 0.336732 1 10 1.000000
  10 0.000000 0.917898 2.459100 0.000000 -0.332842 0.942983 0.107088 0.345522 1 10 1.000000
..\..\..\Desktop\General\noesis\ys_body
  8 -0.000003 2.769287 2.427400 0.208806 -0.000000 0.977957 0.086339 0.490904 1 8 1.000000
  10 0.000000 0.917898 2.459100 0.000000 -0.332842 0.942983 0.107088 0.345522 1 10 1.000000
  10 1.989070 1.167650 1.784320 0.695858 -0.181521 0.694861 0.129405 0.336732 1 10 1.000000
..\..\..\Desktop\General\noesis\ys_body
  10 0.000000 -0.471941 1.297500 0.000000 -0.820747 0.571292 0.133898 0.202871 1 10 1.000000
  10 0.000000 0.917898 2.459100 0.000000 -0.332842 0.942983 0.107088 0.345522 1 10 1.000000
  10 -1.989070 1.167650 1.784320 -0.695858 -0.181521 0.694861 0.129405 0.336732 1 10 1.000000
..\..\..\Desktop\General\noesis\ys_body
  8 -0.000003 2.769287 2.427400 0.208806 -0.000000 0.977957 0.086339 0.490904 1 8 1.000000
  10 -1.989070 1.167650 1.784320 -0.695858 -0.181521 0.694861 0.129405 0.336732 1 10 1.000000
  10 0.000000 0.917898 2.459100 0.000000 -0.332842 0.942983 0.107088 0.345522 1 10 1.000000
..\..\..\Desktop\General\noesis\ys_body
  10 -1.798430 -0.258341 0.847972 -0.648942 -0.739145 0.180388 0.175408 0.178588 1 10 1.000000
  10 0.000000 -0.285512 -1.328510 0.000000 -0.989662 -0.143417 0.165197 0.065943 1 10 1.000000
  10 0.000000 -0.471941 1.297500 0.000000 -0.820747 0.571292 0.133898 0.202871 1 10 1.000000
..\..\..\Desktop\General\noesis\ys_body
  10 0.000000 -0.471941 1.297500 0.000000 -0.820747 0.571292 0.133898 0.202871 1 10 1.000000
  10 -1.989070 1.167650 1.784320 -0.695858 -0.181521 0.694861 0.129405 0.336732 1 10 1.000000
  10 -1.798430 -0.258341 0.847972 -0.648942 -0.739145 0.180388 0.175408 0.178588 1 10 1.000000
..\..\..\Desktop\General\noesis\ys_body
  10 -1.798430 -0.258341 0.847972 -0.648942 -0.739145 0.180388 0.175408 0.178588 1 10 1.000000
  10 -1.728830 0.203118 -0.665449 -0.682072 -0.581294 -0.443706 0.325723 0.080413 1 10 1.000000
  10 0.000000 -0.285512 -1.328510 0.000000 -0.989662 -0.143417 0.165197 0.065943 1 10 1.000000
..\..\..\Desktop\General\noesis\ys_body
  10 -2.544190 1.683500 -0.160437 -0.956502 0.119310 -0.266213 0.385892 0.434232 1 10 1.000000
  10 -1.728830 0.203118 -0.665449 -0.682072 -0.581294 -0.443706 0.325723 0.080413 1 10 1.000000
  10 -1.798430 -0.258341 0.847972 -0.648942 -0.739145 0.180388 0.175408 0.178588 1 10 1.000000
..\..\..\Desktop\General\noesis\ys_body
  10 -1.798430 -0.258341 0.847972 -0.648942 -0.739145 0.180388 0.175408 0.178588 1 10 1.000000
  10 -1.989070 1.167650 1.784320 -0.695858 -0.181521 0.694861 0.129405 0.336732 1 10 1.000000
  10 -2.544190 1.683500 -0.160437 -0.956502 0.119310 -0.266213 0.385892 0.434232 1 10 1.000000
..\..\..\Desktop\General\noesis\ys_body
  8 -2.079175 3.273224 0.614226 -0.171685 0.847852 0.501668 0.264185 0.510171 1 8 1.000000
  10 -2.544190 1.683500 -0.160437 -0.956502 0.119310 -0.266213 0.385892 0.434232 1 10 1.000000
  10 -1.989070 1.167650 1.784320 -0.695858 -0.181521 0.694861 0.129405 0.336732 1 10 1.000000
..\..\..\Desktop\General\noesis\ys_body
  8 -0.000009 4.368180 1.602650 0.624749 0.000000 0.780826 0.085149 0.576430 1 8 1.000000
  8 -1.563444 3.114258 1.703710 0.367811 0.587488 0.720814 0.099208 0.479081 1 8 1.000000
  8 -0.000003 2.769287 2.427400 0.208806 -0.000000 0.977957 0.086339 0.490904 1 8 1.000000
..\..\..\Desktop\General\noesis\ys_body
  8 -2.079175 3.273224 0.614226 -0.171685 0.847852 0.501668 0.264185 0.510171 1 8 1.000000
  10 -1.989070 1.167650 1.784320 -0.695858 -0.181521 0.694861 0.129405 0.336732 1 10 1.000000
  8 -1.563444 3.114258 1.703710 0.367811 0.587488 0.720814 0.099208 0.479081 1 8 1.000000
..\..\..\Desktop\General\noesis\ys_body
  8 -0.000003 2.769287 2.427400 0.208806 -0.000000 0.977957 0.086339 0.490904 1 8 1.000000
  8 -1.563444 3.114258 1.703710 0.367811 0.587488 0.720814 0.099208 0.479081 1 8 1.000000
  10 -1.989070 1.167650 1.784320 -0.695858 -0.181521 0.694861 0.129405 0.336732 1 10 1.000000
..\..\..\Desktop\General\noesis\ys_body
  8 -0.000009 4.368180 1.602650 0.624749 0.000000 0.780826 0.085149 0.576430 1 8 1.000000
  8 -1.418508 4.128120 1.029140 0.550171 0.419099 0.722266 0.150788 0.668681 1 8 1.000000
  8 -1.563444 3.114258 1.703710 0.367811 0.587488 0.720814 0.099208 0.479081 1 8 1.000000
..\..\..\Desktop\General\noesis\ys_body
  8 -1.563444 3.114258 1.703710 0.367811 0.587488 0.720814 0.099208 0.479081 1 8 1.000000
  8 -1.418508 4.128120 1.029140 0.550171 0.419099 0.722266 0.150788 0.668681 1 8 1.000000
  8 -2.079175 3.273224 0.614226 -0.171685 0.847852 0.501668 0.264185 0.510171 1 8 1.000000
..\..\..\Desktop\General\noesis\ys_body
  8 -0.000005 3.480810 -2.465090 0.578613 0.000000 -0.815602 0.999582 0.999990 1 8 1.000000
  8 -0.000008 4.125840 -1.925990 0.960577 0.000007 -0.278014 0.999582 1.086210 1 8 1.000000
  8 0.763327 3.808846 -1.952230 0.699607 -0.580883 -0.416083 0.902925 1.041710 1 8 1.000000
..\..\..\Desktop\General\noesis\ys_body
  8 0.763327 3.808846 -1.952230 0.699607 -0.580883 -0.416083 0.902925 1.041710 1 8 1.000000
  8 0.763331 2.943273 -2.346830 0.176467 -0.571070 -0.801710 0.900993 0.956394 1 8 1.000000
  8 -0.000005 3.480810 -2.465090 0.578613 0.000000 -0.815602 0.999582 0.999990 1 8 1.000000
..\..\..\Desktop\General\noesis\ys_body
  8 0.763327 3.808846 -1.952230 0.699607 -0.580883 -0.416083 0.902925 1.041710 1 8 1.000000
  8 1.085644 3.707668 -0.943171 0.612347 -0.785497 -0.089586 0.832571 1.070010 1 8 1.000000
  8 0.763331 2.943273 -2.346830 0.176467 -0.571070 -0.801710 0.900993 0.956394 1 8 1.000000
..\..\..\Desktop\General\noesis\ys_body
  8 -0.000008 4.319050 -1.105080 0.994759 0.000014 0.102248 0.999582 1.141810 1 8 1.000000
  8 1.085644 3.707668 -0.943171 0.612347 -0.785497 -0.089586 0.832571 1.070010 1 8 1.000000
  8 0.763327 3.808846 -1.952230 0.699607 -0.580883 -0.416083 0.902925 1.041710 1 8 1.000000
..\..\..\Desktop\General\noesis\ys_body
  8 -0.000008 4.125840 -1.925990 0.960577 0.000007 -0.278014 0.999582 1.086210 1 8 1.000000
  8 -0.000008 4.319050 -1.105080 0.994759 0.000014 0.102248 0.999582 1.141810 1 8 1.000000
  8 0.763327 3.808846 -1.952230 0.699607 -0.580883 -0.416083 0.902925 1.041710 1 8 1.000000
..\..\..\Desktop\General\noesis\ys_body
  8 -0.000005 3.480810 -2.465090 0.578613 0.000000 -0.815602 0.999582 0.999990 1 8 1.000000
  8 -0.763340 3.808834 -1.952230 0.699589 0.580867 -0.416135 0.902925 1.041710 1 8 1.000000
  8 -0.000008 4.125840 -1.925990 0.960577 0.000007 -0.278014 0.999582 1.086210 1 8 1.000000
..\..\..\Desktop\General\noesis\ys_body
  8 -0.000008 4.125840 -1.925990 0.960577 0.000007 -0.278014 0.999582 1.086210 1 8 1.000000
  8 -0.763340 3.808834 -1.952230 0.699589 0.580867 -0.416135 0.902925 1.041710 1 8 1.000000
  8 -0.000008 4.319050 -1.105080 0.994759 0.000014 0.102248 0.999582 1.141810 1 8 1.000000
..\..\..\Desktop\General\noesis\ys_body
  8 -0.763340 3.808834 -1.952230 0.699589 0.580867 -0.416135 0.902925 1.041710 1 8 1.000000
  8 -0.000005 3.480810 -2.465090 0.578613 0.000000 -0.815602 0.999582 0.999990 1 8 1.000000
  8 -0.763337 2.943261 -2.346830 0.176454 0.571030 -0.801741 0.900993 0.956394 1 8 1.000000
..\..\..\Desktop\General\noesis\ys_body
  8 -0.763340 3.808834 -1.952230 0.699589 0.580867 -0.416135 0.902925 1.041710 1 8 1.000000
  8 -1.086006 3.707372 -0.943432 0.612338 0.785492 -0.089698 0.832571 1.070010 1 8 1.000000
  8 -0.000008 4.319050 -1.105080 0.994759 0.000014 0.102248 0.999582 1.141810 1 8 1.000000
..\..\..\Desktop\General\noesis\ys_body
  8 -0.763340 3.808834 -1.952230 0.699589 0.580867 -0.416135 0.902925 1.041710 1 8 1.000000
  8 -0.763337 2.943261 -2.346830 0.176454 0.571030 -0.801741 0.900993 0.956394 1 8 1.000000
  8 -1.086006 3.707372 -0.943432 0.612338 0.785492 -0.089698 0.832571 1.070010 1 8 1.000000
..\..\..\Desktop\General\noesis\ys_body
  8 -0.763337 2.943261 -2.346830 0.176454 0.571030 -0.801741 0.900993 0.956394 1 8 1.000000
  8 -1.080802 2.421773 -1.576440 -0.122049 0.791642 -0.598671 0.832571 0.929261 1 8 1.000000
  8 -1.086006 3.707372 -0.943432 0.612338 0.785492 -0.089698 0.832571 1.070010 1 8 1.000000
..\..\..\Desktop\General\noesis\ys_body
  8 -0.000002 2.637123 -2.470860 -0.098594 0.000000 -0.995128 0.999582 0.915104 1 8 1.000000
  8 -0.000005 3.480810 -2.465090 0.578613 0.000000 -0.815602 0.999582 0.999990 1 8 1.000000
  8 0.763331 2.943273 -2.346830 0.176467 -0.571070 -0.801710 0.900993 0.956394 1 8 1.000000
..\..\..\Desktop\General\noesis\ys_body
  8 -0.000002 2.637123 -2.470860 -0.098594 0.000000 -0.995128 0.999582 0.915104 1 8 1.000000
  8 -0.763337 2.943261 -2.346830 0.176454 0.571030 -0.801741 0.900993 0.956394 1 8 1.000000
  8 -0.000005 3.480810 -2.465090 0.578613 0.000000 -0.815602 0.999582 0.999990 1 8 1.000000
..\..\..\Desktop\General\noesis\ys_body
  8 -1.080802 2.421773 -1.576440 -0.122049 0.791642 -0.598671 0.832571 0.929261 1 8 1.000000
  8 -0.763337 2.943261 -2.346830 0.176454 0.571030 -0.801741 0.900993 0.956394 1 8 1.000000
  8 -0.000002 2.637123 -2.470860 -0.098594 0.000000 -0.995128 0.999582 0.915104 1 8 1.000000
..\..\..\Desktop\General\noesis\ys_body
  8 0.000000 1.984820 -1.995780 -0.463893 0.000000 -0.885891 0.999582 0.858093 1 8 1.000000
  8 -1.080802 2.421773 -1.576440 -0.122049 0.791642 -0.598671 0.832571 0.929261 1 8 1.000000
  8 -0.000002 2.637123 -2.470860 -0.098594 0.000000 -0.995128 0.999582 0.915104 1 8 1.000000
..\..\..\Desktop\General\noesis\ys_body
  8 0.000000 1.984820 -1.995780 -0.463893 0.000000 -0.885891 0.999582 0.858093 1 8 1.000000
  8 -0.000002 2.637123 -2.470860 -0.098594 0.000000 -0.995128 0.999582 0.915104 1 8 1.000000
  8 1.080799 2.421789 -1.576440 -0.122045 -0.791715 -0.598575 0.832571 0.929261 1 8 1.000000
..\..\..\Desktop\General\noesis\ys_body
  8 1.085644 3.707668 -0.943171 0.612347 -0.785497 -0.089586 0.832571 1.070010 1 8 1.000000
  8 1.080799 2.421789 -1.576440 -0.122045 -0.791715 -0.598575 0.832571 0.929261 1 8 1.000000
  8 0.763331 2.943273 -2.346830 0.176467 -0.571070 -0.801710 0.900993 0.956394 1 8 1.000000
..\..\..\Desktop\General\noesis\ys_body
  8 -0.000002 2.637123 -2.470860 -0.098594 0.000000 -0.995128 0.999582 0.915104 1 8 1.000000
  8 0.763331 2.943273 -2.346830 0.176467 -0.571070 -0.801710 0.900993 0.956394 1 8 1.000000
  8 1.080799 2.421789 -1.576440 -0.122045 -0.791715 -0.598575 0.832571 0.929261 1 8 1.000000
..\..\..\Desktop\General\noesis\ys_body
  8 1.413569 2.241661 -1.485680 -0.210855 -0.843411 -0.494164 0.759641 0.621139 1 8 1.000000
  8 -0.000000 2.031247 0.276734 -0.586056 0.000000 0.810270 0.944079 0.664635 1 8 1.000000
  8 0.000001 1.689223 -2.037120 -0.587037 0.000000 -0.809560 0.946443 0.559761 1 8 1.000000
..\..\..\Desktop\General\noesis\ys_body
  8 1.413569 2.241661 -1.485680 -0.210855 -0.843411 -0.494164 0.759641 0.621139 1 8 1.000000
  8 0.000001 1.689223 -2.037120 -0.587037 0.000000 -0.809560 0.946443 0.559761 1 8 1.000000
  8 -0.000004 3.238230 -1.945240 0.578613 0.000000 -0.815602 0.944079 0.664635 1 8 1.000000
..\..\..\Desktop\General\noesis\ys_body
  8 -0.000004 3.238230 -1.945240 0.578613 0.000000 -0.815602 0.944079 0.664635 1 8 1.000000
  8 1.378333 3.877260 -0.786111 0.540709 -0.839217 0.057869 0.759641 0.730220 1 8 1.000000
  8 1.413569 2.241661 -1.485680 -0.210855 -0.843411 -0.494164 0.759641 0.621139 1 8 1.000000
..\..\..\Desktop\General\noesis\ys_body
  8 1.413569 2.241661 -1.485680 -0.210855 -0.843411 -0.494164 0.759641 0.621139 1 8 1.000000
  8 1.378333 3.877260 -0.786111 0.540709 -0.839217 0.057869 0.759641 0.730220 1 8 1.000000
  8 -0.000000 2.031247 0.276734 -0.586056 0.000000 0.810270 0.944079 0.664635 1 8 1.000000
..\..\..\Desktop\General\noesis\ys_body
  8 -0.000010 4.628300 -0.887289 0.950178 0.000000 0.311709 0.944316 0.786266 1 8 1.000000
  8 -0.000000 2.031247 0.276734 -0.586056 0.000000 0.810270 0.944079 0.664635 1 8 1.000000
  8 1.378333 3.877260 -0.786111 0.540709 -0.839217 0.057869 0.759641 0.730220 1 8 1.000000
..\..\..\Desktop\General\noesis\ys_body
  8 -0.000010 4.628300 -0.887289 0.950178 0.000000 0.311709 0.944316 0.786266 1 8 1.000000
  8 1.378333 3.877260 -0.786111 0.540709 -0.839217 0.057869 0.759641 0.730220 1 8 1.000000
  8 -0.000004 3.238230 -1.945240 0.578613 0.000000 -0.815602 0.944079 0.664635 1 8 1.000000
..\..\..\Desktop\General\noesis\ys_body
  8 -0.000010 4.628300 -0.887289 0.950178 0.000000 0.311709 0.944316 0.786266 1 8 1.000000
  8 -1.378347 3.877240 -0.786111 0.540709 0.839217 0.057869 0.759641 0.730220 1 8 1.000000
  8 -0.000000 2.031247 0.276734 -0.586056 0.000000 0.810270 0.944079 0.664635 1 8 1.000000
..\..\..\Desktop\General\noesis\ys_body
  8 -0.000010 4.628300 -0.887289 0.950178 0.000000 0.311709 0.944316 0.786266 1 8 1.000000
  8 -0.000004 3.238230 -1.945240 0.578613 0.000000 -0.815602 0.944079 0.664635 1 8 1.000000
  8 -1.378347 3.877240 -0.786111 0.540709 0.839217 0.057869 0.759641 0.730220 1 8 1.000000
..\..\..\Desktop\General\noesis\ys_body
  8 -1.413571 2.241641 -1.485680 -0.210855 0.843411 -0.494164 0.759641 0.621139 1 8 1.000000
  8 0.000001 1.689223 -2.037120 -0.587037 0.000000 -0.809560 0.946443 0.559761 1 8 1.000000
  8 -0.000000 2.031247 0.276734 -0.586056 0.000000 0.810270 0.944079 0.664635 1 8 1.000000
..\..\..\Desktop\General\noesis\ys_body
  8 -1.413571 2.241641 -1.485680 -0.210855 0.843411 -0.494164 0.759641 0.621139 1 8 1.000000
  8 -0.000000 2.031247 0.276734 -0.586056 0.000000 0.810270 0.944079 0.664635 1 8 1.000000
  8 -1.378347 3.877240 -0.786111 0.540709 0.839217 0.057869 0.759641 0.730220 1 8 1.000000
..\..\..\Desktop\General\noesis\ys_body
  8 -1.413571 2.241641 -1.485680 -0.210855 0.843411 -0.494164 0.759641 0.621139 1 8 1.000000
  8 -0.000004 3.238230 -1.945240 0.578613 0.000000 -0.815602 0.944079 0.664635 1 8 1.000000
  8 0.000001 1.689223 -2.037120 -0.587037 0.000000 -0.809560 0.946443 0.559761 1 8 1.000000
..\..\..\Desktop\General\noesis\ys_body
  8 -0.000004 3.238230 -1.945240 0.578613 0.000000 -0.815602 0.944079 0.664635 1 8 1.000000
  8 -1.413571 2.241641 -1.485680 -0.210855 0.843411 -0.494164 0.759641 0.621139 1 8 1.000000
  8 -1.378347 3.877240 -0.786111 0.540709 0.839217 0.057869 0.759641 0.730220 1 8 1.000000
..\..\..\Desktop\General\noesis\ys_body
  9 2.810861 1.406528 5.254050 0.746529 0.472559 -0.468382 0.738075 0.361056 1 9 1.000000
  9 2.186738 -0.936880 3.430046 0.300093 -0.649082 -0.699026 0.754499 0.362124 1 9 1.000000
  9 2.878765 1.752290 4.240612 -0.506579 0.304904 -0.806481 0.739650 0.482164 1 9 1.000000
..\..\..\Desktop\General\noesis\ys_body
  9 2.810861 1.406528 5.254050 0.746529 0.472559 -0.468382 0.738075 0.361056 1 9 1.000000
  9 2.878765 1.752290 4.240612 -0.506579 0.304904 -0.806481 0.739650 0.482164 1 9 1.000000
  9 1.867683 2.356560 4.813154 -0.377541 0.925622 0.026214 0.736097 0.464397 1 9 1.000000
..\..\..\Desktop\General\noesis\ys_body
  9 0.782290 1.558765 5.256556 0.520049 0.612939 0.594857 0.738075 0.361043 1 9 1.000000
  9 2.810861 1.406528 5.254050 0.746529 0.472559 -0.468382 0.738075 0.361056 1 9 1.000000
  9 1.867683 2.356560 4.813154 -0.377541 0.925622 0.026214 0.736097 0.464397 1 9 1.000000
..\..\..\Desktop\General\noesis\ys_body
  9 0.735932 1.903757 4.268776 -0.463933 0.321514 0.825467 0.739724 0.474781 1 9 1.000000
  9 0.782290 1.558765 5.256556 0.520049 0.612939 0.594857 0.738075 0.361043 1 9 1.000000
  9 1.867683 2.356560 4.813154 -0.377541 0.925622 0.026214 0.736097 0.464397 1 9 1.000000
..\..\..\Desktop\General\noesis\ys_body
  9 0.700135 -0.835500 3.439006 0.541995 -0.563455 0.623506 0.754499 0.361043 1 9 1.000000
  9 0.782290 1.558765 5.256556 0.520049 0.612939 0.594857 0.738075 0.361043 1 9 1.000000
  9 0.735932 1.903757 4.268776 -0.463933 0.321514 0.825467 0.739724 0.474781 1 9 1.000000
..\..\..\Desktop\General\noesis\ys_body
  9 0.700135 -0.835500 3.439006 0.541995 -0.563455 0.623506 0.754499 0.361043 1 9 1.000000
  9 0.735932 1.903757 4.268776 -0.463933 0.321514 0.825467 0.739724 0.474781 1 9 1.000000
  9 0.967817 -0.070830 2.346238 -0.732865 -0.472538 0.489507 0.753575 0.513870 1 9 1.000000
..\..\..\Desktop\General\noesis\ys_body
  9 0.700135 -0.835500 3.439006 0.541995 -0.563455 0.623506 0.754499 0.361043 1 9 1.000000
  9 1.478421 -0.754290 2.602860 -0.207436 -0.978248 -0.000994 0.755415 0.444023 1 9 1.000000
  9 2.186738 -0.936880 3.430046 0.300093 -0.649082 -0.699026 0.754499 0.362124 1 9 1.000000
..\..\..\Desktop\General\noesis\ys_body
  9 0.967817 -0.070830 2.346238 -0.732865 -0.472538 0.489507 0.753575 0.513870 1 9 1.000000
  9 1.478421 -0.754290 2.602860 -0.207436 -0.978248 -0.000994 0.755415 0.444023 1 9 1.000000
  9 0.700135 -0.835500 3.439006 0.541995 -0.563455 0.623506 0.754499 0.361043 1 9 1.000000
..\..\..\Desktop\General\noesis\ys_body
  9 2.878765 1.752290 4.240612 -0.506579 0.304904 -0.806481 0.739650 0.482164 1 9 1.000000
  9 2.186738 -0.936880 3.430046 0.300093 -0.649082 -0.699026 0.754499 0.362124 1 9 1.000000
  9 2.275781 -0.165230 2.344726 -0.749480 -0.485122 -0.450485 0.753575 0.513870 1 9 1.000000
..\..\..\Desktop\General\noesis\ys_body
  9 1.478421 -0.754290 2.602860 -0.207436 -0.978248 -0.000994 0.755415 0.444023 1 9 1.000000
  9 2.275781 -0.165230 2.344726 -0.749480 -0.485122 -0.450485 0.753575 0.513870 1 9 1.000000
  9 2.186738 -0.936880 3.430046 0.300093 -0.649082 -0.699026 0.754499 0.362124 1 9 1.000000
..\..\..\Desktop\General\noesis\ys_body
  9 1.478421 -0.754290 2.602860 -0.207436 -0.978248 -0.000994 0.755415 0.444023 1 9 1.000000
  9 0.967817 -0.070830 2.346238 -0.732865 -0.472538 0.489507 0.753575 0.513870 1 9 1.000000
  9 2.275781 -0.165230 2.344726 -0.749480 -0.485122 -0.450485 0.753575 0.513870 1 9 1.000000
..\..\..\Desktop\General\noesis\ys_body
  9 2.275781 -0.165230 2.344726 -0.749480 -0.485122 -0.450485 0.753575 0.513870 1 9 1.000000
  9 1.909937 2.082234 3.690174 -0.961482 0.272141 0.038623 0.740366 0.535057 1 9 1.000000
  9 2.878765 1.752290 4.240612 -0.506579 0.304904 -0.806481 0.739650 0.482164 1 9 1.000000
..\..\..\Desktop\General\noesis\ys_body
  9 2.275781 -0.165230 2.344726 -0.749480 -0.485122 -0.450485 0.753575 0.513870 1 9 1.000000
  9 0.967817 -0.070830 2.346238 -0.732865 -0.472538 0.489507 0.753575 0.513870 1 9 1.000000
  9 1.909937 2.082234 3.690174 -0.961482 0.272141 0.038623 0.740366 0.535057 1 9 1.000000
..\..\..\Desktop\General\noesis\ys_body
  9 0.735932 1.903757 4.268776 -0.463933 0.321514 0.825467 0.739724 0.474781 1 9 1.000000
  9 1.909937 2.082234 3.690174 -0.961482 0.272141 0.038623 0.740366 0.535057 1 9 1.000000
  9 0.967817 -0.070830 2.346238 -0.732865 -0.472538 0.489507 0.753575 0.513870 1 9 1.000000
..\..\..\Desktop\General\noesis\ys_body
  9 0.735932 1.903757 4.268776 -0.463933 0.321514 0.825467 0.739724 0.474781 1 9 1.000000
  9 1.867683 2.356560 4.813154 -0.377541 0.925622 0.026214 0.736097 0.464397 1 9 1.000000
  9 1.909937 2.082234 3.690174 -0.961482 0.272141 0.038623 0.740366 0.535057 1 9 1.000000
..\..\..\Desktop\General\noesis\ys_body
  9 1.867683 2.356560 4.813154 -0.377541 0.925622 0.026214 0.736097 0.464397 1 9 1.000000
  9 2.878765 1.752290 4.240612 -0.506579 0.304904 -0.806481 0.739650 0.482164 1 9 1.000000
  9 1.909937 2.082234 3.690174 -0.961482 0.272141 0.038623 0.740366 0.535057 1 9 1.000000
..\..\..\Desktop\General\noesis\ys_body
  9 0.700135 -0.835500 3.439006 0.541995 -0.563455 0.623506 0.467719 0.911492 1 9 1.000000
  9 2.186738 -0.936880 3.430046 0.300093 -0.649082 -0.699026 0.467719 1.082510 1 9 1.000000
  9 2.810861 1.406528 5.254050 0.746529 0.472559 -0.468382 0.697398 1.110950 1 9 1.000000
..\..\..\Desktop\General\noesis\ys_body
  9 0.700135 -0.835500 3.439006 0.541995 -0.563455 0.623506 0.467719 0.911492 1 9 1.000000
  9 2.810861 1.406528 5.254050 0.746529 0.472559 -0.468382 0.697398 1.110950 1 9 1.000000
  9 0.782290 1.558765 5.256556 0.520049 0.612939 0.594857 0.697398 0.889900 1 9 1.000000
..\..\..\Desktop\General\noesis\ys_body
  9 1.793762 0.887107 2.179883 -0.999286 0.037786 0.000824 0.560147 0.368320 1 9 1.000000
  9 0.946723 -0.150760 2.062166 -0.337824 -0.777479 0.530473 0.483844 0.427717 1 9 1.000000
  9 0.655742 1.047186 2.614044 -0.334770 0.201366 0.920533 0.414878 0.364963 1 9 1.000000
..\..\..\Desktop\General\noesis\ys_body
  9 1.793762 0.887107 2.179883 -0.999286 0.037786 0.000824 0.560147 0.368320 1 9 1.000000
  9 2.170343 -0.392070 1.953166 -0.335741 -0.783273 -0.523221 0.634805 0.427717 1 9 1.000000
  9 0.946723 -0.150760 2.062166 -0.337824 -0.777479 0.530473 0.483844 0.427717 1 9 1.000000
..\..\..\Desktop\General\noesis\ys_body
  9 2.170343 -0.392070 1.953166 -0.335741 -0.783273 -0.523221 0.634805 0.427717 1 9 1.000000
  9 1.793762 0.887107 2.179883 -0.999286 0.037786 0.000824 0.560147 0.368320 1 9 1.000000
  9 3.008911 0.575124 2.400822 -0.336206 0.200050 -0.920297 0.696111 0.363505 1 9 1.000000
..\..\..\Desktop\General\noesis\ys_body
  9 1.793762 0.887107 2.179883 -0.999286 0.037786 0.000824 0.560147 0.368320 1 9 1.000000
  9 2.008019 2.051871 2.996354 -0.388339 0.921503 0.005066 0.559331 0.315995 1 9 1.000000
  9 3.008911 0.575124 2.400822 -0.336206 0.200050 -0.920297 0.696111 0.363505 1 9 1.000000
..\..\..\Desktop\General\noesis\ys_body
  9 1.793762 0.887107 2.179883 -0.999286 0.037786 0.000824 0.560147 0.368320 1 9 1.000000
  9 0.655742 1.047186 2.614044 -0.334770 0.201366 0.920533 0.414878 0.364963 1 9 1.000000
  9 2.008019 2.051871 2.996354 -0.388339 0.921503 0.005066 0.559331 0.315995 1 9 1.000000
..\..\..\Desktop\General\noesis\ys_body
  9 1.831567 0.455915 3.639064 0.994496 -0.104688 0.004355 1.261110 0.413770 1 9 1.000000
  9 0.946723 -0.150760 2.062166 -0.337824 -0.777479 0.530473 1.282360 0.424195 1 9 1.000000
  9 2.170343 -0.392070 1.953166 -0.335741 -0.783273 -0.523221 1.282360 0.424195 1 9 1.000000
..\..\..\Desktop\General\noesis\ys_body
  9 1.831567 0.455915 3.639064 0.994496 -0.104688 0.004355 1.261110 0.413770 1 9 1.000000
  9 0.655742 1.047186 2.614044 -0.334770 0.201366 0.920533 1.253670 0.424195 1 9 1.000000
  9 0.946723 -0.150760 2.062166 -0.337824 -0.777479 0.530473 1.282360 0.424195 1 9 1.000000
..\..\..\Desktop\General\noesis\ys_body
  9 1.831567 0.455915 3.639064 0.994496 -0.104688 0.004355 1.261110 0.413770 1 9 1.000000
  9 2.008019 2.051871 2.996354 -0.388339 0.921503 0.005066 1.234040 0.424195 1 9 1.000000
  9 0.655742 1.047186 2.614044 -0.334770 0.201366 0.920533 1.253670 0.424195 1 9 1.000000
..\..\..\Desktop\General\noesis\ys_body
  9 1.831567 0.455915 3.639064 0.994496 -0.104688 0.004355 1.261110 0.413770 1 9 1.000000
  9 3.008911 0.575124 2.400822 -0.336206 0.200050 -0.920297 1.253670 0.424195 1 9 1.000000
  9 2.008019 2.051871 2.996354 -0.388339 0.921503 0.005066 1.234040 0.424195 1 9 1.000000
..\..\..\Desktop\General\noesis\ys_body
  9 1.831567 0.455915 3.639064 0.994496 -0.104688 0.004355 1.261110 0.413770 1 9 1.000000
  9 2.170343 -0.392070 1.953166 -0.335741 -0.783273 -0.523221 1.282360 0.424195 1 9 1.000000
  9 3.008911 0.575124 2.400822 -0.336206 0.200050 -0.920297 1.253670 0.424195 1 9 1.000000
..\..\..\Desktop\General\noesis\ys_body
  9 1.158891 0.791685 2.551098 0.368187 -0.071084 0.927030 0.391600 0.860552 1 9 1.000000
  9 1.881250 1.529385 2.876434 0.446107 0.843425 0.299372 0.391600 0.850657 1 9 1.000000
  9 0.812230 1.390891 1.623396 0.266171 0.496538 0.826198 0.260107 0.858926 1 9 1.000000
..\..\..\Desktop\General\noesis\ys_body
  9 1.158891 0.791685 2.551098 0.368187 -0.071084 0.927030 0.391600 0.860552 1 9 1.000000
  9 0.812230 1.390891 1.623396 0.266171 0.496538 0.826198 0.260107 0.858926 1 9 1.000000
  9 0.889768 0.536128 0.929360 0.127997 -0.860361 0.493351 0.256044 0.877103 1 9 1.000000
..\..\..\Desktop\General\noesis\ys_body
  9 1.158891 0.791685 2.551098 0.368187 -0.071084 0.927030 0.391600 0.860552 1 9 1.000000
  9 0.889768 0.536128 0.929360 0.127997 -0.860361 0.493351 0.256044 0.877103 1 9 1.000000
  9 1.897412 -0.121370 2.297384 0.362056 -0.932141 -0.005387 0.391600 0.873213 1 9 1.000000
..\..\..\Desktop\General\noesis\ys_body
  9 2.539047 0.401597 0.949603 -0.051339 -0.762648 -0.644773 0.256405 0.876703 1 9 1.000000
  9 1.897412 -0.121370 2.297384 0.362056 -0.932141 -0.005387 0.391600 0.873213 1 9 1.000000
  9 0.889768 0.536128 0.929360 0.127997 -0.860361 0.493351 0.256044 0.877103 1 9 1.000000
..\..\..\Desktop\General\noesis\ys_body
  9 2.539047 0.401597 0.949603 -0.051339 -0.762648 -0.644773 0.256405 0.876703 1 9 1.000000
  9 2.670811 0.717157 2.535190 0.375292 0.069535 -0.924295 0.391600 0.861148 1 9 1.000000
  9 1.897412 -0.121370 2.297384 0.362056 -0.932141 -0.005387 0.391600 0.873213 1 9 1.000000
..\..\..\Desktop\General\noesis\ys_body
  9 2.539047 0.401597 0.949603 -0.051339 -0.762648 -0.644773 0.256405 0.876703 1 9 1.000000
  9 2.815846 1.458212 1.111340 0.126294 0.194884 -0.972661 0.260855 0.859034 1 9 1.000000
  9 2.670811 0.717157 2.535190 0.375292 0.069535 -0.924295 0.391600 0.861148 1 9 1.000000
..\..\..\Desktop\General\noesis\ys_body
  9 1.881250 1.529385 2.876434 0.446107 0.843425 0.299372 0.391600 0.850657 1 9 1.000000
  9 1.947523 2.396070 2.048754 0.219105 0.965837 -0.138393 0.264638 0.844292 1 9 1.000000
  9 0.812230 1.390891 1.623396 0.266171 0.496538 0.826198 0.260107 0.858926 1 9 1.000000
..\..\..\Desktop\General\noesis\ys_body
  9 1.947523 2.396070 2.048754 0.219105 0.965837 -0.138393 0.264638 0.844292 1 9 1.000000
  9 2.670811 0.717157 2.535190 0.375292 0.069535 -0.924295 0.391600 0.861148 1 9 1.000000
  9 2.815846 1.458212 1.111340 0.126294 0.194884 -0.972661 0.260855 0.859034 1 9 1.000000
..\..\..\Desktop\General\noesis\ys_body
  9 1.947523 2.396070 2.048754 0.219105 0.965837 -0.138393 0.264638 0.844292 1 9 1.000000
  9 1.881250 1.529385 2.876434 0.446107 0.843425 0.299372 0.391600 0.850657 1 9 1.000000
  9 2.670811 0.717157 2.535190 0.375292 0.069535 -0.924295 0.391600 0.861148 1 9 1.000000
..\..\..\Desktop\General\noesis\ys_body
  9 -2.810899 1.406528 5.254010 0.746529 0.472559 0.468382 0.738075 0.361056 1 9 1.000000
  9 -2.878795 1.752290 4.240570 -0.506579 0.304904 0.806481 0.739650 0.482164 1 9 1.000000
  9 -2.186762 -0.936880 3.430014 0.300093 -0.649082 0.699026 0.754499 0.362124 1 9 1.000000
..\..\..\Desktop\General\noesis\ys_body
  9 -2.810899 1.406528 5.254010 0.746529 0.472559 0.468382 0.738075 0.361056 1 9 1.000000
  9 -1.867717 2.356560 4.813126 -0.377541 0.925622 -0.026214 0.736097 0.464397 1 9 1.000000
  9 -2.878795 1.752290 4.240570 -0.506579 0.304904 0.806481 0.739650 0.482164 1 9 1.000000
..\..\..\Desktop\General\noesis\ys_body
  9 -0.782328 1.558765 5.256544 0.520049 0.612939 -0.594857 0.738075 0.361043 1 9 1.000000
  9 -1.867717 2.356560 4.813126 -0.377541 0.925622 -0.026214 0.736097 0.464397 1 9 1.000000
  9 -2.810899 1.406528 5.254010 0.746529 0.472559 0.468382 0.738075 0.361056 1 9 1.000000
..\..\..\Desktop\General\noesis\ys_body
  9 -0.735963 1.903757 4.268764 -0.463933 0.321514 -0.825467 0.739724 0.474781 1 9 1.000000
  9 -1.867717 2.356560 4.813126 -0.377541 0.925622 -0.026214 0.736097 0.464397 1 9 1.000000
  9 -0.782328 1.558765 5.256544 0.520049 0.612939 -0.594857 0.738075 0.361043 1 9 1.000000
..\..\..\Desktop\General\noesis\ys_body
  9 -0.700159 -0.835500 3.438994 0.541995 -0.563455 -0.623506 0.754499 0.361043 1 9 1.000000
  9 -0.735963 1.903757 4.268764 -0.463933 0.321514 -0.825467 0.739724 0.474781 1 9 1.000000
  9 -0.782328 1.558765 5.256544 0.520049 0.612939 -0.594857 0.738075 0.361043 1 9 1.000000
..\..\..\Desktop\General\noesis\ys_body
  9 -0.700159 -0.835500 3.438994 0.541995 -0.563455 -0.623506 0.754499 0.361043 1 9 1.000000
  9 -0.967834 -0.070830 2.346222 -0.732865 -0.472538 -0.489507 0.753575 0.513870 1 9 1.000000
  9 -0.735963 1.903757 4.268764 -0.463933 0.321514 -0.825467 0.739724 0.474781 1 9 1.000000
..\..\..\Desktop\General\noesis\ys_body
  9 -0.967834 -0.070830 2.346222 -0.732865 -0.472538 -0.489507 0.753575 0.513870 1 9 1.000000
  9 -0.700159 -0.835500 3.438994 0.541995 -0.563455 -0.623506 0.754499 0.361043 1 9 1.000000
  9 -1.478439 -0.754290 2.602840 -0.207436 -0.978248 -0.000994 0.755415 0.444023 1 9 1.000000
..\..\..\Desktop\General\noesis\ys_body
  9 -0.700159 -0.835500 3.438994 0.541995 -0.563455 -0.623506 0.754499 0.361043 1 9 1.000000
  9 -2.186762 -0.936880 3.430014 0.300093 -0.649082 0.699026 0.754499 0.362124 1 9 1.000000
  9 -1.478439 -0.754290 2.602840 -0.207436 -0.978248 -0.000994 0.755415 0.444023 1 9 1.000000
..\..\..\Desktop\General\noesis\ys_body
  9 -1.478439 -0.754290 2.602840 -0.207436 -0.978248 -0.000994 0.755415 0.444023 1 9 1.000000
  9 -2.186762 -0.936880 3.430014 0.300093 -0.649082 0.699026 0.754499 0.362124 1 9 1.000000
  9 -2.275799 -0.165230 2.344694 -0.749480 -0.485122 0.450485 0.753575 0.513870 1 9 1.000000
..\..\..\Desktop\General\noesis\ys_body
  9 -1.478439 -0.754290 2.602840 -0.207436 -0.978248 -0.000994 0.755415 0.444023 1 9 1.000000
  9 -2.275799 -0.165230 2.344694 -0.749480 -0.485122 0.450485 0.753575 0.513870 1 9 1.000000
  9 -0.967834 -0.070830 2.346222 -0.732865 -0.472538 -0.489507 0.753575 0.513870 1 9 1.000000
..\..\..\Desktop\General\noesis\ys_body
  9 -2.878795 1.752290 4.240570 -0.506579 0.304904 0.806481 0.739650 0.482164 1 9 1.000000
  9 -2.275799 -0.165230 2.344694 -0.749480 -0.485122 0.450485 0.753575 0.513870 1 9 1.000000
  9 -2.186762 -0.936880 3.430014 0.300093 -0.649082 0.699026 0.754499 0.362124 1 9 1.000000
..\..\..\Desktop\General\noesis\ys_body
  9 -0.735963 1.903757 4.268764 -0.463933 0.321514 -0.825467 0.739724 0.474781 1 9 1.000000
  9 -0.967834 -0.070830 2.346222 -0.732865 -0.472538 -0.489507 0.753575 0.513870 1 9 1.000000
  9 -1.909963 2.082234 3.690146 -0.961482 0.272141 -0.038623 0.740366 0.535057 1 9 1.000000
..\..\..\Desktop\General\noesis\ys_body
  9 -0.735963 1.903757 4.268764 -0.463933 0.321514 -0.825467 0.739724 0.474781 1 9 1.000000
  9 -1.909963 2.082234 3.690146 -0.961482 0.272141 -0.038623 0.740366 0.535057 1 9 1.000000
  9 -1.867717 2.356560 4.813126 -0.377541 0.925622 -0.026214 0.736097 0.464397 1 9 1.000000
..\..\..\Desktop\General\noesis\ys_body
  9 -1.867717 2.356560 4.813126 -0.377541 0.925622 -0.026214 0.736097 0.464397 1 9 1.000000
  9 -1.909963 2.082234 3.690146 -0.961482 0.272141 -0.038623 0.740366 0.535057 1 9 1.000000
  9 -2.878795 1.752290 4.240570 -0.506579 0.304904 0.806481 0.739650 0.482164 1 9 1.000000
..\..\..\Desktop\General\noesis\ys_body
  9 -2.275799 -0.165230 2.344694 -0.749480 -0.485122 0.450485 0.753575 0.513870 1 9 1.000000
  9 -2.878795 1.752290 4.240570 -0.506579 0.304904 0.806481 0.739650 0.482164 1 9 1.000000
  9 -1.909963 2.082234 3.690146 -0.961482 0.272141 -0.038623 0.740366 0.535057 1 9 1.000000
..\..\..\Desktop\General\noesis\ys_body
  9 -2.275799 -0.165230 2.344694 -0.749480 -0.485122 0.450485 0.753575 0.513870 1 9 1.000000
  9 -1.909963 2.082234 3.690146 -0.961482 0.272141 -0.038623 0.740366 0.535057 1 9 1.000000
  9 -0.967834 -0.070830 2.346222 -0.732865 -0.472538 -0.489507 0.753575 0.513870 1 9 1.000000
..\..\..\Desktop\General\noesis\ys_body
  9 -0.700159 -0.835500 3.438994 0.541995 -0.563455 -0.623506 0.467719 0.911492 1 9 1.000000
  9 -2.810899 1.406528 5.254010 0.746529 0.472559 0.468382 0.697398 1.110950 1 9 1.000000
  9 -2.186762 -0.936880 3.430014 0.300093 -0.649082 0.699026 0.467719 1.082510 1 9 1.000000
..\..\..\Desktop\General\noesis\ys_body
  9 -0.700159 -0.835500 3.438994 0.541995 -0.563455 -0.623506 0.467719 0.911492 1 9 1.000000
  9 -0.782328 1.558765 5.256544 0.520049 0.612939 -0.594857 0.697398 0.889900 1 9 1.000000
  9 -2.810899 1.406528 5.254010 0.746529 0.472559 0.468382 0.697398 1.110950 1 9 1.000000
..\..\..\Desktop\General\noesis\ys_body
  9 -1.793778 0.887107 2.179857 -0.999286 0.037786 0.000824 0.560147 0.368320 1 9 1.000000
  9 -0.655761 1.047186 2.614036 -0.336206 0.200050 -0.920297 0.414878 0.364963 1 9 1.000000
  9 -0.946738 -0.150760 2.062154 -0.335741 -0.783273 -0.523221 0.483844 0.427717 1 9 1.000000
..\..\..\Desktop\General\noesis\ys_body
  9 -1.793778 0.887107 2.179857 -0.999286 0.037786 0.000824 0.560147 0.368320 1 9 1.000000
  9 -0.946738 -0.150760 2.062154 -0.335741 -0.783273 -0.523221 0.483844 0.427717 1 9 1.000000
  9 -2.170357 -0.392070 1.953134 -0.337824 -0.777479 0.530473 0.634805 0.427717 1 9 1.000000
..\..\..\Desktop\General\noesis\ys_body
  9 -2.170357 -0.392070 1.953134 -0.337824 -0.777479 0.530473 0.634805 0.427717 1 9 1.000000
  9 -3.008929 0.575124 2.400778 -0.334770 0.201366 0.920533 0.696111 0.363505 1 9 1.000000
  9 -1.793778 0.887107 2.179857 -0.999286 0.037786 0.000824 0.560147 0.368320 1 9 1.000000
..\..\..\Desktop\General\noesis\ys_body
  9 -1.793778 0.887107 2.179857 -0.999286 0.037786 0.000824 0.560147 0.368320 1 9 1.000000
  9 -3.008929 0.575124 2.400778 -0.334770 0.201366 0.920533 0.696111 0.363505 1 9 1.000000
  9 -2.008041 2.051872 2.996326 -0.388339 0.921503 -0.005066 0.559331 0.315995 1 9 1.000000
..\..\..\Desktop\General\noesis\ys_body
  9 -1.793778 0.887107 2.179857 -0.999286 0.037786 0.000824 0.560147 0.368320 1 9 1.000000
  9 -2.008041 2.051872 2.996326 -0.388339 0.921503 -0.005066 0.559331 0.315995 1 9 1.000000
  9 -0.655761 1.047186 2.614036 -0.336206 0.200050 -0.920297 0.414878 0.364963 1 9 1.000000
..\..\..\Desktop\General\noesis\ys_body
  9 -1.831593 0.455915 3.639036 0.994496 -0.104688 0.004355 1.261110 0.413770 1 9 1.000000
  9 -2.170357 -0.392070 1.953134 -0.337824 -0.777479 0.530473 1.282360 0.424195 1 9 1.000000
  9 -0.946738 -0.150760 2.062154 -0.335741 -0.783273 -0.523221 1.282360 0.424195 1 9 1.000000
..\..\..\Desktop\General\noesis\ys_body
  9 -1.831593 0.455915 3.639036 0.994496 -0.104688 0.004355 1.261110 0.413770 1 9 1.000000
  9 -0.946738 -0.150760 2.062154 -0.335741 -0.783273 -0.523221 1.282360 0.424195 1 9 1.000000
  9 -0.655761 1.047186 2.614036 -0.336206 0.200050 -0.920297 1.253670 0.424195 1 9 1.000000
..\..\..\Desktop\General\noesis\ys_body
  9 -1.831593 0.455915 3.639036 0.994496 -0.104688 0.004355 1.261110 0.413770 1 9 1.000000
  9 -0.655761 1.047186 2.614036 -0.336206 0.200050 -0.920297 1.253670 0.424195 1 9 1.000000
  9 -2.008041 2.051872 2.996326 -0.388339 0.921503 -0.005066 1.234040 0.424195 1 9 1.000000
..\..\..\Desktop\General\noesis\ys_body
  9 -1.831593 0.455915 3.639036 0.994496 -0.104688 0.004355 1.261110 0.413770 1 9 1.000000
  9 -2.008041 2.051872 2.996326 -0.388339 0.921503 -0.005066 1.234040 0.424195 1 9 1.000000
  9 -3.008929 0.575124 2.400778 -0.334770 0.201366 0.920533 1.253670 0.424195 1 9 1.000000
..\..\..\Desktop\General\noesis\ys_body
  9 -1.831593 0.455915 3.639036 0.994496 -0.104688 0.004355 1.261110 0.413770 1 9 1.000000
  9 -3.008929 0.575124 2.400778 -0.334770 0.201366 0.920533 1.253670 0.424195 1 9 1.000000
  9 -2.170357 -0.392070 1.953134 -0.337824 -0.777479 0.530473 1.282360 0.424195 1 9 1.000000
..\..\..\Desktop\General\noesis\ys_body
  9 -1.158909 0.791685 2.551082 0.368187 -0.071084 -0.927030 0.391600 0.860552 1 9 1.000000
  9 -0.812242 1.390891 1.623384 0.266171 0.496538 -0.826198 0.260107 0.858926 1 9 1.000000
  9 -1.881270 1.529385 2.876406 0.446107 0.843425 -0.299372 0.391600 0.850657 1 9 1.000000
..\..\..\Desktop\General\noesis\ys_body
  9 -1.158909 0.791685 2.551082 0.368187 -0.071084 -0.927030 0.391600 0.860552 1 9 1.000000
  9 -0.889774 0.536128 0.929348 0.127997 -0.860361 -0.493351 0.256044 0.877103 1 9 1.000000
  9 -0.812242 1.390891 1.623384 0.266171 0.496538 -0.826198 0.260107 0.858926 1 9 1.000000
..\..\..\Desktop\General\noesis\ys_body
  9 -1.158909 0.791685 2.551082 0.368187 -0.071084 -0.927030 0.391600 0.860552 1 9 1.000000
  9 -1.897428 -0.121370 2.297356 0.362056 -0.932141 0.005387 0.391600 0.873213 1 9 1.000000
  9 -0.889774 0.536128 0.929348 0.127997 -0.860361 -0.493351 0.256044 0.877103 1 9 1.000000
..\..\..\Desktop\General\noesis\ys_body
  9 -2.539053 0.401597 0.949567 -0.051339 -0.762649 0.644773 0.256405 0.876703 1 9 1.000000
  9 -0.889774 0.536128 0.929348 0.127997 -0.860361 -0.493351 0.256044 0.877103 1 9 1.000000
  9 -1.897428 -0.121370 2.297356 0.362056 -0.932141 0.005387 0.391600 0.873213 1 9 1.000000
..\..\..\Desktop\General\noesis\ys_body
  9 -2.539053 0.401597 0.949567 -0.051339 -0.762649 0.644773 0.256405 0.876703 1 9 1.000000
  9 -1.897428 -0.121370 2.297356 0.362056 -0.932141 0.005387 0.391600 0.873213 1 9 1.000000
  9 -2.670829 0.717157 2.535150 0.375292 0.069535 0.924295 0.391600 0.861148 1 9 1.000000
..\..\..\Desktop\General\noesis\ys_body
  9 -2.539053 0.401597 0.949567 -0.051339 -0.762649 0.644773 0.256405 0.876703 1 9 1.000000
  9 -2.670829 0.717157 2.535150 0.375292 0.069535 0.924295 0.391600 0.861148 1 9 1.000000
  9 -2.883034 1.458212 1.111300 0.126294 0.194884 0.972661 0.260855 0.859034 1 9 1.000000
..\..\..\Desktop\General\noesis\ys_body
  9 -1.881270 1.529385 2.876406 0.446107 0.843425 -0.299372 0.391600 0.850657 1 9 1.000000
  9 -0.812242 1.390891 1.623384 0.266171 0.496538 -0.826198 0.260107 0.858926 1 9 1.000000
  9 -1.947537 2.396070 2.048726 0.219105 0.965837 0.138393 0.264638 0.844292 1 9 1.000000
..\..\..\Desktop\General\noesis\ys_body
  9 -1.947537 2.396070 2.048726 0.219105 0.965837 0.138393 0.264638 0.844292 1 9 1.000000
  9 -2.883034 1.458212 1.111300 0.126294 0.194884 0.972661 0.260855 0.859034 1 9 1.000000
  9 -2.670829 0.717157 2.535150 0.375292 0.069535 0.924295 0.391600 0.861148 1 9 1.000000
..\..\..\Desktop\General\noesis\ys_body
  9 -1.947537 2.396070 2.048726 0.219105 0.965837 0.138393 0.264638 0.844292 1 9 1.000000
  9 -2.670829 0.717157 2.535150 0.375292 0.069535 0.924295 0.391600 0.861148 1 9 1.000000
  9 -1.881270 1.529385 2.876406 0.446107 0.843425 -0.299372 0.391600 0.850657 1 9 1.000000
..\..\..\Desktop\General\noesis\ys_body
  9 -0.889774 0.536128 0.929348 0.127997 -0.860361 -0.493351 0.312074 0.797006 1 9 1.000000
  9 -2.539053 0.401597 0.949567 -0.051339 -0.762649 0.644773 0.319376 0.796969 1 9 1.000000
  9 -1.773930 0.180130 -0.075248 -0.484343 -0.718540 0.499111 0.317342 0.806071 1 9 1.000000
..\..\..\Desktop\General\noesis\ys_body
  9 -2.539053 0.401597 0.949567 -0.051339 -0.762649 0.644773 0.319376 0.796969 1 9 1.000000
  9 -2.883034 1.458212 1.111300 0.126294 0.194884 0.972661 0.320810 0.798290 1 9 1.000000
  9 -1.773930 0.180130 -0.075248 -0.484343 -0.718540 0.499111 0.317342 0.806071 1 9 1.000000
..\..\..\Desktop\General\noesis\ys_body
  9 -1.773930 0.180130 -0.075248 -0.484343 -0.718540 0.499111 0.317342 0.806071 1 9 1.000000
  9 -2.883034 1.458212 1.111300 0.126294 0.194884 0.972661 0.320810 0.798290 1 9 1.000000
  9 -2.270859 1.678758 -0.107683 -0.618555 0.112869 0.777593 0.318670 0.807336 1 9 1.000000
..\..\..\Desktop\General\noesis\ys_body
  2 3.125823 3.331024 -0.105538 0.132089 -0.981613 -0.137802 0.299333 -0.246720 1 2 1.000000
  8 2.079165 3.273255 0.614226 -0.171685 -0.847852 0.501669 0.296444 -0.249336 1 8 1.000000
  8 1.756505 3.411722 -0.500456 -0.198237 -0.558149 -0.805712 0.294242 -0.247525 1 8 1.000000
..\..\..\Desktop\General\noesis\ys_body
  2 3.125823 3.331024 -0.105538 0.132089 -0.981613 -0.137802 0.299333 -0.246720 1 2 1.000000
  2 2.855563 4.018808 0.809164 0.291899 0.160461 0.942893 0.297420 -0.244677 1 2 1.000000
  8 2.079165 3.273255 0.614226 -0.171685 -0.847852 0.501669 0.296444 -0.249336 1 8 1.000000
..\..\..\Desktop\General\noesis\ys_body
  2 3.125823 3.331024 -0.105538 0.132089 -0.981613 -0.137802 0.299333 -0.246720 1 2 1.000000
  1 3.208493 3.998056 0.721072 0.002750 -0.167972 0.985788 0.298864 -0.245573 1 1 1.000000
  2 2.855563 4.018808 0.809164 0.291899 0.160461 0.942893 0.297420 -0.244677 1 2 1.000000
..\..\..\Desktop\General\noesis\ys_body
  1 4.442452 3.414758 0.387001 -0.341368 -0.875119 0.342979 0.303671 -0.247502 1 1 1.000000
  1 3.208493 3.998056 0.721072 0.002750 -0.167972 0.985788 0.298864 -0.245573 1 1 1.000000
  2 3.125823 3.331024 -0.105538 0.132089 -0.981613 -0.137802 0.299333 -0.246720 1 2 1.000000
..\..\..\Desktop\General\noesis\ys_body
  1 4.442452 3.414758 0.387001 -0.341368 -0.875119 0.342979 0.303671 -0.247502 1 1 1.000000
  1 4.440343 3.944175 0.817237 -0.144030 0.353304 0.924355 0.303620 -0.245375 1 1 1.000000
  1 3.208493 3.998056 0.721072 0.002750 -0.167972 0.985788 0.298864 -0.245573 1 1 1.000000
..\..\..\Desktop\General\noesis\ys_body
  0 4.686718 3.947667 0.836470 -0.524518 0.309284 0.793237 0.304571 -0.245335 1 0 1.000000
  1 4.440343 3.944175 0.817237 -0.144030 0.353304 0.924355 0.303620 -0.245375 1 1 1.000000
  1 4.442452 3.414758 0.387001 -0.341368 -0.875119 0.342979 0.303671 -0.247502 1 1 1.000000
..\..\..\Desktop\General\noesis\ys_body
  0 4.686718 3.341021 0.534511 -0.607238 -0.665137 0.434574 0.304633 -0.247493 1 0 1.000000
  0 4.686718 3.947667 0.836470 -0.524518 0.309284 0.793237 0.304571 -0.245335 1 0 1.000000
  1 4.442452 3.414758 0.387001 -0.341368 -0.875119 0.342979 0.303671 -0.247502 1 1 1.000000
..\..\..\Desktop\General\noesis\ys_body
  0 4.686718 3.313743 -0.643708 -0.462015 -0.777268 -0.427079 0.304633 -0.245360 1 0 1.000000
  0 4.686718 3.341021 0.534511 -0.607238 -0.665137 0.434574 0.304633 -0.247493 1 0 1.000000
  1 4.442452 3.414758 0.387001 -0.341368 -0.875119 0.342979 0.303671 -0.247502 1 1 1.000000
..\..\..\Desktop\General\noesis\ys_body
  1 4.428673 3.953829 -0.741549 -0.308590 -0.058469 -0.949396 0.303671 -0.243331 1 1 1.000000
  1 4.442452 3.414758 0.387001 -0.341368 -0.875119 0.342979 0.303671 -0.247502 1 1 1.000000
  2 3.125823 3.331024 -0.105538 0.132089 -0.981613 -0.137802 0.299333 -0.246720 1 2 1.000000
..\..\..\Desktop\General\noesis\ys_body
  0 4.686718 3.313743 -0.643708 -0.462015 -0.777268 -0.427079 0.304633 -0.245360 1 0 1.000000
  1 4.442452 3.414758 0.387001 -0.341368 -0.875119 0.342979 0.303671 -0.247502 1 1 1.000000
  1 4.428673 3.953829 -0.741549 -0.308590 -0.058469 -0.949396 0.303671 -0.243331 1 1 1.000000
..\..\..\Desktop\General\noesis\ys_body
  1 4.428673 3.953829 -0.741549 -0.308590 -0.058469 -0.949396 0.303671 -0.243331 1 1 1.000000
  0 4.686718 4.063985 -0.833150 -0.428175 0.161704 -0.889111 0.304633 -0.241267 1 0 1.000000
  0 4.686718 3.313743 -0.643708 -0.462015 -0.777268 -0.427079 0.304633 -0.245360 1 0 1.000000
..\..\..\Desktop\General\noesis\ys_body
  0 4.686718 4.712241 -0.093358 -0.321648 0.931715 -0.168672 0.304633 -0.241040 1 0 1.000000
  0 4.686718 4.063985 -0.833150 -0.428175 0.161704 -0.889111 0.304633 -0.241267 1 0 1.000000
  1 4.428673 3.953829 -0.741549 -0.308590 -0.058469 -0.949396 0.303671 -0.243331 1 1 1.000000
..\..\..\Desktop\General\noesis\ys_body
  0 4.686718 4.712241 -0.093358 -0.321648 0.931715 -0.168672 0.304633 -0.241040 1 0 1.000000
  1 4.428673 3.953829 -0.741549 -0.308590 -0.058469 -0.949396 0.303671 -0.243331 1 1 1.000000
  1 4.413543 4.665157 -0.153762 -0.080092 0.988349 -0.129426 0.303671 -0.241016 1 1 1.000000
..\..\..\Desktop\General\noesis\ys_body
  0 4.686718 3.947667 0.836470 -0.524518 0.309284 0.793237 0.304571 -0.245335 1 0 1.000000
  1 4.413543 4.665157 -0.153762 -0.080092 0.988349 -0.129426 0.303671 -0.241016 1 1 1.000000
  1 4.440343 3.944175 0.817237 -0.144030 0.353304 0.924355 0.303620 -0.245375 1 1 1.000000
..\..\..\Desktop\General\noesis\ys_body
  0 4.686718 3.947667 0.836470 -0.524518 0.309284 0.793237 0.304571 -0.245335 1 0 1.000000
  0 4.686718 4.712241 -0.093358 -0.321648 0.931715 -0.168672 0.304633 -0.241040 1 0 1.000000
  1 4.413543 4.665157 -0.153762 -0.080092 0.988349 -0.129426 0.303671 -0.241016 1 1 1.000000
..\..\..\Desktop\General\noesis\ys_body
  1 4.440343 3.944175 0.817237 -0.144030 0.353304 0.924355 0.303620 -0.245375 1 1 1.000000
  1 4.413543 4.665157 -0.153762 -0.080092 0.988349 -0.129426 0.303671 -0.241016 1 1 1.000000
  2 3.047673 4.637452 -0.169522 0.098667 0.987816 -0.120353 0.298864 -0.240897 1 2 1.000000
..\..\..\Desktop\General\noesis\ys_body
  1 4.440343 3.944175 0.817237 -0.144030 0.353304 0.924355 0.303620 -0.245375 1 1 1.000000
  2 3.047673 4.637452 -0.169522 0.098667 0.987816 -0.120353 0.298864 -0.240897 1 2 1.000000
  1 3.208493 3.998056 0.721072 0.002750 -0.167972 0.985788 0.298864 -0.245573 1 1 1.000000
..\..\..\Desktop\General\noesis\ys_body
  2 2.855563 4.018808 0.809164 0.291899 0.160461 0.942893 0.297420 -0.244677 1 2 1.000000
  1 3.208493 3.998056 0.721072 0.002750 -0.167972 0.985788 0.298864 -0.245573 1 1 1.000000
  2 3.047673 4.637452 -0.169522 0.098667 0.987816 -0.120353 0.298864 -0.240897 1 2 1.000000
..\..\..\Desktop\General\noesis\ys_body
  2 3.047673 4.637452 -0.169522 0.098667 0.987816 -0.120353 0.298864 -0.240897 1 2 1.000000
  8 1.402320 4.806670 0.092996 0.956610 -0.286091 -0.055222 0.292285 -0.239351 1 8 1.000000
  2 2.855563 4.018808 0.809164 0.291899 0.160461 0.942893 0.297420 -0.244677 1 2 1.000000
..\..\..\Desktop\General\noesis\ys_body
  8 1.053112 4.171708 -0.734096 0.465447 -0.155880 -0.871241 0.291765 -0.243373 1 8 1.000000
  8 1.402320 4.806670 0.092996 0.956610 -0.286091 -0.055222 0.292285 -0.239351 1 8 1.000000
  2 3.047673 4.637452 -0.169522 0.098667 0.987816 -0.120353 0.298864 -0.240897 1 2 1.000000
..\..\..\Desktop\General\noesis\ys_body
  8 1.756505 3.411722 -0.500456 -0.198237 -0.558149 -0.805712 0.294242 -0.247525 1 8 1.000000
  2 2.782433 3.949646 -0.742032 0.124016 -0.118376 -0.985194 0.297797 -0.241528 1 2 1.000000
  2 3.125823 3.331024 -0.105538 0.132089 -0.981613 -0.137802 0.299333 -0.246720 1 2 1.000000
..\..\..\Desktop\General\noesis\ys_body
  8 1.756505 3.411722 -0.500456 -0.198237 -0.558149 -0.805712 0.294242 -0.247525 1 8 1.000000
  8 1.053112 4.171708 -0.734096 0.465447 -0.155880 -0.871241 0.291765 -0.243373 1 8 1.000000
  2 2.782433 3.949646 -0.742032 0.124016 -0.118376 -0.985194 0.297797 -0.241528 1 2 1.000000
..\..\..\Desktop\General\noesis\ys_body
  8 1.053112 4.171708 -0.734096 0.465447 -0.155880 -0.871241 0.291765 -0.243373 1 8 1.000000
  2 3.047673 4.637452 -0.169522 0.098667 0.987816 -0.120353 0.298864 -0.240897 1 2 1.000000
  2 2.782433 3.949646 -0.742032 0.124016 -0.118376 -0.985194 0.297797 -0.241528 1 2 1.000000
..\..\..\Desktop\General\noesis\ys_body
  2 3.125823 3.331024 -0.105538 0.132089 -0.981613 -0.137802 0.299333 -0.246720 1 2 1.000000
  2 2.782433 3.949646 -0.742032 0.124016 -0.118376 -0.985194 0.297797 -0.241528 1 2 1.000000
  1 3.122133 3.926804 -0.673491 0.056794 0.108676 -0.992454 0.298864 -0.241382 1 1 1.000000
..\..\..\Desktop\General\noesis\ys_body
  1 4.413543 4.665157 -0.153762 -0.080092 0.988349 -0.129426 0.303671 -0.241016 1 1 1.000000
  1 4.428673 3.953829 -0.741549 -0.308590 -0.058469 -0.949396 0.303671 -0.243331 1 1 1.000000
  1 3.122133 3.926804 -0.673491 0.056794 0.108676 -0.992454 0.298864 -0.241382 1 1 1.000000
..\..\..\Desktop\General\noesis\ys_body
  1 4.413543 4.665157 -0.153762 -0.080092 0.988349 -0.129426 0.303671 -0.241016 1 1 1.000000
  1 3.122133 3.926804 -0.673491 0.056794 0.108676 -0.992454 0.298864 -0.241382 1 1 1.000000
  2 3.047673 4.637452 -0.169522 0.098667 0.987816 -0.120353 0.298864 -0.240897 1 2 1.000000
..\..\..\Desktop\General\noesis\ys_body
  1 3.122133 3.926804 -0.673491 0.056794 0.108676 -0.992454 0.298864 -0.241382 1 1 1.000000
  2 2.782433 3.949646 -0.742032 0.124016 -0.118376 -0.985194 0.297797 -0.241528 1 2 1.000000
  2 3.047673 4.637452 -0.169522 0.098667 0.987816 -0.120353 0.298864 -0.240897 1 2 1.000000
..\..\..\Desktop\General\noesis\ys_body
  1 4.428673 3.953829 -0.741549 -0.308590 -0.058469 -0.949396 0.303671 -0.243331 1 1 1.000000
  2 3.125823 3.331024 -0.105538 0.132089 -0.981613 -0.137802 0.299333 -0.246720 1 2 1.000000
  1 3.122133 3.926804 -0.673491 0.056794 0.108676 -0.992454 0.298864 -0.241382 1 1 1.000000
..\..\..\Desktop\General\noesis\ys_body
  2 2.855563 4.018808 0.809164 0.291899 0.160461 0.942893 0.297420 -0.244677 1 2 1.000000
  8 1.418492 4.128140 1.029140 0.550171 -0.419099 0.722266 0.293087 -0.241990 1 8 1.000000
  8 2.079165 3.273255 0.614226 -0.171685 -0.847852 0.501669 0.296444 -0.249336 1 8 1.000000
..\..\..\Desktop\General\noesis\ys_body
  8 1.402320 4.806670 0.092996 0.956610 -0.286091 -0.055222 0.292285 -0.239351 1 8 1.000000
  8 1.418492 4.128140 1.029140 0.550171 -0.419099 0.722266 0.293087 -0.241990 1 8 1.000000
  2 2.855563 4.018808 0.809164 0.291899 0.160461 0.942893 0.297420 -0.244677 1 2 1.000000
..\..\..\Desktop\General\noesis\ys_body
  0 6.947753 3.506975 -1.132010 0.645243 -0.530439 -0.549815 0.474602 0.631889 1 0 1.000000
  0 6.511143 2.889086 0.329165 0.402097 -0.915588 -0.004119 0.529658 0.536147 1 0 1.000000
  0 5.826533 3.123400 -1.100570 -0.125071 -0.513970 -0.848641 0.568491 0.624691 1 0 1.000000
..\..\..\Desktop\General\noesis\ys_body
  0 6.947753 3.506975 -1.132010 0.645243 -0.530439 -0.549815 0.474602 0.631889 1 0 1.000000
  0 7.234133 3.511565 0.208183 0.988316 -0.151425 0.017386 0.478787 0.538210 1 0 1.000000
  0 6.511143 2.889086 0.329165 0.402097 -0.915588 -0.004119 0.529658 0.536147 1 0 1.000000
..\..\..\Desktop\General\noesis\ys_body
  0 6.650903 4.586095 -1.277680 0.423299 0.576466 -0.698931 0.322187 0.642667 1 0 1.000000
  0 7.234133 3.511565 0.208183 0.988316 -0.151425 0.017386 0.478787 0.538210 1 0 1.000000
  0 6.947753 3.506975 -1.132010 0.645243 -0.530439 -0.549815 0.474602 0.631889 1 0 1.000000
..\..\..\Desktop\General\noesis\ys_body
  0 6.685973 4.696816 1.304920 0.523992 0.737775 0.425583 0.324797 0.465994 1 0 1.000000
  0 7.234133 3.511565 0.208183 0.988316 -0.151425 0.017386 0.478787 0.538210 1 0 1.000000
  0 6.650903 4.586095 -1.277680 0.423299 0.576466 -0.698931 0.322187 0.642667 1 0 1.000000
..\..\..\Desktop\General\noesis\ys_body
  0 6.511143 2.889086 0.329165 0.402097 -0.915588 -0.004119 0.529658 0.536147 1 0 1.000000
  0 7.234133 3.511565 0.208183 0.988316 -0.151425 0.017386 0.478787 0.538210 1 0 1.000000
  0 6.964893 3.498310 1.173870 0.571769 -0.395168 0.718973 0.500353 0.461231 1 0 1.000000
..\..\..\Desktop\General\noesis\ys_body
  0 7.234133 3.511565 0.208183 0.988316 -0.151425 0.017386 0.478787 0.538210 1 0 1.000000
  0 6.685973 4.696816 1.304920 0.523992 0.737775 0.425583 0.324797 0.465994 1 0 1.000000
  0 6.964893 3.498310 1.173870 0.571769 -0.395168 0.718973 0.500353 0.461231 1 0 1.000000
..\..\..\Desktop\General\noesis\ys_body
  0 6.511143 2.889086 0.329165 0.402097 -0.915588 -0.004119 0.529658 0.536147 1 0 1.000000
  0 6.964893 3.498310 1.173870 0.571769 -0.395168 0.718973 0.500353 0.461231 1 0 1.000000
  0 6.225833 3.093890 1.204560 0.430125 -0.421706 0.798221 0.541164 0.492162 1 0 1.000000
..\..\..\Desktop\General\noesis\ys_body
  0 5.692263 2.517306 1.126620 -0.111961 -0.911021 0.396869 0.587901 0.459780 1 0 1.000000
  0 6.511143 2.889086 0.329165 0.402097 -0.915588 -0.004119 0.529658 0.536147 1 0 1.000000
  0 6.225833 3.093890 1.204560 0.430125 -0.421706 0.798221 0.541164 0.492162 1 0 1.000000
..\..\..\Desktop\General\noesis\ys_body
  0 5.692263 2.517306 1.126620 -0.111961 -0.911021 0.396869 0.587901 0.459780 1 0 1.000000
  0 4.686718 3.313743 -0.643708 -0.462015 -0.777268 -0.427079 0.709069 0.601543 1 0 1.000000
  0 6.511143 2.889086 0.329165 0.402097 -0.915588 -0.004119 0.529658 0.536147 1 0 1.000000
..\..\..\Desktop\General\noesis\ys_body
  0 6.511143 2.889086 0.329165 0.402097 -0.915588 -0.004119 0.529658 0.536147 1 0 1.000000
  0 4.686718 3.313743 -0.643708 -0.462015 -0.777268 -0.427079 0.709069 0.601543 1 0 1.000000
  0 5.826533 3.123400 -1.100570 -0.125071 -0.513970 -0.848641 0.568491 0.624691 1 0 1.000000
..\..\..\Desktop\General\noesis\ys_body
  0 4.686718 3.313743 -0.643708 -0.462015 -0.777268 -0.427079 0.709069 0.601543 1 0 1.000000
  0 5.692263 2.517306 1.126620 -0.111961 -0.911021 0.396869 0.587901 0.459780 1 0 1.000000
  0 4.686718 3.341021 0.534511 -0.607238 -0.665137 0.434574 0.699979 0.492276 1 0 1.000000
..\..\..\Desktop\General\noesis\ys_body
  0 5.668813 4.325040 -1.247500 -0.298908 0.364895 -0.881763 0.417294 0.784463 1 0 1.000000
  0 4.686718 4.712241 -0.093358 -0.321648 0.931715 -0.168672 0.391881 0.759741 1 0 1.000000
  0 6.650903 4.586095 -1.277680 0.423299 0.576466 -0.698931 0.442567 0.790052 1 0 1.000000
..\..\..\Desktop\General\noesis\ys_body
  0 4.686718 4.063985 -0.833150 -0.428175 0.161704 -0.889111 0.392021 0.778873 1 0 1.000000
  0 4.686718 4.712241 -0.093358 -0.321648 0.931715 -0.168672 0.391881 0.759741 1 0 1.000000
  0 5.668813 4.325040 -1.247500 -0.298908 0.364895 -0.881763 0.417294 0.784463 1 0 1.000000
..\..\..\Desktop\General\noesis\ys_body
  0 4.686718 3.947667 0.836470 -0.524518 0.309284 0.793237 0.401387 0.737967 1 0 1.000000
  0 5.631723 4.499251 1.347930 -0.164827 0.341418 0.925346 0.420354 0.729368 1 0 1.000000
  0 4.686718 4.712241 -0.093358 -0.321648 0.931715 -0.168672 0.391881 0.759741 1 0 1.000000
..\..\..\Desktop\General\noesis\ys_body
  0 4.686718 4.712241 -0.093358 -0.321648 0.931715 -0.168672 0.391881 0.759741 1 0 1.000000
  0 5.631723 4.499251 1.347930 -0.164827 0.341418 0.925346 0.420354 0.729368 1 0 1.000000
  0 6.685973 4.696816 1.304920 0.523992 0.737775 0.425583 0.445824 0.742898 1 0 1.000000
..\..\..\Desktop\General\noesis\ys_body
  0 6.650903 4.586095 -1.277680 0.423299 0.576466 -0.698931 0.442567 0.790052 1 0 1.000000
  0 4.686718 4.712241 -0.093358 -0.321648 0.931715 -0.168672 0.391881 0.759741 1 0 1.000000
  0 6.685973 4.696816 1.304920 0.523992 0.737775 0.425583 0.445824 0.742898 1 0 1.000000
..\..\..\Desktop\General\noesis\ys_body
  0 4.686718 3.313743 -0.643708 -0.462015 -0.777268 -0.427079 1.443800 -1.313940 1 0 1.000000
  0 4.686718 4.063985 -0.833150 -0.428175 0.161704 -0.889111 1.595710 -1.289460 1 0 1.000000
  0 5.826533 3.123400 -1.100570 -0.125071 -0.513970 -0.848641 1.422160 -1.283980 1 0 1.000000
..\..\..\Desktop\General\noesis\ys_body
  0 5.668813 4.325040 -1.247500 -0.298908 0.364895 -0.881763 1.539470 -1.238590 1 0 1.000000
  0 5.826533 3.123400 -1.100570 -0.125071 -0.513970 -0.848641 1.422160 -1.283980 1 0 1.000000
  0 4.686718 4.063985 -0.833150 -0.428175 0.161704 -0.889111 1.595710 -1.289460 1 0 1.000000
..\..\..\Desktop\General\noesis\ys_body
  0 6.650903 4.586095 -1.277680 0.423299 0.576466 -0.698931 1.483230 -1.187720 1 0 1.000000
  0 5.826533 3.123400 -1.100570 -0.125071 -0.513970 -0.848641 1.422160 -1.283980 1 0 1.000000
  0 5.668813 4.325040 -1.247500 -0.298908 0.364895 -0.881763 1.539470 -1.238590 1 0 1.000000
..\..\..\Desktop\General\noesis\ys_body
  0 5.826533 3.123400 -1.100570 -0.125071 -0.513970 -0.848641 1.422160 -1.283980 1 0 1.000000
  0 6.650903 4.586095 -1.277680 0.423299 0.576466 -0.698931 1.483230 -1.187720 1 0 1.000000
  0 6.947753 3.506975 -1.132010 0.645243 -0.530439 -0.549815 1.361600 -1.183500 1 0 1.000000
..\..\..\Desktop\General\noesis\ys_body
  0 6.225833 3.093890 1.204560 0.430125 -0.421706 0.798221 0.588485 0.726754 1 0 1.000000
  0 5.631723 4.499251 1.347930 -0.164827 0.341418 0.925346 0.485067 0.801615 1 0 1.000000
  0 5.487785 3.267623 1.516660 -0.323034 -0.219396 0.920606 0.503219 0.719688 1 0 1.000000
..\..\..\Desktop\General\noesis\ys_body
  0 6.225833 3.093890 1.204560 0.430125 -0.421706 0.798221 0.588485 0.726754 1 0 1.000000
  0 5.487785 3.267623 1.516660 -0.323034 -0.219396 0.920606 0.503219 0.719688 1 0 1.000000
  0 5.692263 2.517306 1.126620 -0.111961 -0.911021 0.396869 0.561352 0.705295 1 0 1.000000
..\..\..\Desktop\General\noesis\ys_body
  0 5.692263 2.517306 1.126620 -0.111961 -0.911021 0.396869 0.561352 0.705295 1 0 1.000000
  0 5.487785 3.267623 1.516660 -0.323034 -0.219396 0.920606 0.503219 0.719688 1 0 1.000000
  0 4.686718 3.341021 0.534511 -0.607238 -0.665137 0.434574 0.486765 0.716174 1 0 1.000000
..\..\..\Desktop\General\noesis\ys_body
  0 4.686718 3.341021 0.534511 -0.607238 -0.665137 0.434574 0.486765 0.716174 1 0 1.000000
  0 5.487785 3.267623 1.516660 -0.323034 -0.219396 0.920606 0.503219 0.719688 1 0 1.000000
  0 4.686718 3.947667 0.836470 -0.524518 0.309284 0.793237 0.446593 0.768075 1 0 1.000000
..\..\..\Desktop\General\noesis\ys_body
  0 5.487785 3.267623 1.516660 -0.323034 -0.219396 0.920606 0.503219 0.719688 1 0 1.000000
  0 5.631723 4.499251 1.347930 -0.164827 0.341418 0.925346 0.485067 0.801615 1 0 1.000000
  0 4.686718 3.947667 0.836470 -0.524518 0.309284 0.793237 0.446593 0.768075 1 0 1.000000
..\..\..\Desktop\General\noesis\ys_body
  0 6.225833 3.093890 1.204560 0.430125 -0.421706 0.798221 0.588485 0.726754 1 0 1.000000
  0 6.964893 3.498310 1.173870 0.571769 -0.395168 0.718973 0.647567 0.780782 1 0 1.000000
  0 5.631723 4.499251 1.347930 -0.164827 0.341418 0.925346 0.485067 0.801615 1 0 1.000000
..\..\..\Desktop\General\noesis\ys_body
  0 5.631723 4.499251 1.347930 -0.164827 0.341418 0.925346 0.485067 0.801615 1 0 1.000000
  0 6.964893 3.498310 1.173870 0.571769 -0.395168 0.718973 0.647567 0.780782 1 0 1.000000
  0 6.685973 4.696816 1.304920 0.523992 0.737775 0.425583 0.575858 0.827150 1 0 1.000000
..\..\..\Desktop\General\noesis\ys_body
  7 1.594710 7.504696 1.404360 0.851225 -0.439523 -0.286767 0.420952 0.174936 1 7 1.000000
  6 1.552507 6.567636 1.506278 0.769309 0.212057 -0.602658 0.418627 0.103935 1 6 1.000000
  7 2.723641 7.279038 0.409620 0.187900 -0.975123 -0.117593 0.495789 0.167704 1 7 1.000000
..\..\..\Desktop\General\noesis\ys_body
  7 1.737265 8.791331 0.524183 0.174572 -0.966977 -0.185688 0.470013 0.273396 1 7 1.000000
  7 1.594710 7.504696 1.404360 0.851225 -0.439523 -0.286767 0.420952 0.174936 1 7 1.000000
  7 2.723641 7.279038 0.409620 0.187900 -0.975123 -0.117593 0.495789 0.167704 1 7 1.000000
..\..\..\Desktop\General\noesis\ys_body
  7 1.509346 8.522276 -1.288202 -0.566860 -0.558142 -0.605926 0.605110 0.257033 1 7 1.000000
  7 1.737265 8.791331 0.524183 0.174572 -0.966977 -0.185688 0.470013 0.273396 1 7 1.000000
  7 2.723641 7.279038 0.409620 0.187900 -0.975123 -0.117593 0.495789 0.167704 1 7 1.000000
..\..\..\Desktop\General\noesis\ys_body
  7 1.509346 8.522276 -1.288202 -0.566860 -0.558142 -0.605926 0.605110 0.257033 1 7 1.000000
  7 2.723641 7.279038 0.409620 0.187900 -0.975123 -0.117593 0.495789 0.167704 1 7 1.000000
  7 2.259451 7.139442 -1.621742 -0.749155 -0.657021 -0.084199 0.642077 0.169702 1 7 1.000000
..\..\..\Desktop\General\noesis\ys_body
  7 2.723641 7.279038 0.409620 0.187900 -0.975123 -0.117593 0.495789 0.167704 1 7 1.000000
  6 1.552507 6.567636 1.506278 0.769309 0.212057 -0.602658 0.418627 0.103935 1 6 1.000000
  6 2.301404 5.626810 -0.019990 0.442499 -0.407521 -0.798825 0.534678 0.040433 1 6 1.000000
..\..\..\Desktop\General\noesis\ys_body
  6 2.301404 5.626810 -0.019990 0.442499 -0.407521 -0.798825 0.534678 0.040433 1 6 1.000000
  7 2.259451 7.139442 -1.621742 -0.749155 -0.657021 -0.084199 0.642077 0.169702 1 7 1.000000
  7 2.723641 7.279038 0.409620 0.187900 -0.975123 -0.117593 0.495789 0.167704 1 7 1.000000
..\..\..\Desktop\General\noesis\ys_body
  6 1.552507 6.567636 1.506278 0.769309 0.212057 -0.602658 0.418627 0.103935 1 6 1.000000
  6 1.082127 5.290598 1.279350 0.758316 -0.472568 -0.449039 0.441197 0.008865 1 6 1.000000
  6 2.301404 5.626810 -0.019990 0.442499 -0.407521 -0.798825 0.534678 0.040433 1 6 1.000000
..\..\..\Desktop\General\noesis\ys_body
  6 1.552507 6.567636 1.506278 0.769309 0.212057 -0.602658 0.418627 0.103935 1 6 1.000000
  6 0.653842 5.516760 1.845660 0.833066 -0.114639 -0.541164 0.400187 0.023268 1 6 1.000000
  6 1.082127 5.290598 1.279350 0.758316 -0.472568 -0.449039 0.441197 0.008865 1 6 1.000000
..\..\..\Desktop\General\noesis\ys_body
  6 1.082127 5.290598 1.279350 0.758316 -0.472568 -0.449039 0.441197 0.008865 1 6 1.000000
  6 0.653842 5.516760 1.845660 0.833066 -0.114639 -0.541164 0.400187 0.023268 1 6 1.000000
  6 -0.000012 5.166468 1.958789 0.928625 -0.371021 -0.000000 0.394041 -0.003621 1 6 1.000000
..\..\..\Desktop\General\noesis\ys_body
  6 -0.000013 5.137475 1.442028 0.703724 -0.710473 -0.000000 0.430545 -0.003412 1 6 1.000000
  6 1.082127 5.290598 1.279350 0.758316 -0.472568 -0.449039 0.441197 0.008865 1 6 1.000000
  6 -0.000012 5.166468 1.958789 0.928625 -0.371021 -0.000000 0.394041 -0.003621 1 6 1.000000
..\..\..\Desktop\General\noesis\ys_body
  6 1.082127 5.290598 1.279350 0.758316 -0.472568 -0.449039 0.441197 0.008865 1 6 1.000000
  6 -0.000013 5.137475 1.442028 0.703724 -0.710473 -0.000000 0.430545 -0.003412 1 6 1.000000
  7 -0.000009 4.523913 0.145237 0.119615 -0.000000 0.992820 0.524947 -0.043594 1 7 1.000000
..\..\..\Desktop\General\noesis\ys_body
  6 1.082127 5.290598 1.279350 0.758316 -0.472568 -0.449039 0.441197 0.008865 1 6 1.000000
  7 -0.000009 4.523913 0.145237 0.119615 -0.000000 0.992820 0.524947 -0.043594 1 7 1.000000
  6 1.120984 4.893630 -0.449605 0.322853 -0.851960 -0.412225 0.564882 -0.013015 1 6 1.000000
..\..\..\Desktop\General\noesis\ys_body
  6 1.120984 4.893630 -0.449605 0.322853 -0.851960 -0.412225 0.564882 -0.013015 1 6 1.000000
  6 2.301404 5.626810 -0.019990 0.442499 -0.407521 -0.798825 0.534678 0.040433 1 6 1.000000
  6 1.082127 5.290598 1.279350 0.758316 -0.472568 -0.449039 0.441197 0.008865 1 6 1.000000
..\..\..\Desktop\General\noesis\ys_body
  7 1.894706 5.920999 -1.467992 -0.571085 -0.633794 0.521696 0.633697 0.069186 1 7 1.000000
  7 2.259451 7.139442 -1.621742 -0.749155 -0.657021 -0.084199 0.642077 0.169702 1 7 1.000000
  6 2.301404 5.626810 -0.019990 0.442499 -0.407521 -0.798825 0.534678 0.040433 1 6 1.000000
..\..\..\Desktop\General\noesis\ys_body
  6 1.120984 4.893630 -0.449605 0.322853 -0.851960 -0.412225 0.564882 -0.013015 1 6 1.000000
  7 1.894706 5.920999 -1.467992 -0.571085 -0.633794 0.521696 0.633697 0.069186 1 7 1.000000
  6 2.301404 5.626810 -0.019990 0.442499 -0.407521 -0.798825 0.534678 0.040433 1 6 1.000000
..\..\..\Desktop\General\noesis\ys_body
  7 1.134972 7.078883 1.323456 0.653730 0.680520 -0.330953 1.112750 0.511005 1 7 1.000000
  7 -0.000017 6.650858 0.424944 0.697012 -0.000000 -0.717060 1.026410 0.517360 1 7 1.000000
  6 1.175137 6.505692 1.655429 0.573167 0.770415 0.279179 1.121430 0.422603 1 6 1.000000
..\..\..\Desktop\General\noesis\ys_body
  6 1.175137 6.505692 1.655429 0.573167 0.770415 0.279179 1.121430 0.422603 1 6 1.000000
  7 1.594710 7.504696 1.404360 0.851225 -0.439523 -0.286767 1.181260 0.503426 1 7 1.000000
  7 1.134972 7.078883 1.323456 0.653730 0.680520 -0.330953 1.112750 0.511005 1 7 1.000000
..\..\..\Desktop\General\noesis\ys_body
  7 1.594710 7.504696 1.404360 0.851225 -0.439523 -0.286767 1.181260 0.503426 1 7 1.000000
  6 1.175137 6.505692 1.655429 0.573167 0.770415 0.279179 1.121430 0.422603 1 6 1.000000
  6 1.552507 6.567636 1.506278 0.769309 0.212057 -0.602658 1.145160 0.409163 1 6 1.000000
..\..\..\Desktop\General\noesis\ys_body
  6 0.537600 5.669400 2.054266 0.736638 0.650806 -0.183892 1.050410 0.391229 1 6 1.000000
  6 1.552507 6.567636 1.506278 0.769309 0.212057 -0.602658 1.145160 0.409163 1 6 1.000000
  6 1.175137 6.505692 1.655429 0.573167 0.770415 0.279179 1.121430 0.422603 1 6 1.000000
..\..\..\Desktop\General\noesis\ys_body
  6 1.175137 6.505692 1.655429 0.573167 0.770415 0.279179 1.121430 0.422603 1 6 1.000000
  7 -0.000017 6.650858 0.424944 0.697012 -0.000000 -0.717060 1.026410 0.517360 1 7 1.000000
  6 0.537600 5.669400 2.054266 0.736638 0.650806 -0.183892 1.050410 0.391229 1 6 1.000000
..\..\..\Desktop\General\noesis\ys_body
  6 0.537600 5.669400 2.054266 0.736638 0.650806 -0.183892 1.050410 0.391229 1 6 1.000000
  7 -0.000017 6.650858 0.424944 0.697012 -0.000000 -0.717060 1.026410 0.517360 1 7 1.000000
  6 -0.000012 5.390635 2.156211 0.949620 0.313404 0.000000 1.026410 0.386931 1 6 1.000000
..\..\..\Desktop\General\noesis\ys_body
  6 -0.000012 5.390635 2.156211 0.949620 0.313404 0.000000 1.026410 0.386931 1 6 1.000000
  6 0.653842 5.516760 1.845660 0.833066 -0.114639 -0.541164 1.054420 0.368231 1 6 1.000000
  6 0.537600 5.669400 2.054266 0.736638 0.650806 -0.183892 1.050410 0.391229 1 6 1.000000
..\..\..\Desktop\General\noesis\ys_body
  6 0.537600 5.669400 2.054266 0.736638 0.650806 -0.183892 1.050410 0.391229 1 6 1.000000
  6 0.653842 5.516760 1.845660 0.833066 -0.114639 -0.541164 1.054420 0.368231 1 6 1.000000
  6 1.552507 6.567636 1.506278 0.769309 0.212057 -0.602658 1.145160 0.409163 1 6 1.000000
..\..\..\Desktop\General\noesis\ys_body
  6 -0.000012 5.166468 1.958789 0.928625 -0.371021 -0.000000 1.026410 0.365197 1 6 1.000000
  6 0.653842 5.516760 1.845660 0.833066 -0.114639 -0.541164 1.054420 0.368231 1 6 1.000000
  6 -0.000012 5.390635 2.156211 0.949620 0.313404 0.000000 1.026410 0.386931 1 6 1.000000
..\..\..\Desktop\General\noesis\ys_body
  6 -0.653866 5.516758 1.845665 0.928625 -0.371021 -0.000000 1.054420 0.368231 1 6 1.000000
  6 -0.000012 5.166468 1.958789 0.928625 -0.371021 -0.000000 1.026410 0.365197 1 6 1.000000
  6 -0.000012 5.390635 2.156211 0.949620 0.313404 0.000000 1.026410 0.386931 1 6 1.000000
..\..\..\Desktop\General\noesis\ys_body
  6 -0.653866 5.516758 1.845665 0.928625 -0.371021 -0.000000 1.054420 0.368231 1 6 1.000000
  6 -0.000012 5.390635 2.156211 0.949620 0.313404 0.000000 1.026410 0.386931 1 6 1.000000
  6 -0.537624 5.669400 2.054271 0.736638 0.650806 0.183892 1.050410 0.391229 1 6 1.000000
..\..\..\Desktop\General\noesis\ys_body
  6 -0.537624 5.669400 2.054271 0.736638 0.650806 0.183892 1.050410 0.391229 1 6 1.000000
  6 -0.000012 5.390635 2.156211 0.949620 0.313404 0.000000 1.026410 0.386931 1 6 1.000000
  7 -0.000017 6.650858 0.424944 0.697012 -0.000000 -0.717060 1.026410 0.517360 1 7 1.000000
..\..\..\Desktop\General\noesis\ys_body
  6 -0.653866 5.516758 1.845665 0.928625 -0.371021 -0.000000 1.054420 0.368231 1 6 1.000000
  6 -0.537624 5.669400 2.054271 0.736638 0.650806 0.183892 1.050410 0.391229 1 6 1.000000
  6 -1.552533 6.567632 1.506289 0.769309 0.212057 0.602658 1.145160 0.409163 1 6 1.000000
..\..\..\Desktop\General\noesis\ys_body
  6 -1.175163 6.505690 1.655438 0.573167 0.770415 -0.279178 1.121430 0.422603 1 6 1.000000
  6 -0.537624 5.669400 2.054271 0.736638 0.650806 0.183892 1.050410 0.391229 1 6 1.000000
  7 -0.000017 6.650858 0.424944 0.697012 -0.000000 -0.717060 1.026410 0.517360 1 7 1.000000
..\..\..\Desktop\General\noesis\ys_body
  6 -1.552533 6.567632 1.506289 0.769309 0.212057 0.602658 1.145160 0.409163 1 6 1.000000
  6 -0.537624 5.669400 2.054271 0.736638 0.650806 0.183892 1.050410 0.391229 1 6 1.000000
  6 -1.175163 6.505690 1.655438 0.573167 0.770415 -0.279178 1.121430 0.422603 1 6 1.000000
..\..\..\Desktop\General\noesis\ys_body
  7 -1.594750 7.504673 1.404360 0.851225 0.439524 -0.286767 1.181260 0.503426 1 7 1.000000
  6 -1.552533 6.567632 1.506289 0.769309 0.212057 0.602658 1.145160 0.409163 1 6 1.000000
  6 -1.175163 6.505690 1.655438 0.573167 0.770415 -0.279178 1.121430 0.422603 1 6 1.000000
..\..\..\Desktop\General\noesis\ys_body
  6 -1.175163 6.505690 1.655438 0.573167 0.770415 -0.279178 1.121430 0.422603 1 6 1.000000
  7 -1.135008 7.078866 1.323456 0.653731 -0.680519 -0.330952 1.112750 0.511005 1 7 1.000000
  7 -1.594750 7.504673 1.404360 0.851225 0.439524 -0.286767 1.181260 0.503426 1 7 1.000000
..\..\..\Desktop\General\noesis\ys_body
  7 -1.135008 7.078866 1.323456 0.653731 -0.680519 -0.330952 1.112750 0.511005 1 7 1.000000
  6 -1.175163 6.505690 1.655438 0.573167 0.770415 -0.279178 1.121430 0.422603 1 6 1.000000
  7 -0.000017 6.650858 0.424944 0.697012 -0.000000 -0.717060 1.026410 0.517360 1 7 1.000000
..\..\..\Desktop\General\noesis\ys_body
  7 -0.000009 4.523913 0.145237 0.119615 -0.000000 0.992820 2.712250 0.223746 1 7 1.000000
  7 -0.000011 5.012593 -1.357588 -0.586056 0.000000 0.810270 2.710630 0.234995 1 7 1.000000
  6 1.120984 4.893630 -0.449605 0.322853 -0.851960 -0.412225 2.596940 0.180709 1 6 1.000000
..\..\..\Desktop\General\noesis\ys_body
  7 -0.000009 4.523913 0.145237 0.119615 -0.000000 0.992820 2.712250 0.223746 1 7 1.000000
  6 -1.121016 4.893628 -0.449597 0.322853 -0.851960 0.412225 2.596940 0.180709 1 6 1.000000
  7 -0.000011 5.012593 -1.357588 -0.586056 0.000000 0.810270 2.710630 0.234995 1 7 1.000000
..\..\..\Desktop\General\noesis\ys_body
  6 -1.121016 4.893628 -0.449597 0.322853 -0.851960 0.412225 2.596940 0.180709 1 6 1.000000
  7 -1.894734 5.920971 -1.467992 -0.571085 0.633794 0.521696 2.520300 0.177646 1 7 1.000000
  7 -0.000011 5.012593 -1.357588 -0.586056 0.000000 0.810270 2.710630 0.234995 1 7 1.000000
..\..\..\Desktop\General\noesis\ys_body
  7 -1.894734 5.920971 -1.467992 -0.571085 0.633794 0.521696 2.520300 0.177646 1 7 1.000000
  7 -0.000016 6.378088 -2.314128 -0.957894 0.000000 0.287123 2.706100 0.266427 1 7 1.000000
  7 -0.000011 5.012593 -1.357588 -0.586056 0.000000 0.810270 2.710630 0.234995 1 7 1.000000
..\..\..\Desktop\General\noesis\ys_body
  7 -1.894734 5.920971 -1.467992 -0.571085 0.633794 0.521696 2.520300 0.177646 1 7 1.000000
  7 -2.259489 7.139410 -1.621742 -0.749155 0.657021 -0.084199 2.501660 0.202126 1 7 1.000000
  7 -0.000016 6.378088 -2.314128 -0.957894 0.000000 0.287123 2.706100 0.266427 1 7 1.000000
..\..\..\Desktop\General\noesis\ys_body
  7 -0.000020 7.514188 -2.335690 -0.959443 0.000000 -0.281904 2.703320 0.284575 1 7 1.000000
  7 -0.000016 6.378088 -2.314128 -0.957894 0.000000 0.287123 2.706100 0.266427 1 7 1.000000
  7 -2.259489 7.139410 -1.621742 -0.749155 0.657021 -0.084199 2.501660 0.202126 1 7 1.000000
..\..\..\Desktop\General\noesis\ys_body
  7 -0.000020 7.514188 -2.335690 -0.959443 0.000000 -0.281904 2.703320 0.284575 1 7 1.000000
  7 2.259451 7.139442 -1.621742 -0.749155 -0.657021 -0.084199 2.501660 0.202126 1 7 1.000000
  7 -0.000016 6.378088 -2.314128 -0.957894 0.000000 0.287123 2.706100 0.266427 1 7 1.000000
..\..\..\Desktop\General\noesis\ys_body
  7 -0.000020 7.514188 -2.335690 -0.959443 0.000000 -0.281904 2.703320 0.284575 1 7 1.000000
  7 1.509346 8.522276 -1.288202 -0.566860 -0.558142 -0.605926 2.620400 0.257317 1 7 1.000000
  7 2.259451 7.139442 -1.621742 -0.749155 -0.657021 -0.084199 2.501660 0.202126 1 7 1.000000
..\..\..\Desktop\General\noesis\ys_body
  7 -0.000020 7.514188 -2.335690 -0.959443 0.000000 -0.281904 2.703320 0.284575 1 7 1.000000
  7 -2.259489 7.139410 -1.621742 -0.749155 0.657021 -0.084199 2.501660 0.202126 1 7 1.000000
  7 -1.509394 8.522253 -1.288202 -0.566860 0.558142 -0.605926 2.620400 0.257317 1 7 1.000000
..\..\..\Desktop\General\noesis\ys_body
  7 1.894706 5.920999 -1.467992 -0.571085 -0.633794 0.521696 2.520300 0.177646 1 7 1.000000
  7 -0.000011 5.012593 -1.357588 -0.586056 0.000000 0.810270 2.710630 0.234995 1 7 1.000000
  7 -0.000016 6.378088 -2.314128 -0.957894 0.000000 0.287123 2.706100 0.266427 1 7 1.000000
..\..\..\Desktop\General\noesis\ys_body
  6 1.120984 4.893630 -0.449605 0.322853 -0.851960 -0.412225 2.596940 0.180709 1 6 1.000000
  7 -0.000011 5.012593 -1.357588 -0.586056 0.000000 0.810270 2.710630 0.234995 1 7 1.000000
  7 1.894706 5.920999 -1.467992 -0.571085 -0.633794 0.521696 2.520300 0.177646 1 7 1.000000
..\..\..\Desktop\General\noesis\ys_body
  7 1.894706 5.920999 -1.467992 -0.571085 -0.633794 0.521696 2.520300 0.177646 1 7 1.000000
  7 -0.000016 6.378088 -2.314128 -0.957894 0.000000 0.287123 2.706100 0.266427 1 7 1.000000
  7 2.259451 7.139442 -1.621742 -0.749155 -0.657021 -0.084199 2.501660 0.202126 1 7 1.000000
..\..\..\Desktop\General\noesis\ys_body
  7 -1.594750 7.504673 1.404360 0.851225 0.439524 -0.286767 0.420952 0.174936 1 7 1.000000
  7 -2.723679 7.278998 0.409620 0.187900 0.975123 -0.117593 0.495789 0.167704 1 7 1.000000
  6 -1.552533 6.567632 1.506289 0.769309 0.212057 0.602658 0.418627 0.103935 1 6 1.000000
..\..\..\Desktop\General\noesis\ys_body
  7 -1.737315 8.791305 0.524183 0.174572 0.966977 -0.185688 0.470013 0.273396 1 7 1.000000
  7 -2.723679 7.278998 0.409620 0.187900 0.975123 -0.117593 0.495789 0.167704 1 7 1.000000
  7 -1.594750 7.504673 1.404360 0.851225 0.439524 -0.286767 0.420952 0.174936 1 7 1.000000
..\..\..\Desktop\General\noesis\ys_body
  7 -1.509394 8.522253 -1.288202 -0.566860 0.558142 -0.605926 0.605110 0.257033 1 7 1.000000
  7 -2.723679 7.278998 0.409620 0.187900 0.975123 -0.117593 0.495789 0.167704 1 7 1.000000
  7 -1.737315 8.791305 0.524183 0.174572 0.966977 -0.185688 0.470013 0.273396 1 7 1.000000
..\..\..\Desktop\General\noesis\ys_body
  7 -1.509394 8.522253 -1.288202 -0.566860 0.558142 -0.605926 0.605110 0.257033 1 7 1.000000
  7 -2.259489 7.139410 -1.621742 -0.749155 0.657021 -0.084199 0.642077 0.169702 1 7 1.000000
  7 -2.723679 7.278998 0.409620 0.187900 0.975123 -0.117593 0.495789 0.167704 1 7 1.000000
..\..\..\Desktop\General\noesis\ys_body
  7 -2.723679 7.278998 0.409620 0.187900 0.975123 -0.117593 0.495789 0.167704 1 7 1.000000
  7 -2.259489 7.139410 -1.621742 -0.749155 0.657021 -0.084199 0.642077 0.169702 1 7 1.000000
  6 -2.301435 5.626804 -0.019973 0.442499 -0.407521 0.798825 0.534678 0.040433 1 6 1.000000
..\..\..\Desktop\General\noesis\ys_body
  7 -2.723679 7.278998 0.409620 0.187900 0.975123 -0.117593 0.495789 0.167704 1 7 1.000000
  6 -2.301435 5.626804 -0.019973 0.442499 -0.407521 0.798825 0.534678 0.040433 1 6 1.000000
  6 -1.552533 6.567632 1.506289 0.769309 0.212057 0.602658 0.418627 0.103935 1 6 1.000000
..\..\..\Desktop\General\noesis\ys_body
  6 -1.082153 5.290595 1.279358 0.758316 -0.472568 0.449039 0.441197 0.008865 1 6 1.000000
  7 -0.000009 4.523913 0.145237 0.119615 -0.000000 0.992820 0.524947 -0.043594 1 7 1.000000
  6 -0.000013 5.137475 1.442028 0.703724 -0.710473 -0.000000 0.430545 -0.003412 1 6 1.000000
..\..\..\Desktop\General\noesis\ys_body
  6 -0.000013 5.137475 1.442028 0.703724 -0.710473 -0.000000 0.430545 -0.003412 1 6 1.000000
  6 -0.000012 5.166468 1.958789 0.928625 -0.371021 -0.000000 0.394041 -0.003621 1 6 1.000000
  6 -1.082153 5.290595 1.279358 0.758316 -0.472568 0.449039 0.441197 0.008865 1 6 1.000000
..\..\..\Desktop\General\noesis\ys_body
  6 -1.552533 6.567632 1.506289 0.769309 0.212057 0.602658 0.418627 0.103935 1 6 1.000000
  6 -2.301435 5.626804 -0.019973 0.442499 -0.407521 0.798825 0.534678 0.040433 1 6 1.000000
  6 -1.082153 5.290595 1.279358 0.758316 -0.472568 0.449039 0.441197 0.008865 1 6 1.000000
..\..\..\Desktop\General\noesis\ys_body
  6 -1.552533 6.567632 1.506289 0.769309 0.212057 0.602658 0.418627 0.103935 1 6 1.000000
  6 -1.082153 5.290595 1.279358 0.758316 -0.472568 0.449039 0.441197 0.008865 1 6 1.000000
  6 -0.653866 5.516758 1.845665 0.928625 -0.371021 -0.000000 0.400187 0.023268 1 6 1.000000
..\..\..\Desktop\General\noesis\ys_body
  6 -0.653866 5.516758 1.845665 0.928625 -0.371021 -0.000000 0.400187 0.023268 1 6 1.000000
  6 -1.082153 5.290595 1.279358 0.758316 -0.472568 0.449039 0.441197 0.008865 1 6 1.000000
  6 -0.000012 5.166468 1.958789 0.928625 -0.371021 -0.000000 0.394041 -0.003621 1 6 1.000000
..\..\..\Desktop\General\noesis\ys_body
  6 -1.121016 4.893628 -0.449597 0.322853 -0.851960 0.412225 0.564882 -0.013015 1 6 1.000000
  6 -1.082153 5.290595 1.279358 0.758316 -0.472568 0.449039 0.441197 0.008865 1 6 1.000000
  6 -2.301435 5.626804 -0.019973 0.442499 -0.407521 0.798825 0.534678 0.040433 1 6 1.000000
..\..\..\Desktop\General\noesis\ys_body
  6 -1.082153 5.290595 1.279358 0.758316 -0.472568 0.449039 0.441197 0.008865 1 6 1.000000
  6 -1.121016 4.893628 -0.449597 0.322853 -0.851960 0.412225 0.564882 -0.013015 1 6 1.000000
  7 -0.000009 4.523913 0.145237 0.119615 -0.000000 0.992820 0.524947 -0.043594 1 7 1.000000
..\..\..\Desktop\General\noesis\ys_body
  7 -2.259489 7.139410 -1.621742 -0.749155 0.657021 -0.084199 0.642077 0.169702 1 7 1.000000
  7 -1.894734 5.920971 -1.467992 -0.571085 0.633794 0.521696 0.633697 0.069186 1 7 1.000000
  6 -2.301435 5.626804 -0.019973 0.442499 -0.407521 0.798825 0.534678 0.040433 1 6 1.000000
..\..\..\Desktop\General\noesis\ys_body
  6 -1.121016 4.893628 -0.449597 0.322853 -0.851960 0.412225 0.564882 -0.013015 1 6 1.000000
  6 -2.301435 5.626804 -0.019973 0.442499 -0.407521 0.798825 0.534678 0.040433 1 6 1.000000
  7 -1.894734 5.920971 -1.467992 -0.571085 0.633794 0.521696 0.633697 0.069186 1 7 1.000000
..\..\..\Desktop\General\noesis\ys_body
  7 -0.000023 8.225589 -2.489564 -0.366479 0.000000 -0.930426 0.918680 0.337932 1 7 1.000000
  7 -0.000023 8.337987 -1.937744 -0.199589 0.000000 -0.979880 0.915182 0.327272 1 7 1.000000
  7 0.494521 7.368332 -2.183100 -0.318679 -0.941100 -0.113023 0.933090 0.328056 1 7 1.000000
..\..\..\Desktop\General\noesis\ys_body
  7 -0.000021 7.825582 -3.144898 -0.913465 0.000000 -0.406917 0.927574 0.349445 1 7 1.000000
  7 -0.000023 8.225589 -2.489564 -0.366479 0.000000 -0.930426 0.918680 0.337932 1 7 1.000000
  7 0.494521 7.368332 -2.183100 -0.318679 -0.941100 -0.113023 0.933090 0.328056 1 7 1.000000
..\..\..\Desktop\General\noesis\ys_body
  7 -0.000018 6.990041 -2.999964 -0.870948 0.000000 0.491375 0.942036 0.342925 1 7 1.000000
  7 -0.000021 7.825582 -3.144898 -0.913465 0.000000 -0.406917 0.927574 0.349445 1 7 1.000000
  7 0.494521 7.368332 -2.183100 -0.318679 -0.941100 -0.113023 0.933090 0.328056 1 7 1.000000
..\..\..\Desktop\General\noesis\ys_body
  7 -0.000016 6.378088 -2.314128 -0.665765 0.000000 0.746161 0.951053 0.326443 1 7 1.000000
  7 -0.000018 6.990041 -2.999964 -0.870948 0.000000 0.491375 0.942036 0.342925 1 7 1.000000
  7 0.494521 7.368332 -2.183100 -0.318679 -0.941100 -0.113023 0.933090 0.328056 1 7 1.000000
..\..\..\Desktop\General\noesis\ys_body
  7 -0.000018 6.990041 -2.999964 -0.870948 0.000000 0.491375 0.942036 0.342925 1 7 1.000000
  7 -0.494559 7.368324 -2.183100 -0.318679 0.941100 -0.113023 0.933090 0.328056 1 7 1.000000
  7 -0.000021 7.825582 -3.144898 -0.913465 0.000000 -0.406917 0.927574 0.349445 1 7 1.000000
..\..\..\Desktop\General\noesis\ys_body
  7 -0.000021 7.825582 -3.144898 -0.913465 0.000000 -0.406917 0.927574 0.349445 1 7 1.000000
  7 -0.494559 7.368324 -2.183100 -0.318679 0.941100 -0.113023 0.933090 0.328056 1 7 1.000000
  7 -0.000023 8.225589 -2.489564 -0.366479 0.000000 -0.930426 0.918680 0.337932 1 7 1.000000
..\..\..\Desktop\General\noesis\ys_body
  7 -0.000023 8.225589 -2.489564 -0.366479 0.000000 -0.930426 0.918680 0.337932 1 7 1.000000
  7 -0.494559 7.368324 -2.183100 -0.318679 0.941100 -0.113023 0.933090 0.328056 1 7 1.000000
  7 -0.000023 8.337987 -1.937744 -0.199589 0.000000 -0.979880 0.915182 0.327272 1 7 1.000000
..\..\..\Desktop\General\noesis\ys_body
  7 -0.000016 6.378088 -2.314128 -0.665765 0.000000 0.746161 0.951053 0.326443 1 7 1.000000
  7 -0.494559 7.368324 -2.183100 -0.318679 0.941100 -0.113023 0.933090 0.328056 1 7 1.000000
  7 -0.000018 6.990041 -2.999964 -0.870948 0.000000 0.491375 0.942036 0.342925 1 7 1.000000
..\..\..\Desktop\General\noesis\ys_body
  7 -0.000014 5.949060 -2.832672 -0.885253 0.000000 -0.465111 0.965298 0.346270 1 7 1.000000
  7 -0.000016 6.378088 -2.314128 -0.637471 0.000000 -0.770475 0.955138 0.335014 1 7 1.000000
  7 0.411231 5.764178 -1.732442 -0.185157 -0.974976 0.123042 0.964896 0.318463 1 7 1.000000
..\..\..\Desktop\General\noesis\ys_body
  7 -0.000012 5.194733 -2.818976 -0.819595 0.000000 0.572943 0.980994 0.343263 1 7 1.000000
  7 -0.000014 5.949060 -2.832672 -0.885253 0.000000 -0.465111 0.965298 0.346270 1 7 1.000000
  7 0.411231 5.764178 -1.732442 -0.185157 -0.974976 0.123042 0.964896 0.318463 1 7 1.000000
..\..\..\Desktop\General\noesis\ys_body
  7 0.411231 5.764178 -1.732442 -0.185157 -0.974976 0.123042 0.964896 0.318463 1 7 1.000000
  7 -0.000010 4.848674 -2.071038 -0.078985 -0.000000 0.996876 0.984018 0.325595 1 7 1.000000
  7 -0.000012 5.194733 -2.818976 -0.819595 0.000000 0.572943 0.980994 0.343263 1 7 1.000000
..\..\..\Desktop\General\noesis\ys_body
  7 0.411231 5.764178 -1.732442 -0.185157 -0.974976 0.123042 0.964896 0.318463 1 7 1.000000
  7 -0.000011 5.012593 -1.357588 0.223926 -0.000000 0.974606 0.977852 0.309474 1 7 1.000000
  7 -0.000010 4.848674 -2.071038 -0.078985 -0.000000 0.996876 0.984018 0.325595 1 7 1.000000
..\..\..\Desktop\General\noesis\ys_body
  7 -0.411259 5.764173 -1.732442 -0.185157 0.974976 0.123042 0.964896 0.318463 1 7 1.000000
  7 -0.000010 4.848674 -2.071038 -0.078985 -0.000000 0.996876 0.984018 0.325595 1 7 1.000000
  7 -0.000011 5.012593 -1.357588 0.223926 -0.000000 0.974606 0.977852 0.309474 1 7 1.000000
..\..\..\Desktop\General\noesis\ys_body
  7 -0.411259 5.764173 -1.732442 -0.185157 0.974976 0.123042 0.964896 0.318463 1 7 1.000000
  7 -0.000012 5.194733 -2.818976 -0.819595 0.000000 0.572943 0.980994 0.343263 1 7 1.000000
  7 -0.000010 4.848674 -2.071038 -0.078985 -0.000000 0.996876 0.984018 0.325595 1 7 1.000000
..\..\..\Desktop\General\noesis\ys_body
  7 -0.000012 5.194733 -2.818976 -0.819595 0.000000 0.572943 0.980994 0.343263 1 7 1.000000
  7 -0.411259 5.764173 -1.732442 -0.185157 0.974976 0.123042 0.964896 0.318463 1 7 1.000000
  7 -0.000014 5.949060 -2.832672 -0.885253 0.000000 -0.465111 0.965298 0.346270 1 7 1.000000
..\..\..\Desktop\General\noesis\ys_body
  7 -0.000014 5.949060 -2.832672 -0.885253 0.000000 -0.465111 0.965298 0.346270 1 7 1.000000
  7 -0.411259 5.764173 -1.732442 -0.185157 0.974976 0.123042 0.964896 0.318463 1 7 1.000000
  7 -0.000016 6.378088 -2.314128 -0.637471 0.000000 -0.770475 0.955138 0.335014 1 7 1.000000
..\..\..\Desktop\General\noesis\ys_body
  7 -0.000028 9.864454 -1.347192 0.128482 0.000000 -0.991712 0.792309 0.327928 1 7 1.000000
  7 -0.000027 9.358501 -0.334678 0.446996 -0.000000 -0.894536 0.794413 0.309691 1 7 1.000000
  7 0.518597 8.925458 -1.162350 -0.218691 -0.949957 -0.223062 0.803316 0.312449 1 7 1.000000
..\..\..\Desktop\General\noesis\ys_body
  7 -0.000028 9.643017 -2.146704 -0.781996 0.000000 -0.623284 0.801638 0.343714 1 7 1.000000
  7 -0.000028 9.864454 -1.347192 0.128482 0.000000 -0.991712 0.792309 0.327928 1 7 1.000000
  7 0.518597 8.925458 -1.162350 -0.218691 -0.949957 -0.223062 0.803316 0.312449 1 7 1.000000
..\..\..\Desktop\General\noesis\ys_body
  7 -0.000025 8.972998 -2.159600 -0.986636 0.000000 0.162939 0.813302 0.336007 1 7 1.000000
  7 -0.000028 9.643017 -2.146704 -0.781996 0.000000 -0.623284 0.801638 0.343714 1 7 1.000000
  7 0.518597 8.925458 -1.162350 -0.218691 -0.949957 -0.223062 0.803316 0.312449 1 7 1.000000
..\..\..\Desktop\General\noesis\ys_body
  7 -0.000023 8.337987 -1.937744 -0.944037 0.000000 0.329840 0.819712 0.323306 1 7 1.000000
  7 -0.000025 8.972998 -2.159600 -0.986636 0.000000 0.162939 0.813302 0.336007 1 7 1.000000
  7 0.518597 8.925458 -1.162350 -0.218691 -0.949957 -0.223062 0.803316 0.312449 1 7 1.000000
..\..\..\Desktop\General\noesis\ys_body
  7 -0.000023 8.337987 -1.937744 -0.944037 0.000000 0.329840 0.819712 0.323306 1 7 1.000000
  7 -0.518647 8.925450 -1.162350 -0.218691 0.949957 -0.223062 0.803316 0.312449 1 7 1.000000
  7 -0.000025 8.972998 -2.159600 -0.986636 0.000000 0.162939 0.813302 0.336007 1 7 1.000000
..\..\..\Desktop\General\noesis\ys_body
  7 -0.000025 8.972998 -2.159600 -0.986636 0.000000 0.162939 0.813302 0.336007 1 7 1.000000
  7 -0.518647 8.925450 -1.162350 -0.218691 0.949957 -0.223062 0.803316 0.312449 1 7 1.000000
  7 -0.000028 9.643017 -2.146704 -0.781996 0.000000 -0.623284 0.801638 0.343714 1 7 1.000000
..\..\..\Desktop\General\noesis\ys_body
  7 -0.000028 9.643017 -2.146704 -0.781996 0.000000 -0.623284 0.801638 0.343714 1 7 1.000000
  7 -0.518647 8.925450 -1.162350 -0.218691 0.949957 -0.223062 0.803316 0.312449 1 7 1.000000
  7 -0.000028 9.864454 -1.347192 0.128482 0.000000 -0.991712 0.792309 0.327928 1 7 1.000000
..\..\..\Desktop\General\noesis\ys_body
  7 -0.000028 9.864454 -1.347192 0.128482 0.000000 -0.991712 0.792309 0.327928 1 7 1.000000
  7 -0.518647 8.925450 -1.162350 -0.218691 0.949957 -0.223062 0.803316 0.312449 1 7 1.000000
  7 -0.000027 9.358501 -0.334678 0.446996 -0.000000 -0.894536 0.794413 0.309691 1 7 1.000000
..\..\..\Desktop\General\noesis\ys_body
  7 -0.000025 8.908966 1.248160 -0.611345 0.000000 -0.791364 0.267952 0.646074 1 7 1.000000
  7 -0.000028 9.762821 2.353456 -0.366479 0.000000 -0.930426 0.261108 0.650894 1 7 1.000000
  7 1.217356 8.604054 1.273228 -0.509841 -0.548549 -0.662688 0.267797 0.644353 1 7 1.000000
..\..\..\Desktop\General\noesis\ys_body
  7 -0.000025 8.908966 1.248160 -0.611345 0.000000 -0.791364 0.267952 0.646074 1 7 1.000000
  7 -1.217404 8.604035 1.273228 -0.509841 0.548549 -0.662688 0.267797 0.644353 1 7 1.000000
  7 -0.000028 9.762821 2.353456 -0.366479 0.000000 -0.930426 0.261108 0.650894 1 7 1.000000
..\..\..\Desktop\General\noesis\ys_body
  7 -1.217404 8.604035 1.273228 -0.509841 0.548549 -0.662688 0.267797 0.644353 1 7 1.000000
  7 -1.905985 8.914287 2.789630 -0.149687 0.763504 -0.628216 0.258406 0.646104 1 7 1.000000
  7 -0.000028 9.762821 2.353456 -0.366479 0.000000 -0.930426 0.261108 0.650894 1 7 1.000000
..\..\..\Desktop\General\noesis\ys_body
  7 -1.594750 7.504673 1.404360 -0.565915 0.822546 0.056194 0.266985 0.638147 1 7 1.000000
  7 -1.905985 8.914287 2.789630 -0.149687 0.763504 -0.628216 0.258406 0.646104 1 7 1.000000
  7 -1.217404 8.604035 1.273228 -0.509841 0.548549 -0.662688 0.267797 0.644353 1 7 1.000000
..\..\..\Desktop\General\noesis\ys_body
  7 -1.594750 7.504673 1.404360 -0.565915 0.822546 0.056194 0.266985 0.638147 1 7 1.000000
  7 -2.408109 7.100941 3.062358 -0.067687 0.991991 0.106644 0.256717 0.635868 1 7 1.000000
  7 -1.905985 8.914287 2.789630 -0.149687 0.763504 -0.628216 0.258406 0.646104 1 7 1.000000
..\..\..\Desktop\General\noesis\ys_body
  7 -1.442325 6.190192 1.909830 -0.662805 0.573907 0.480957 0.263855 0.630727 1 7 1.000000
  7 -2.408109 7.100941 3.062358 -0.067687 0.991991 0.106644 0.256717 0.635868 1 7 1.000000
  7 -1.594750 7.504673 1.404360 -0.565915 0.822546 0.056194 0.266985 0.638147 1 7 1.000000
..\..\..\Desktop\General\noesis\ys_body
  7 -1.135008 7.078866 1.323456 -0.830442 0.363359 0.422299 0.267486 0.635743 1 7 1.000000
  7 -1.442325 6.190192 1.909830 -0.662805 0.573907 0.480957 0.263855 0.630727 1 7 1.000000
  7 -1.594750 7.504673 1.404360 -0.565915 0.822546 0.056194 0.266985 0.638147 1 7 1.000000
..\..\..\Desktop\General\noesis\ys_body
  7 -0.000017 6.650858 0.424944 -0.720389 0.000000 0.693570 0.264477 0.627562 1 7 1.000000
  7 -1.442325 6.190192 1.909830 -0.662805 0.573907 0.480957 0.263855 0.630727 1 7 1.000000
  7 -1.135008 7.078866 1.323456 -0.830442 0.363359 0.422299 0.267486 0.635743 1 7 1.000000
..\..\..\Desktop\General\noesis\ys_body
  7 -0.000017 6.650858 0.424944 -0.720389 0.000000 0.693570 0.264477 0.627562 1 7 1.000000
  7 -1.300581 5.159643 2.935572 -0.086035 0.497213 0.863353 0.257502 0.624909 1 7 1.000000
  7 -1.442325 6.190192 1.909830 -0.662805 0.573907 0.480957 0.263855 0.630727 1 7 1.000000
..\..\..\Desktop\General\noesis\ys_body
  7 -1.442325 6.190192 1.909830 -0.662805 0.573907 0.480957 0.263855 0.630727 1 7 1.000000
  7 -1.300581 5.159643 2.935572 -0.086035 0.497213 0.863353 0.257502 0.624909 1 7 1.000000
  7 -2.408109 7.100941 3.062358 -0.067687 0.991991 0.106644 0.256717 0.635868 1 7 1.000000
..\..\..\Desktop\General\noesis\ys_body
  7 -0.000017 6.650858 0.424944 -0.720389 0.000000 0.693570 0.264477 0.627562 1 7 1.000000
  7 1.300559 5.159663 2.935572 -0.087669 -0.496837 0.863404 0.257502 0.624909 1 7 1.000000
  7 -1.300581 5.159643 2.935572 -0.086035 0.497213 0.863353 0.257502 0.624909 1 7 1.000000
..\..\..\Desktop\General\noesis\ys_body
  7 -0.000017 6.650858 0.424944 -0.720389 0.000000 0.693570 0.264477 0.627562 1 7 1.000000
  7 1.442295 6.190213 1.909830 -0.662805 -0.573907 0.480957 0.263855 0.630727 1 7 1.000000
  7 1.300559 5.159663 2.935572 -0.087669 -0.496837 0.863404 0.257502 0.624909 1 7 1.000000
..\..\..\Desktop\General\noesis\ys_body
  7 -0.000017 6.650858 0.424944 -0.720389 0.000000 0.693570 0.264477 0.627562 1 7 1.000000
  7 1.134972 7.078883 1.323456 -0.830441 -0.363360 0.422299 0.267486 0.635743 1 7 1.000000
  7 1.442295 6.190213 1.909830 -0.662805 -0.573907 0.480957 0.263855 0.630727 1 7 1.000000
..\..\..\Desktop\General\noesis\ys_body
  7 1.134972 7.078883 1.323456 -0.830441 -0.363360 0.422299 0.267486 0.635743 1 7 1.000000
  7 1.594710 7.504696 1.404360 -0.565915 -0.822546 0.056194 0.266985 0.638147 1 7 1.000000
  7 1.442295 6.190213 1.909830 -0.662805 -0.573907 0.480957 0.263855 0.630727 1 7 1.000000
..\..\..\Desktop\General\noesis\ys_body
  7 1.442295 6.190213 1.909830 -0.662805 -0.573907 0.480957 0.263855 0.630727 1 7 1.000000
  7 1.594710 7.504696 1.404360 -0.565915 -0.822546 0.056194 0.266985 0.638147 1 7 1.000000
  7 2.408072 7.100976 3.062358 -0.070145 -0.991940 0.105522 0.256717 0.635868 1 7 1.000000
..\..\..\Desktop\General\noesis\ys_body
  7 1.442295 6.190213 1.909830 -0.662805 -0.573907 0.480957 0.263855 0.630727 1 7 1.000000
  7 2.408072 7.100976 3.062358 -0.070145 -0.991940 0.105522 0.256717 0.635868 1 7 1.000000
  7 1.300559 5.159663 2.935572 -0.087669 -0.496837 0.863404 0.257502 0.624909 1 7 1.000000
..\..\..\Desktop\General\noesis\ys_body
  7 1.300559 5.159663 2.935572 -0.087669 -0.496837 0.863404 0.257502 0.624909 1 7 1.000000
  7 2.408072 7.100976 3.062358 -0.070145 -0.991940 0.105522 0.256717 0.635868 1 7 1.000000
  7 1.790523 6.795105 4.713766 0.670939 -0.676950 0.302621 0.246490 0.634141 1 7 1.000000
..\..\..\Desktop\General\noesis\ys_body
  7 -0.000013 5.466190 4.497656 0.655863 0.000907 0.754879 0.247829 0.626639 1 7 1.000000
  7 1.300559 5.159663 2.935572 -0.087669 -0.496837 0.863404 0.257502 0.624909 1 7 1.000000
  7 1.790523 6.795105 4.713766 0.670939 -0.676950 0.302621 0.246490 0.634141 1 7 1.000000
..\..\..\Desktop\General\noesis\ys_body
  7 1.300559 5.159663 2.935572 -0.087669 -0.496837 0.863404 0.257502 0.624909 1 7 1.000000
  7 -0.000013 5.466190 4.497656 0.655863 0.000907 0.754879 0.247829 0.626639 1 7 1.000000
  7 -1.300581 5.159643 2.935572 -0.086035 0.497213 0.863353 0.257502 0.624909 1 7 1.000000
..\..\..\Desktop\General\noesis\ys_body
  7 -0.000013 5.466190 4.497656 0.655863 0.000907 0.754879 0.247829 0.626639 1 7 1.000000
  7 -1.775677 6.795080 4.713766 0.672059 0.675644 0.303054 0.246490 0.634141 1 7 1.000000
  7 -1.300581 5.159643 2.935572 -0.086035 0.497213 0.863353 0.257502 0.624909 1 7 1.000000
..\..\..\Desktop\General\noesis\ys_body
  7 -1.300581 5.159643 2.935572 -0.086035 0.497213 0.863353 0.257502 0.624909 1 7 1.000000
  7 -1.775677 6.795080 4.713766 0.672059 0.675644 0.303054 0.246490 0.634141 1 7 1.000000
  7 -2.408109 7.100941 3.062358 -0.067687 0.991991 0.106644 0.256717 0.635868 1 7 1.000000
..\..\..\Desktop\General\noesis\ys_body
  7 1.790523 6.795105 4.713766 0.670939 -0.676950 0.302621 0.246490 0.634141 1 7 1.000000
  7 -0.000019 7.126540 5.450608 0.999879 0.000863 0.015540 0.241927 0.636012 1 7 1.000000
  7 -0.000013 5.466190 4.497656 0.655863 0.000907 0.754879 0.247829 0.626639 1 7 1.000000
..\..\..\Desktop\General\noesis\ys_body
  7 -1.775677 6.795080 4.713766 0.672059 0.675644 0.303054 0.246490 0.634141 1 7 1.000000
  7 -0.000013 5.466190 4.497656 0.655863 0.000907 0.754879 0.247829 0.626639 1 7 1.000000
  7 -0.000019 7.126540 5.450608 0.999879 0.000863 0.015540 0.241927 0.636012 1 7 1.000000
..\..\..\Desktop\General\noesis\ys_body
  7 -1.537485 8.795793 4.341340 0.579485 0.654276 -0.485921 0.248797 0.645436 1 7 1.000000
  7 -2.408109 7.100941 3.062358 -0.067687 0.991991 0.106644 0.256717 0.635868 1 7 1.000000
  7 -1.775677 6.795080 4.713766 0.672059 0.675644 0.303054 0.246490 0.634141 1 7 1.000000
..\..\..\Desktop\General\noesis\ys_body
  7 -1.537485 8.795793 4.341340 0.579485 0.654276 -0.485921 0.248797 0.645436 1 7 1.000000
  7 -1.775677 6.795080 4.713766 0.672059 0.675644 0.303054 0.246490 0.634141 1 7 1.000000
  7 -0.000019 7.126540 5.450608 0.999879 0.000863 0.015540 0.241927 0.636012 1 7 1.000000
..\..\..\Desktop\General\noesis\ys_body
  7 -1.905985 8.914287 2.789630 -0.149687 0.763504 -0.628216 0.258406 0.646104 1 7 1.000000
  7 -2.408109 7.100941 3.062358 -0.067687 0.991991 0.106644 0.256717 0.635868 1 7 1.000000
  7 -1.537485 8.795793 4.341340 0.579485 0.654276 -0.485921 0.248797 0.645436 1 7 1.000000
..\..\..\Desktop\General\noesis\ys_body
  7 -0.000019 7.126540 5.450608 0.999879 0.000863 0.015540 0.241927 0.636012 1 7 1.000000
  7 -0.000026 9.078402 4.956622 0.801064 -0.000074 -0.598579 0.244986 0.647031 1 7 1.000000
  7 -1.537485 8.795793 4.341340 0.579485 0.654276 -0.485921 0.248797 0.645436 1 7 1.000000
..\..\..\Desktop\General\noesis\ys_body
  7 1.536825 8.795815 4.341340 0.578387 -0.654042 -0.487542 0.248797 0.645436 1 7 1.000000
  7 -0.000019 7.126540 5.450608 0.999879 0.000863 0.015540 0.241927 0.636012 1 7 1.000000
  7 1.790523 6.795105 4.713766 0.670939 -0.676950 0.302621 0.246490 0.634141 1 7 1.000000
..\..\..\Desktop\General\noesis\ys_body
  7 1.536825 8.795815 4.341340 0.578387 -0.654042 -0.487542 0.248797 0.645436 1 7 1.000000
  7 1.790523 6.795105 4.713766 0.670939 -0.676950 0.302621 0.246490 0.634141 1 7 1.000000
  7 2.408072 7.100976 3.062358 -0.070145 -0.991940 0.105522 0.256717 0.635868 1 7 1.000000
..\..\..\Desktop\General\noesis\ys_body
  7 -0.000019 7.126540 5.450608 0.999879 0.000863 0.015540 0.241927 0.636012 1 7 1.000000
  7 1.536825 8.795815 4.341340 0.578387 -0.654042 -0.487542 0.248797 0.645436 1 7 1.000000
  7 -0.000026 9.078402 4.956622 0.801064 -0.000074 -0.598579 0.244986 0.647031 1 7 1.000000
..\..\..\Desktop\General\noesis\ys_body
  7 1.905935 8.914313 2.789630 -0.149587 -0.763519 -0.628221 0.258406 0.646104 1 7 1.000000
  7 1.536825 8.795815 4.341340 0.578387 -0.654042 -0.487542 0.248797 0.645436 1 7 1.000000
  7 2.408072 7.100976 3.062358 -0.070145 -0.991940 0.105522 0.256717 0.635868 1 7 1.000000
..\..\..\Desktop\General\noesis\ys_body
  7 1.594710 7.504696 1.404360 -0.565915 -0.822546 0.056194 0.266985 0.638147 1 7 1.000000
  7 1.217356 8.604054 1.273228 -0.509841 -0.548549 -0.662688 0.267797 0.644353 1 7 1.000000
  7 1.905935 8.914313 2.789630 -0.149587 -0.763519 -0.628221 0.258406 0.646104 1 7 1.000000
..\..\..\Desktop\General\noesis\ys_body
  7 1.594710 7.504696 1.404360 -0.565915 -0.822546 0.056194 0.266985 0.638147 1 7 1.000000
  7 1.905935 8.914313 2.789630 -0.149587 -0.763519 -0.628221 0.258406 0.646104 1 7 1.000000
  7 2.408072 7.100976 3.062358 -0.070145 -0.991940 0.105522 0.256717 0.635868 1 7 1.000000
..\..\..\Desktop\General\noesis\ys_body
  7 1.217356 8.604054 1.273228 -0.509841 -0.548549 -0.662688 0.267797 0.644353 1 7 1.000000
  7 -0.000028 9.762821 2.353456 -0.366479 0.000000 -0.930426 0.261108 0.650894 1 7 1.000000
  7 1.905935 8.914313 2.789630 -0.149587 -0.763519 -0.628221 0.258406 0.646104 1 7 1.000000
..\..\..\Desktop\General\noesis\ys_body
  7 -1.537485 8.795793 4.341340 0.579485 0.654276 -0.485921 0.248797 0.645436 1 7 1.000000
  7 -0.000028 9.769876 3.815736 0.249258 -0.000036 -0.968437 0.252052 0.650934 1 7 1.000000
  7 -1.905985 8.914287 2.789630 -0.149687 0.763504 -0.628216 0.258406 0.646104 1 7 1.000000
..\..\..\Desktop\General\noesis\ys_body
  7 -1.905985 8.914287 2.789630 -0.149687 0.763504 -0.628216 0.258406 0.646104 1 7 1.000000
  7 -0.000028 9.769876 3.815736 0.249258 -0.000036 -0.968437 0.252052 0.650934 1 7 1.000000
  7 -0.000028 9.762821 2.353456 -0.366479 0.000000 -0.930426 0.261108 0.650894 1 7 1.000000
..\..\..\Desktop\General\noesis\ys_body
  7 1.905935 8.914313 2.789630 -0.149587 -0.763519 -0.628221 0.258406 0.646104 1 7 1.000000
  7 -0.000028 9.762821 2.353456 -0.366479 0.000000 -0.930426 0.261108 0.650894 1 7 1.000000
  7 -0.000028 9.769876 3.815736 0.249258 -0.000036 -0.968437 0.252052 0.650934 1 7 1.000000
..\..\..\Desktop\General\noesis\ys_body
  7 1.536825 8.795815 4.341340 0.578387 -0.654042 -0.487542 0.248797 0.645436 1 7 1.000000
  7 1.905935 8.914313 2.789630 -0.149587 -0.763519 -0.628221 0.258406 0.646104 1 7 1.000000
  7 -0.000028 9.769876 3.815736 0.249258 -0.000036 -0.968437 0.252052 0.650934 1 7 1.000000
..\..\..\Desktop\General\noesis\ys_body
  7 1.536825 8.795815 4.341340 0.578387 -0.654042 -0.487542 0.282096 0.801694 1 7 1.000000
  7 -0.000028 9.769876 3.815736 0.249258 -0.000036 -0.968437 0.362796 1.026090 1 7 1.000000
  7 -0.000026 9.078402 4.956622 0.801064 -0.000074 -0.598579 0.158856 0.992068 1 7 1.000000
..\..\..\Desktop\General\noesis\ys_body
  7 -1.537485 8.795793 4.341340 0.579485 0.654276 -0.485921 0.282096 0.801694 1 7 1.000000
  7 -0.000026 9.078402 4.956622 0.801064 -0.000074 -0.598579 0.158856 0.992068 1 7 1.000000
  7 -0.000028 9.769876 3.815736 0.249258 -0.000036 -0.968437 0.362796 1.026090 1 7 1.000000
..\..\..\Desktop\General\noesis\ys_body
  7 1.217356 8.604054 1.273228 0.855637 -0.513868 0.061845 0.420762 0.676776 1 7 1.000000
  7 1.594710 7.504696 1.404360 0.851225 -0.439523 -0.286767 0.408872 0.673832 1 7 1.000000
  7 1.737265 8.791331 0.524183 0.174572 -0.966977 -0.185688 0.416134 0.668288 1 7 1.000000
..\..\..\Desktop\General\noesis\ys_body
  7 0.509244 11.206352 0.632202 0.156399 0.295411 -0.942482 0.407378 0.730720 1 7 1.000000
  7 1.135797 11.119364 0.874178 0.298169 -0.407417 -0.863196 0.413854 0.729349 1 7 1.000000
  7 0.837042 11.053412 -0.065672 -0.542268 0.018725 -0.839997 0.410766 0.728310 1 7 1.000000
..\..\..\Desktop\General\noesis\ys_body
  7 0.837042 11.053412 -0.065672 -0.542268 0.018725 -0.839997 0.410766 0.728310 1 7 1.000000
  7 -0.000032 10.817190 0.470073 -0.041150 0.752641 -0.657144 0.402113 0.724586 1 7 1.000000
  7 0.509244 11.206352 0.632202 0.156399 0.295411 -0.942482 0.407378 0.730720 1 7 1.000000
..\..\..\Desktop\General\noesis\ys_body
  7 -0.000032 10.817190 0.470073 -0.041150 0.752641 -0.657144 0.402113 0.724586 1 7 1.000000
  7 0.837042 11.053412 -0.065672 -0.542268 0.018725 -0.839997 0.410766 0.728310 1 7 1.000000
  7 0.257574 10.537971 -0.246318 -0.742970 0.511123 -0.432144 0.404776 0.720184 1 7 1.000000
..\..\..\Desktop\General\noesis\ys_body
  7 -0.000032 10.817190 0.470073 -0.041150 0.752641 -0.657144 0.402113 0.724586 1 7 1.000000
  7 0.257574 10.537971 -0.246318 -0.742970 0.511123 -0.432144 0.404776 0.720184 1 7 1.000000
  7 -0.000027 9.358501 -0.334678 -0.902234 0.000000 -0.431246 0.402113 0.701590 1 7 1.000000
..\..\..\Desktop\General\noesis\ys_body
  7 -0.000027 9.358501 -0.334678 -0.902234 0.000000 -0.431246 0.402113 0.701590 1 7 1.000000
  7 0.257574 10.537971 -0.246318 -0.742970 0.511123 -0.432144 0.404776 0.720184 1 7 1.000000
  7 1.032870 10.218734 -0.548591 -0.946841 -0.203172 -0.249427 0.412790 0.715151 1 7 1.000000
..\..\..\Desktop\General\noesis\ys_body
  7 0.837042 11.053412 -0.065672 -0.542268 0.018725 -0.839997 0.410766 0.728310 1 7 1.000000
  7 1.032870 10.218734 -0.548591 -0.946841 -0.203172 -0.249427 0.412790 0.715151 1 7 1.000000
  7 0.257574 10.537971 -0.246318 -0.742970 0.511123 -0.432144 0.404776 0.720184 1 7 1.000000
..\..\..\Desktop\General\noesis\ys_body
  7 1.179914 9.255020 -0.526420 -0.756591 -0.502972 -0.417839 0.414310 0.699959 1 7 1.000000
  7 -0.000027 9.358501 -0.334678 -0.902234 0.000000 -0.431246 0.402113 0.701590 1 7 1.000000
  7 1.032870 10.218734 -0.548591 -0.946841 -0.203172 -0.249427 0.412790 0.715151 1 7 1.000000
..\..\..\Desktop\General\noesis\ys_body
  7 1.032870 10.218734 -0.548591 -0.946841 -0.203172 -0.249427 0.412790 0.715151 1 7 1.000000
  7 1.849292 9.639922 0.073043 -0.296605 -0.954766 -0.021141 0.421230 0.706027 1 7 1.000000
  7 1.179914 9.255020 -0.526420 -0.756591 -0.502972 -0.417839 0.414310 0.699959 1 7 1.000000
..\..\..\Desktop\General\noesis\ys_body
  7 0.837042 11.053412 -0.065672 -0.542268 0.018725 -0.839997 0.410766 0.728310 1 7 1.000000
  7 1.612988 10.690796 0.087914 -0.321458 -0.776227 -0.542343 0.418115 0.723107 1 7 1.000000
  7 1.032870 10.218734 -0.548591 -0.946841 -0.203172 -0.249427 0.412790 0.715151 1 7 1.000000
..\..\..\Desktop\General\noesis\ys_body
  7 1.612988 10.690796 0.087914 -0.321458 -0.776227 -0.542343 0.418115 0.723107 1 7 1.000000
  7 1.849292 9.639922 0.073043 -0.296605 -0.954766 -0.021141 0.421230 0.706027 1 7 1.000000
  7 1.032870 10.218734 -0.548591 -0.946841 -0.203172 -0.249427 0.412790 0.715151 1 7 1.000000
..\..\..\Desktop\General\noesis\ys_body
  7 0.837042 11.053412 -0.065672 -0.542268 0.018725 -0.839997 0.410766 0.728310 1 7 1.000000
  7 1.135797 11.119364 0.874178 0.298169 -0.407417 -0.863196 0.413854 0.729349 1 7 1.000000
  7 1.612988 10.690796 0.087914 -0.321458 -0.776227 -0.542343 0.418115 0.723107 1 7 1.000000
..\..\..\Desktop\General\noesis\ys_body
  7 -0.000023 8.337987 -1.937744 -0.810540 0.000000 -0.585683 0.430816 0.663747 1 7 1.000000
  7 -0.000026 9.080975 -1.178698 -0.559027 0.000000 -0.829149 0.430816 0.671529 1 7 1.000000
  7 1.509346 8.522276 -1.288202 -0.566860 -0.558142 -0.605926 0.452389 0.665677 1 7 1.000000
..\..\..\Desktop\General\noesis\ys_body
  7 -0.000020 7.514188 -2.335690 -0.959443 0.000000 -0.281904 0.430816 0.655119 1 7 1.000000
  7 -0.000023 8.337987 -1.937744 -0.810540 0.000000 -0.585683 0.430816 0.663747 1 7 1.000000
  7 1.509346 8.522276 -1.288202 -0.566860 -0.558142 -0.605926 0.452389 0.665677 1 7 1.000000
..\..\..\Desktop\General\noesis\ys_body
  7 -0.000023 8.337987 -1.937744 -0.810540 0.000000 -0.585683 0.430816 0.663747 1 7 1.000000
  7 -1.509394 8.522253 -1.288202 -0.566860 0.558142 -0.605926 0.452389 0.665677 1 7 1.000000
  7 -0.000026 9.080975 -1.178698 -0.559027 0.000000 -0.829149 0.430816 0.671529 1 7 1.000000
..\..\..\Desktop\General\noesis\ys_body
  7 -0.000020 7.514188 -2.335690 -0.959443 0.000000 -0.281904 0.430816 0.655119 1 7 1.000000
  7 -1.509394 8.522253 -1.288202 -0.566860 0.558142 -0.605926 0.452389 0.665677 1 7 1.000000
  7 -0.000023 8.337987 -1.937744 -0.810540 0.000000 -0.585683 0.430816 0.663747 1 7 1.000000
..\..\..\Desktop\General\noesis\ys_body
  7 -0.000026 9.080975 -1.178698 -0.559027 0.000000 -0.829149 0.430816 0.671529 1 7 1.000000
  7 -1.509394 8.522253 -1.288202 -0.566860 0.558142 -0.605926 0.452389 0.665677 1 7 1.000000
  7 -1.179966 9.255003 -0.526420 -0.756591 0.502972 -0.417839 0.443676 0.673352 1 7 1.000000
..\..\..\Desktop\General\noesis\ys_body
  7 -0.000026 9.080975 -1.178698 -0.559027 0.000000 -0.829149 0.430816 0.671529 1 7 1.000000
  7 -1.179966 9.255003 -0.526420 -0.756591 0.502972 -0.417839 0.443676 0.673352 1 7 1.000000
  7 -0.000027 9.358501 -0.334678 -0.902234 0.000000 -0.431246 0.430816 0.674435 1 7 1.000000
..\..\..\Desktop\General\noesis\ys_body
  7 -0.000026 9.080975 -1.178698 -0.559027 0.000000 -0.829149 0.430816 0.671529 1 7 1.000000
  7 1.179914 9.255020 -0.526420 -0.756591 -0.502972 -0.417839 0.443676 0.673352 1 7 1.000000
  7 1.509346 8.522276 -1.288202 -0.566860 -0.558142 -0.605926 0.452389 0.665677 1 7 1.000000
..\..\..\Desktop\General\noesis\ys_body
  7 -0.000026 9.080975 -1.178698 -0.559027 0.000000 -0.829149 0.430816 0.671529 1 7 1.000000
  7 -0.000027 9.358501 -0.334678 -0.902234 0.000000 -0.431246 0.430816 0.674435 1 7 1.000000
  7 1.179914 9.255020 -0.526420 -0.756591 -0.502972 -0.417839 0.443676 0.673352 1 7 1.000000
..\..\..\Desktop\General\noesis\ys_body
  7 1.179914 9.255020 -0.526420 -0.756591 -0.502972 -0.417839 0.443676 0.673352 1 7 1.000000
  7 1.737265 8.791331 0.524183 0.174572 -0.966977 -0.185688 0.449849 0.668212 1 7 1.000000
  7 1.509346 8.522276 -1.288202 -0.566860 -0.558142 -0.605926 0.452389 0.665677 1 7 1.000000
..\..\..\Desktop\General\noesis\ys_body
  7 1.179914 9.255020 -0.526420 -0.756591 -0.502972 -0.417839 0.414310 0.699959 1 7 1.000000
  7 1.849292 9.639922 0.073043 -0.296605 -0.954766 -0.021141 0.421230 0.706027 1 7 1.000000
  7 1.737265 8.791331 0.524183 0.174572 -0.966977 -0.185688 0.420165 0.692223 1 7 1.000000
..\..\..\Desktop\General\noesis\ys_body
  7 -1.217404 8.604035 1.273228 0.855637 0.513868 0.061846 0.420762 0.676776 1 7 1.000000
  7 -1.737315 8.791305 0.524183 0.174572 0.966977 -0.185688 0.416134 0.668288 1 7 1.000000
  7 -1.594750 7.504673 1.404360 0.851225 0.439524 -0.286767 0.408872 0.673832 1 7 1.000000
..\..\..\Desktop\General\noesis\ys_body
  7 -0.509310 11.206348 0.632202 0.156399 -0.295411 -0.942482 0.407378 0.730720 1 7 1.000000
  7 -0.837108 11.053407 -0.065672 -0.542268 -0.018725 -0.839997 0.410766 0.728310 1 7 1.000000
  7 -1.135863 11.119347 0.874178 0.298169 0.407417 -0.863196 0.413854 0.729349 1 7 1.000000
..\..\..\Desktop\General\noesis\ys_body
  7 -0.837108 11.053407 -0.065672 -0.542268 -0.018725 -0.839997 0.410766 0.728310 1 7 1.000000
  7 -0.509310 11.206348 0.632202 0.156399 -0.295411 -0.942482 0.407378 0.730720 1 7 1.000000
  7 -0.000032 10.817190 0.470073 -0.041150 -0.752641 -0.657144 0.402113 0.724586 1 7 1.000000
..\..\..\Desktop\General\noesis\ys_body
  7 -0.000032 10.817190 0.470073 -0.041150 -0.752641 -0.657144 0.402113 0.724586 1 7 1.000000
  7 -0.000027 9.358501 -0.334678 -0.902234 0.000000 -0.431246 0.402113 0.701590 1 7 1.000000
  7 -0.257636 10.537969 -0.246318 -0.742970 -0.511123 -0.432144 0.404776 0.720184 1 7 1.000000
..\..\..\Desktop\General\noesis\ys_body
  7 -0.000032 10.817190 0.470073 -0.041150 -0.752641 -0.657144 0.402113 0.724586 1 7 1.000000
  7 -0.257636 10.537969 -0.246318 -0.742970 -0.511123 -0.432144 0.404776 0.720184 1 7 1.000000
  7 -0.837108 11.053407 -0.065672 -0.542268 -0.018725 -0.839997 0.410766 0.728310 1 7 1.000000
..\..\..\Desktop\General\noesis\ys_body
  7 -0.000027 9.358501 -0.334678 -0.902234 0.000000 -0.431246 0.402113 0.701590 1 7 1.000000
  7 -1.032930 10.218717 -0.548591 -0.946841 0.203173 -0.249427 0.412790 0.715151 1 7 1.000000
  7 -0.257636 10.537969 -0.246318 -0.742970 -0.511123 -0.432144 0.404776 0.720184 1 7 1.000000
..\..\..\Desktop\General\noesis\ys_body
  7 -0.837108 11.053407 -0.065672 -0.542268 -0.018725 -0.839997 0.410766 0.728310 1 7 1.000000
  7 -0.257636 10.537969 -0.246318 -0.742970 -0.511123 -0.432144 0.404776 0.720184 1 7 1.000000
  7 -1.032930 10.218717 -0.548591 -0.946841 0.203173 -0.249427 0.412790 0.715151 1 7 1.000000
..\..\..\Desktop\General\noesis\ys_body
  7 -1.179966 9.255003 -0.526420 -0.756591 0.502972 -0.417839 0.414310 0.699959 1 7 1.000000
  7 -1.032930 10.218717 -0.548591 -0.946841 0.203173 -0.249427 0.412790 0.715151 1 7 1.000000
  7 -0.000027 9.358501 -0.334678 -0.902234 0.000000 -0.431246 0.402113 0.701590 1 7 1.000000
..\..\..\Desktop\General\noesis\ys_body
  7 -1.032930 10.218717 -0.548591 -0.946841 0.203173 -0.249427 0.412790 0.715151 1 7 1.000000
  7 -1.179966 9.255003 -0.526420 -0.756591 0.502972 -0.417839 0.414310 0.699959 1 7 1.000000
  7 -1.849348 9.639895 0.073043 -0.296605 0.954766 -0.021141 0.421230 0.706027 1 7 1.000000
..\..\..\Desktop\General\noesis\ys_body
  7 -1.613051 10.690764 0.087914 -0.321458 0.776227 -0.542343 0.418115 0.723107 1 7 1.000000
  7 -1.032930 10.218717 -0.548591 -0.946841 0.203173 -0.249427 0.412790 0.715151 1 7 1.000000
  7 -1.849348 9.639895 0.073043 -0.296605 0.954766 -0.021141 0.421230 0.706027 1 7 1.000000
..\..\..\Desktop\General\noesis\ys_body
  7 -0.837108 11.053407 -0.065672 -0.542268 -0.018725 -0.839997 0.410766 0.728310 1 7 1.000000
  7 -1.613051 10.690764 0.087914 -0.321458 0.776227 -0.542343 0.418115 0.723107 1 7 1.000000
  7 -1.135863 11.119347 0.874178 0.298169 0.407417 -0.863196 0.413854 0.729349 1 7 1.000000
..\..\..\Desktop\General\noesis\ys_body
  7 -0.837108 11.053407 -0.065672 -0.542268 -0.018725 -0.839997 0.410766 0.728310 1 7 1.000000
  7 -1.032930 10.218717 -0.548591 -0.946841 0.203173 -0.249427 0.412790 0.715151 1 7 1.000000
  7 -1.613051 10.690764 0.087914 -0.321458 0.776227 -0.542343 0.418115 0.723107 1 7 1.000000
..\..\..\Desktop\General\noesis\ys_body
  7 -1.179966 9.255003 -0.526420 -0.756591 0.502972 -0.417839 0.443676 0.673352 1 7 1.000000
  7 -1.509394 8.522253 -1.288202 -0.566860 0.558142 -0.605926 0.452389 0.665677 1 7 1.000000
  7 -1.737315 8.791305 0.524183 0.174572 0.966977 -0.185688 0.449849 0.668212 1 7 1.000000
..\..\..\Desktop\General\noesis\ys_body
  7 -1.179966 9.255003 -0.526420 -0.756591 0.502972 -0.417839 0.414310 0.699959 1 7 1.000000
  7 -1.737315 8.791305 0.524183 0.174572 0.966977 -0.185688 0.420165 0.692223 1 7 1.000000
  7 -1.849348 9.639895 0.073043 -0.296605 0.954766 -0.021141 0.421230 0.706027 1 7 1.000000
..\..\..\Desktop\General\noesis\ys_body
  10 0.000000 -0.285512 -1.328510 0.000000 -0.989662 -0.143417 -0.016804 -0.436779 1 10 1.000000
  10 0.000000 1.820120 -2.677520 0.000000 0.358143 -0.933667 0.194318 -0.661671 1 10 1.000000
  10 0.866485 0.983047 -1.921340 0.703882 0.029143 -0.709719 0.206593 -0.473254 1 10 1.000000
..\..\..\Desktop\General\noesis\ys_body
  10 0.866485 0.983047 -1.921340 0.703882 0.029143 -0.709719 0.206593 -0.473254 1 10 1.000000
  10 1.728830 0.203118 -0.665449 0.682072 -0.581294 -0.443706 0.229288 -0.373781 1 10 1.000000
  10 0.000000 -0.285512 -1.328510 0.000000 -0.989662 -0.143417 -0.016804 -0.436779 1 10 1.000000
..\..\..\Desktop\General\noesis\ys_body
  10 0.000000 -0.285512 -1.328510 0.000000 -0.989662 -0.143417 -0.016804 -0.436779 1 10 1.000000
  10 -0.866485 0.983047 -1.921340 -0.703882 0.029143 -0.709719 0.206593 -0.473254 1 10 1.000000
  10 0.000000 1.820120 -2.677520 0.000000 0.358143 -0.933667 0.194318 -0.661671 1 10 1.000000
..\..\..\Desktop\General\noesis\ys_body
  10 -0.866485 0.983047 -1.921340 -0.703882 0.029143 -0.709719 0.206593 -0.473254 1 10 1.000000
  10 0.000000 -0.285512 -1.328510 0.000000 -0.989662 -0.143417 -0.016804 -0.436779 1 10 1.000000
  10 -1.728830 0.203118 -0.665449 -0.682072 -0.581294 -0.443706 0.229288 -0.373781 1 10 1.000000
..\..\..\Desktop\General\noesis\ys_body
  10 1.249930 1.845100 -1.479360 0.529082 0.585100 -0.614597 0.303544 -0.316769 1 10 1.000000
  10 0.866485 0.983047 -1.921340 0.703882 0.029143 -0.709719 0.317039 -0.326740 1 10 1.000000
  10 0.000000 1.820120 -2.677520 0.000000 0.358143 -0.933667 0.324659 -0.315432 1 10 1.000000
..\..\..\Desktop\General\noesis\ys_body
  10 1.249930 1.845100 -1.479360 0.529082 0.585100 -0.614597 0.303544 -0.316769 1 10 1.000000
  10 2.544190 1.683500 -0.160437 0.956502 0.119310 -0.266213 0.287500 -0.321651 1 10 1.000000
  10 0.866485 0.983047 -1.921340 0.703882 0.029143 -0.709719 0.317039 -0.326740 1 10 1.000000
..\..\..\Desktop\General\noesis\ys_body
  10 1.249930 1.845100 -1.479360 0.529082 0.585100 -0.614597 0.303544 -0.316769 1 10 1.000000
  8 1.756505 3.411722 -0.500456 -0.198237 -0.558149 -0.805712 0.286303 -0.298559 1 8 1.000000
  10 2.544190 1.683500 -0.160437 0.956502 0.119310 -0.266213 0.287500 -0.321651 1 10 1.000000
..\..\..\Desktop\General\noesis\ys_body
  8 1.053112 4.171708 -0.734096 0.465447 -0.155880 -0.871241 0.290176 -0.289143 1 8 1.000000
  8 1.756505 3.411722 -0.500456 -0.198237 -0.558149 -0.805712 0.286303 -0.298559 1 8 1.000000
  10 1.249930 1.845100 -1.479360 0.529082 0.585100 -0.614597 0.303544 -0.316769 1 10 1.000000
..\..\..\Desktop\General\noesis\ys_body
  8 1.053112 4.171708 -0.734096 0.465447 -0.155880 -0.871241 0.290176 -0.289143 1 8 1.000000
  10 1.249930 1.845100 -1.479360 0.529082 0.585100 -0.614597 0.303544 -0.316769 1 10 1.000000
  8 -1.053128 4.171692 -0.734096 0.465447 0.155880 -0.871241 0.290176 -0.289143 1 8 1.000000
..\..\..\Desktop\General\noesis\ys_body
  10 1.249930 1.845100 -1.479360 0.529082 0.585100 -0.614597 0.303544 -0.316769 1 10 1.000000
  10 -1.249930 1.845100 -1.479360 -0.529082 0.585100 -0.614598 0.303544 -0.316769 1 10 1.000000
  8 -1.053128 4.171692 -0.734096 0.465447 0.155880 -0.871241 0.290176 -0.289143 1 8 1.000000
..\..\..\Desktop\General\noesis\ys_body
  10 1.249930 1.845100 -1.479360 0.529082 0.585100 -0.614597 0.303544 -0.316769 1 10 1.000000
  10 0.000000 1.820120 -2.677520 0.000000 0.358143 -0.933667 0.324659 -0.315432 1 10 1.000000
  10 -1.249930 1.845100 -1.479360 -0.529082 0.585100 -0.614598 0.303544 -0.316769 1 10 1.000000
..\..\..\Desktop\General\noesis\ys_body
  10 -1.249930 1.845100 -1.479360 -0.529082 0.585100 -0.614598 0.303544 -0.316769 1 10 1.000000
  10 0.000000 1.820120 -2.677520 0.000000 0.358143 -0.933667 0.324659 -0.315432 1 10 1.000000
  10 -0.866485 0.983047 -1.921340 -0.703882 0.029143 -0.709719 0.317039 -0.326740 1 10 1.000000
..\..\..\Desktop\General\noesis\ys_body
  10 -1.249930 1.845100 -1.479360 -0.529082 0.585100 -0.614598 0.303544 -0.316769 1 10 1.000000
  10 -0.866485 0.983047 -1.921340 -0.703882 0.029143 -0.709719 0.317039 -0.326740 1 10 1.000000
  10 -2.544190 1.683500 -0.160437 -0.956502 0.119310 -0.266213 0.287500 -0.321651 1 10 1.000000
..\..\..\Desktop\General\noesis\ys_body
  10 -1.249930 1.845100 -1.479360 -0.529082 0.585100 -0.614598 0.303544 -0.316769 1 10 1.000000
  10 -2.544190 1.683500 -0.160437 -0.956502 0.119310 -0.266213 0.287500 -0.321651 1 10 1.000000
  8 -1.756515 3.411698 -0.500456 -0.198237 0.558149 -0.805712 0.286303 -0.298559 1 8 1.000000
..\..\..\Desktop\General\noesis\ys_body
  8 -1.053128 4.171692 -0.734096 0.465447 0.155880 -0.871241 0.290176 -0.289143 1 8 1.000000
  10 -1.249930 1.845100 -1.479360 -0.529082 0.585100 -0.614598 0.303544 -0.316769 1 10 1.000000
  8 -1.756515 3.411698 -0.500456 -0.198237 0.558149 -0.805712 0.286303 -0.298559 1 8 1.000000
..\..\..\Desktop\General\noesis\ys_body
  10 -2.544190 1.683500 -0.160437 -0.956502 0.119310 -0.266213 0.287500 -0.321651 1 10 1.000000
  8 -2.079175 3.273224 0.614226 -0.171685 0.847852 0.501668 0.274867 -0.300275 1 8 1.000000
  8 -1.756515 3.411698 -0.500456 -0.198237 0.558149 -0.805712 0.286303 -0.298559 1 8 1.000000
..\..\..\Desktop\General\noesis\ys_body
  10 -0.866485 0.983047 -1.921340 -0.703882 0.029143 -0.709719 0.317039 -0.326740 1 10 1.000000
  10 -1.728830 0.203118 -0.665449 -0.682072 -0.581294 -0.443706 0.301403 -0.338935 1 10 1.000000
  10 -2.544190 1.683500 -0.160437 -0.956502 0.119310 -0.266213 0.287500 -0.321651 1 10 1.000000
..\..\..\Desktop\General\noesis\ys_body
  10 0.866485 0.983047 -1.921340 0.703882 0.029143 -0.709719 0.317039 -0.326740 1 10 1.000000
  10 2.544190 1.683500 -0.160437 0.956502 0.119310 -0.266213 0.287500 -0.321651 1 10 1.000000
  10 1.728830 0.203118 -0.665449 0.682072 -0.581294 -0.443706 0.301403 -0.338935 1 10 1.000000
..\..\..\Desktop\General\noesis\ys_body
  10 2.544190 1.683500 -0.160437 0.956502 0.119310 -0.266213 0.287500 -0.321651 1 10 1.000000
  8 1.756505 3.411722 -0.500456 -0.198237 -0.558149 -0.805712 0.286303 -0.298559 1 8 1.000000
  8 2.079165 3.273255 0.614226 -0.171685 -0.847852 0.501669 0.274867 -0.300275 1 8 1.000000
..\..\..\Desktop\General\noesis\ys_body
  5 -3.125833 3.331001 -0.105536 0.132089 -0.981613 0.137801 0.299333 -0.246720 1 5 1.000000
  8 -1.756515 3.411698 -0.500456 -0.198237 0.558149 -0.805712 0.294242 -0.247525 1 8 1.000000
  8 -2.079175 3.273224 0.614226 -0.171685 0.847852 0.501668 0.296444 -0.249336 1 8 1.000000
..\..\..\Desktop\General\noesis\ys_body
  5 -3.125833 3.331001 -0.105536 0.132089 -0.981613 0.137801 0.299333 -0.246720 1 5 1.000000
  8 -2.079175 3.273224 0.614226 -0.171685 0.847852 0.501668 0.296444 -0.249336 1 8 1.000000
  5 -2.855578 4.018789 0.809164 0.291899 0.160461 -0.942893 0.297420 -0.244677 1 5 1.000000
..\..\..\Desktop\General\noesis\ys_body
  5 -3.125833 3.331001 -0.105536 0.132089 -0.981613 0.137801 0.299333 -0.246720 1 5 1.000000
  5 -2.855578 4.018789 0.809164 0.291899 0.160461 -0.942893 0.297420 -0.244677 1 5 1.000000
  4 -3.208507 3.998034 0.721072 0.002750 -0.167972 -0.985788 0.298864 -0.245573 1 4 1.000000
..\..\..\Desktop\General\noesis\ys_body
  4 -4.442462 3.414727 0.387002 -0.341369 -0.875119 -0.342979 0.303671 -0.247502 1 4 1.000000
  5 -3.125833 3.331001 -0.105536 0.132089 -0.981613 0.137801 0.299333 -0.246720 1 5 1.000000
  4 -3.208507 3.998034 0.721072 0.002750 -0.167972 -0.985788 0.298864 -0.245573 1 4 1.000000
..\..\..\Desktop\General\noesis\ys_body
  4 -4.442462 3.414727 0.387002 -0.341369 -0.875119 -0.342979 0.303671 -0.247502 1 4 1.000000
  4 -3.208507 3.998034 0.721072 0.002750 -0.167972 -0.985788 0.298864 -0.245573 1 4 1.000000
  4 -4.440357 3.944145 0.817237 -0.144031 0.353303 -0.924355 0.303620 -0.245375 1 4 1.000000
..\..\..\Desktop\General\noesis\ys_body
  4 -4.442462 3.414727 0.387002 -0.341369 -0.875119 -0.342979 0.303671 -0.247502 1 4 1.000000
  4 -4.440357 3.944145 0.817237 -0.144031 0.353303 -0.924355 0.303620 -0.245375 1 4 1.000000
  3 -4.686732 3.947635 0.836471 -0.524518 0.309284 -0.793237 0.304571 -0.245335 1 3 1.000000
..\..\..\Desktop\General\noesis\ys_body
  3 -4.686728 3.340989 0.534513 -0.607238 -0.665137 -0.434574 0.304633 -0.247493 1 3 1.000000
  4 -4.442462 3.414727 0.387002 -0.341369 -0.875119 -0.342979 0.303671 -0.247502 1 4 1.000000
  3 -4.686732 3.947635 0.836471 -0.524518 0.309284 -0.793237 0.304571 -0.245335 1 3 1.000000
..\..\..\Desktop\General\noesis\ys_body
  3 -4.686728 3.313708 -0.643706 -0.462015 -0.777268 0.427079 0.304633 -0.245360 1 3 1.000000
  4 -4.442462 3.414727 0.387002 -0.341369 -0.875119 -0.342979 0.303671 -0.247502 1 4 1.000000
  3 -4.686728 3.340989 0.534513 -0.607238 -0.665137 -0.434574 0.304633 -0.247493 1 3 1.000000
..\..\..\Desktop\General\noesis\ys_body
  4 -4.428687 3.953795 -0.741549 -0.308590 -0.058469 0.949396 0.303671 -0.243331 1 4 1.000000
  5 -3.125833 3.331001 -0.105536 0.132089 -0.981613 0.137801 0.299333 -0.246720 1 5 1.000000
  4 -4.442462 3.414727 0.387002 -0.341369 -0.875119 -0.342979 0.303671 -0.247502 1 4 1.000000
..\..\..\Desktop\General\noesis\ys_body
  3 -4.686728 3.313708 -0.643706 -0.462015 -0.777268 0.427079 0.304633 -0.245360 1 3 1.000000
  4 -4.428687 3.953795 -0.741549 -0.308590 -0.058469 0.949396 0.303671 -0.243331 1 4 1.000000
  4 -4.442462 3.414727 0.387002 -0.341369 -0.875119 -0.342979 0.303671 -0.247502 1 4 1.000000
..\..\..\Desktop\General\noesis\ys_body
  4 -4.428687 3.953795 -0.741549 -0.308590 -0.058469 0.949396 0.303671 -0.243331 1 4 1.000000
  3 -4.686728 3.313708 -0.643706 -0.462015 -0.777268 0.427079 0.304633 -0.245360 1 3 1.000000
  3 -4.686733 4.063950 -0.833150 -0.428175 0.161704 0.889111 0.304633 -0.241267 1 3 1.000000
..\..\..\Desktop\General\noesis\ys_body
  3 -4.686738 4.712207 -0.093360 -0.321648 0.931715 0.168672 0.304633 -0.241040 1 3 1.000000
  4 -4.428687 3.953795 -0.741549 -0.308590 -0.058469 0.949396 0.303671 -0.243331 1 4 1.000000
  3 -4.686733 4.063950 -0.833150 -0.428175 0.161704 0.889111 0.304633 -0.241267 1 3 1.000000
..\..\..\Desktop\General\noesis\ys_body
  3 -4.686732 3.947635 0.836471 -0.524518 0.309284 -0.793237 0.304571 -0.245335 1 3 1.000000
  4 -4.440357 3.944145 0.817237 -0.144031 0.353303 -0.924355 0.303620 -0.245375 1 4 1.000000
  4 -4.413561 4.665125 -0.153764 -0.080092 0.988349 0.129426 0.303671 -0.241016 1 4 1.000000
..\..\..\Desktop\General\noesis\ys_body
  3 -4.686738 4.712207 -0.093360 -0.321648 0.931715 0.168672 0.304633 -0.241040 1 3 1.000000
  4 -4.413561 4.665125 -0.153764 -0.080092 0.988349 0.129426 0.303671 -0.241016 1 4 1.000000
  4 -4.428687 3.953795 -0.741549 -0.308590 -0.058469 0.949396 0.303671 -0.243331 1 4 1.000000
..\..\..\Desktop\General\noesis\ys_body
  3 -4.686732 3.947635 0.836471 -0.524518 0.309284 -0.793237 0.304571 -0.245335 1 3 1.000000
  4 -4.413561 4.665125 -0.153764 -0.080092 0.988349 0.129426 0.303671 -0.241016 1 4 1.000000
  3 -4.686738 4.712207 -0.093360 -0.321648 0.931715 0.168672 0.304633 -0.241040 1 3 1.000000
..\..\..\Desktop\General\noesis\ys_body
  4 -4.440357 3.944145 0.817237 -0.144031 0.353303 -0.924355 0.303620 -0.245375 1 4 1.000000
  4 -3.208507 3.998034 0.721072 0.002750 -0.167972 -0.985788 0.298864 -0.245573 1 4 1.000000
  5 -3.047692 4.637429 -0.169524 0.098667 0.987816 0.120353 0.298864 -0.240897 1 5 1.000000
..\..\..\Desktop\General\noesis\ys_body
  4 -4.440357 3.944145 0.817237 -0.144031 0.353303 -0.924355 0.303620 -0.245375 1 4 1.000000
  5 -3.047692 4.637429 -0.169524 0.098667 0.987816 0.120353 0.298864 -0.240897 1 5 1.000000
  4 -4.413561 4.665125 -0.153764 -0.080092 0.988349 0.129426 0.303671 -0.241016 1 4 1.000000
..\..\..\Desktop\General\noesis\ys_body
  5 -2.855578 4.018789 0.809164 0.291899 0.160461 -0.942893 0.297420 -0.244677 1 5 1.000000
  5 -3.047692 4.637429 -0.169524 0.098667 0.987816 0.120353 0.298864 -0.240897 1 5 1.000000
  4 -3.208507 3.998034 0.721072 0.002750 -0.167972 -0.985788 0.298864 -0.245573 1 4 1.000000
..\..\..\Desktop\General\noesis\ys_body
  5 -3.047692 4.637429 -0.169524 0.098667 0.987816 0.120353 0.298864 -0.240897 1 5 1.000000
  5 -2.855578 4.018789 0.809164 0.291899 0.160461 -0.942893 0.297420 -0.244677 1 5 1.000000
  8 -1.402340 4.806650 0.092996 0.956610 0.286091 -0.055223 0.292285 -0.239351 1 8 1.000000
..\..\..\Desktop\General\noesis\ys_body
  8 -1.053128 4.171692 -0.734096 0.465447 0.155880 -0.871241 0.291765 -0.243373 1 8 1.000000
  5 -3.047692 4.637429 -0.169524 0.098667 0.987816 0.120353 0.298864 -0.240897 1 5 1.000000
  8 -1.402340 4.806650 0.092996 0.956610 0.286091 -0.055223 0.292285 -0.239351 1 8 1.000000
..\..\..\Desktop\General\noesis\ys_body
  8 -1.756515 3.411698 -0.500456 -0.198237 0.558149 -0.805712 0.294242 -0.247525 1 8 1.000000
  5 -3.125833 3.331001 -0.105536 0.132089 -0.981613 0.137801 0.299333 -0.246720 1 5 1.000000
  5 -2.782447 3.949624 -0.742032 0.124016 -0.118377 0.985194 0.297797 -0.241528 1 5 1.000000
..\..\..\Desktop\General\noesis\ys_body
  8 -1.756515 3.411698 -0.500456 -0.198237 0.558149 -0.805712 0.294242 -0.247525 1 8 1.000000
  5 -2.782447 3.949624 -0.742032 0.124016 -0.118377 0.985194 0.297797 -0.241528 1 5 1.000000
  8 -1.053128 4.171692 -0.734096 0.465447 0.155880 -0.871241 0.291765 -0.243373 1 8 1.000000
..\..\..\Desktop\General\noesis\ys_body
  8 -1.053128 4.171692 -0.734096 0.465447 0.155880 -0.871241 0.291765 -0.243373 1 8 1.000000
  5 -2.782447 3.949624 -0.742032 0.124016 -0.118377 0.985194 0.297797 -0.241528 1 5 1.000000
  5 -3.047692 4.637429 -0.169524 0.098667 0.987816 0.120353 0.298864 -0.240897 1 5 1.000000
..\..\..\Desktop\General\noesis\ys_body
  5 -3.125833 3.331001 -0.105536 0.132089 -0.981613 0.137801 0.299333 -0.246720 1 5 1.000000
  4 -3.122147 3.926780 -0.673491 0.056793 0.108676 0.992454 0.298864 -0.241382 1 4 1.000000
  5 -2.782447 3.949624 -0.742032 0.124016 -0.118377 0.985194 0.297797 -0.241528 1 5 1.000000
..\..\..\Desktop\General\noesis\ys_body
  4 -4.413561 4.665125 -0.153764 -0.080092 0.988349 0.129426 0.303671 -0.241016 1 4 1.000000
  4 -3.122147 3.926780 -0.673491 0.056793 0.108676 0.992454 0.298864 -0.241382 1 4 1.000000
  4 -4.428687 3.953795 -0.741549 -0.308590 -0.058469 0.949396 0.303671 -0.243331 1 4 1.000000
..\..\..\Desktop\General\noesis\ys_body
  4 -4.413561 4.665125 -0.153764 -0.080092 0.988349 0.129426 0.303671 -0.241016 1 4 1.000000
  5 -3.047692 4.637429 -0.169524 0.098667 0.987816 0.120353 0.298864 -0.240897 1 5 1.000000
  4 -3.122147 3.926780 -0.673491 0.056793 0.108676 0.992454 0.298864 -0.241382 1 4 1.000000
..\..\..\Desktop\General\noesis\ys_body
  4 -3.122147 3.926780 -0.673491 0.056793 0.108676 0.992454 0.298864 -0.241382 1 4 1.000000
  5 -3.047692 4.637429 -0.169524 0.098667 0.987816 0.120353 0.298864 -0.240897 1 5 1.000000
  5 -2.782447 3.949624 -0.742032 0.124016 -0.118377 0.985194 0.297797 -0.241528 1 5 1.000000
..\..\..\Desktop\General\noesis\ys_body
  4 -4.428687 3.953795 -0.741549 -0.308590 -0.058469 0.949396 0.303671 -0.243331 1 4 1.000000
  4 -3.122147 3.926780 -0.673491 0.056793 0.108676 0.992454 0.298864 -0.241382 1 4 1.000000
  5 -3.125833 3.331001 -0.105536 0.132089 -0.981613 0.137801 0.299333 -0.246720 1 5 1.000000
..\..\..\Desktop\General\noesis\ys_body
  5 -2.855578 4.018789 0.809164 0.291899 0.160461 -0.942893 0.297420 -0.244677 1 5 1.000000
  8 -2.079175 3.273224 0.614226 -0.171685 0.847852 0.501668 0.296444 -0.249336 1 8 1.000000
  8 -1.418508 4.128120 1.029140 0.550171 0.419099 0.722266 0.293087 -0.241990 1 8 1.000000
..\..\..\Desktop\General\noesis\ys_body
  8 -1.402340 4.806650 0.092996 0.956610 0.286091 -0.055223 0.292285 -0.239351 1 8 1.000000
  5 -2.855578 4.018789 0.809164 0.291899 0.160461 -0.942893 0.297420 -0.244677 1 5 1.000000
  8 -1.418508 4.128120 1.029140 0.550171 0.419099 0.722266 0.293087 -0.241990 1 8 1.000000
..\..\..\Desktop\General\noesis\ys_body
  3 -6.947764 3.506922 -1.132009 0.645243 -0.530439 0.549815 0.474602 0.631889 1 3 1.000000
  3 -5.826541 3.123355 -1.100568 -0.125071 -0.513970 0.848641 0.568491 0.624691 1 3 1.000000
  3 -6.511149 2.889040 0.329168 0.402097 -0.915588 -0.004119 0.529658 0.536147 1 3 1.000000
..\..\..\Desktop\General\noesis\ys_body
  3 -6.947764 3.506922 -1.132009 0.645243 -0.530439 0.549815 0.474602 0.631889 1 3 1.000000
  3 -6.511149 2.889040 0.329168 0.402097 -0.915588 -0.004119 0.529658 0.536147 1 3 1.000000
  3 -7.234145 3.511513 0.208184 0.988316 -0.151425 -0.017386 0.478787 0.538210 1 3 1.000000
..\..\..\Desktop\General\noesis\ys_body
  3 -6.650922 4.586044 -1.277682 0.423299 0.576466 0.698931 0.322187 0.642667 1 3 1.000000
  3 -6.947764 3.506922 -1.132009 0.645243 -0.530439 0.549815 0.474602 0.631889 1 3 1.000000
  3 -7.234145 3.511513 0.208184 0.988316 -0.151425 -0.017386 0.478787 0.538210 1 3 1.000000
..\..\..\Desktop\General\noesis\ys_body
  3 -6.685992 4.696772 1.304918 0.523992 0.737775 -0.425583 0.324797 0.465994 1 3 1.000000
  3 -6.650922 4.586044 -1.277682 0.423299 0.576466 0.698931 0.322187 0.642667 1 3 1.000000
  3 -7.234145 3.511513 0.208184 0.988316 -0.151425 -0.017386 0.478787 0.538210 1 3 1.000000
..\..\..\Desktop\General\noesis\ys_body
  3 -6.511149 2.889040 0.329168 0.402097 -0.915588 -0.004119 0.529658 0.536147 1 3 1.000000
  3 -6.964904 3.498263 1.173871 0.571769 -0.395168 -0.718974 0.500353 0.461231 1 3 1.000000
  3 -7.234145 3.511513 0.208184 0.988316 -0.151425 -0.017386 0.478787 0.538210 1 3 1.000000
..\..\..\Desktop\General\noesis\ys_body
  3 -7.234145 3.511513 0.208184 0.988316 -0.151425 -0.017386 0.478787 0.538210 1 3 1.000000
  3 -6.964904 3.498263 1.173871 0.571769 -0.395168 -0.718974 0.500353 0.461231 1 3 1.000000
  3 -6.685992 4.696772 1.304918 0.523992 0.737775 -0.425583 0.324797 0.465994 1 3 1.000000
..\..\..\Desktop\General\noesis\ys_body
  3 -6.511149 2.889040 0.329168 0.402097 -0.915588 -0.004119 0.529658 0.536147 1 3 1.000000
  3 -6.225842 3.093848 1.204562 0.430125 -0.421706 -0.798221 0.531315 0.492162 1 3 1.000000
  3 -6.964904 3.498263 1.173871 0.571769 -0.395168 -0.718974 0.500353 0.461231 1 3 1.000000
..\..\..\Desktop\General\noesis\ys_body
  3 -5.692267 2.517268 1.126624 -0.111961 -0.911021 -0.396869 0.587901 0.459780 1 3 1.000000
  3 -6.225842 3.093848 1.204562 0.430125 -0.421706 -0.798221 0.531315 0.492162 1 3 1.000000
  3 -6.511149 2.889040 0.329168 0.402097 -0.915588 -0.004119 0.529658 0.536147 1 3 1.000000
..\..\..\Desktop\General\noesis\ys_body
  3 -5.692267 2.517268 1.126624 -0.111961 -0.911021 -0.396869 0.587901 0.459780 1 3 1.000000
  3 -6.511149 2.889040 0.329168 0.402097 -0.915588 -0.004119 0.529658 0.536147 1 3 1.000000
  3 -4.686728 3.313708 -0.643706 -0.462015 -0.777268 0.427079 0.709069 0.601543 1 3 1.000000
..\..\..\Desktop\General\noesis\ys_body
  3 -6.511149 2.889040 0.329168 0.402097 -0.915588 -0.004119 0.529658 0.536147 1 3 1.000000
  3 -5.826541 3.123355 -1.100568 -0.125071 -0.513970 0.848641 0.568491 0.624691 1 3 1.000000
  3 -4.686728 3.313708 -0.643706 -0.462015 -0.777268 0.427079 0.709069 0.601543 1 3 1.000000
..\..\..\Desktop\General\noesis\ys_body
  3 -4.686728 3.313708 -0.643706 -0.462015 -0.777268 0.427079 0.709069 0.601543 1 3 1.000000
  3 -4.686728 3.340989 0.534513 -0.607238 -0.665137 -0.434574 0.699979 0.492276 1 3 1.000000
  3 -5.692267 2.517268 1.126624 -0.111961 -0.911021 -0.396869 0.587901 0.459780 1 3 1.000000
..\..\..\Desktop\General\noesis\ys_body
  3 -5.668830 4.324996 -1.247501 -0.298908 0.364895 0.881763 0.417294 0.784463 1 3 1.000000
  3 -6.650922 4.586044 -1.277682 0.423299 0.576466 0.698931 0.442567 0.790052 1 3 1.000000
  3 -4.686738 4.712207 -0.093360 -0.321648 0.931715 0.168672 0.391881 0.759741 1 3 1.000000
..\..\..\Desktop\General\noesis\ys_body
  3 -4.686733 4.063950 -0.833150 -0.428175 0.161704 0.889111 0.392021 0.778873 1 3 1.000000
  3 -5.668830 4.324996 -1.247501 -0.298908 0.364895 0.881763 0.417294 0.784463 1 3 1.000000
  3 -4.686738 4.712207 -0.093360 -0.321648 0.931715 0.168672 0.391881 0.759741 1 3 1.000000
..\..\..\Desktop\General\noesis\ys_body
  3 -4.686732 3.947635 0.836471 -0.524518 0.309284 -0.793237 0.401387 0.737967 1 3 1.000000
  3 -4.686738 4.712207 -0.093360 -0.321648 0.931715 0.168672 0.391881 0.759741 1 3 1.000000
  3 -5.631742 4.499215 1.347929 -0.164827 0.341418 -0.925346 0.420354 0.729368 1 3 1.000000
..\..\..\Desktop\General\noesis\ys_body
  3 -4.686738 4.712207 -0.093360 -0.321648 0.931715 0.168672 0.391881 0.759741 1 3 1.000000
  3 -6.685992 4.696772 1.304918 0.523992 0.737775 -0.425583 0.445824 0.742898 1 3 1.000000
  3 -5.631742 4.499215 1.347929 -0.164827 0.341418 -0.925346 0.420354 0.729368 1 3 1.000000
..\..\..\Desktop\General\noesis\ys_body
  3 -6.650922 4.586044 -1.277682 0.423299 0.576466 0.698931 0.442567 0.790052 1 3 1.000000
  3 -6.685992 4.696772 1.304918 0.523992 0.737775 -0.425583 0.445824 0.742898 1 3 1.000000
  3 -4.686738 4.712207 -0.093360 -0.321648 0.931715 0.168672 0.391881 0.759741 1 3 1.000000
..\..\..\Desktop\General\noesis\ys_body
  3 -4.686728 3.313708 -0.643706 -0.462015 -0.777268 0.427079 1.443800 -1.313940 1 3 1.000000
  3 -5.826541 3.123355 -1.100568 -0.125071 -0.513970 0.848641 1.422160 -1.283980 1 3 1.000000
  3 -4.686733 4.063950 -0.833150 -0.428175 0.161704 0.889111 1.595710 -1.289460 1 3 1.000000
..\..\..\Desktop\General\noesis\ys_body
  3 -5.668830 4.324996 -1.247501 -0.298908 0.364895 0.881763 1.539470 -1.238590 1 3 1.000000
  3 -4.686733 4.063950 -0.833150 -0.428175 0.161704 0.889111 1.595710 -1.289460 1 3 1.000000
  3 -5.826541 3.123355 -1.100568 -0.125071 -0.513970 0.848641 1.422160 -1.283980 1 3 1.000000
..\..\..\Desktop\General\noesis\ys_body
  3 -6.650922 4.586044 -1.277682 0.423299 0.576466 0.698931 1.483230 -1.187720 1 3 1.000000
  3 -5.668830 4.324996 -1.247501 -0.298908 0.364895 0.881763 1.539470 -1.238590 1 3 1.000000
  3 -5.826541 3.123355 -1.100568 -0.125071 -0.513970 0.848641 1.422160 -1.283980 1 3 1.000000
..\..\..\Desktop\General\noesis\ys_body
  3 -5.826541 3.123355 -1.100568 -0.125071 -0.513970 0.848641 1.422160 -1.283980 1 3 1.000000
  3 -6.947764 3.506922 -1.132009 0.645243 -0.530439 0.549815 1.361600 -1.183500 1 3 1.000000
  3 -6.650922 4.586044 -1.277682 0.423299 0.576466 0.698931 1.483230 -1.187720 1 3 1.000000
..\..\..\Desktop\General\noesis\ys_body
  3 -6.225842 3.093848 1.204562 0.430125 -0.421706 -0.798221 0.588485 0.726754 1 3 1.000000
  3 -5.487794 3.267587 1.516662 -0.323034 -0.219396 -0.920606 0.503219 0.719688 1 3 1.000000
  3 -5.631742 4.499215 1.347929 -0.164827 0.341418 -0.925346 0.485067 0.801615 1 3 1.000000
..\..\..\Desktop\General\noesis\ys_body
  3 -6.225842 3.093848 1.204562 0.430125 -0.421706 -0.798221 0.588485 0.726754 1 3 1.000000
  3 -5.692267 2.517268 1.126624 -0.111961 -0.911021 -0.396869 0.561352 0.705295 1 3 1.000000
  3 -5.487794 3.267587 1.516662 -0.323034 -0.219396 -0.920606 0.503219 0.719688 1 3 1.000000
..\..\..\Desktop\General\noesis\ys_body
  3 -5.692267 2.517268 1.126624 -0.111961 -0.911021 -0.396869 0.561352 0.705295 1 3 1.000000
  3 -4.686728 3.340989 0.534513 -0.607238 -0.665137 -0.434574 0.486765 0.716174 1 3 1.000000
  3 -5.487794 3.267587 1.516662 -0.323034 -0.219396 -0.920606 0.503219 0.719688 1 3 1.000000
..\..\..\Desktop\General\noesis\ys_body
  3 -4.686728 3.340989 0.534513 -0.607238 -0.665137 -0.434574 0.486765 0.716174 1 3 1.000000
  3 -4.686732 3.947635 0.836471 -0.524518 0.309284 -0.793237 0.446593 0.768075 1 3 1.000000
  3 -5.487794 3.267587 1.516662 -0.323034 -0.219396 -0.920606 0.503219 0.719688 1 3 1.000000
..\..\..\Desktop\General\noesis\ys_body
  3 -5.487794 3.267587 1.516662 -0.323034 -0.219396 -0.920606 0.503219 0.719688 1 3 1.000000
  3 -4.686732 3.947635 0.836471 -0.524518 0.309284 -0.793237 0.446593 0.768075 1 3 1.000000
  3 -5.631742 4.499215 1.347929 -0.164827 0.341418 -0.925346 0.485067 0.801615 1 3 1.000000
..\..\..\Desktop\General\noesis\ys_body
  3 -6.225842 3.093848 1.204562 0.430125 -0.421706 -0.798221 0.588485 0.726754 1 3 1.000000
  3 -5.631742 4.499215 1.347929 -0.164827 0.341418 -0.925346 0.485067 0.801615 1 3 1.000000
  3 -6.964904 3.498263 1.173871 0.571769 -0.395168 -0.718974 0.647567 0.780782 1 3 1.000000
..\..\..\Desktop\General\noesis\ys_body
  3 -5.631742 4.499215 1.347929 -0.164827 0.341418 -0.925346 0.485067 0.801615 1 3 1.000000
  3 -6.685992 4.696772 1.304918 0.523992 0.737775 -0.425583 0.575858 0.827150 1 3 1.000000
  3 -6.964904 3.498263 1.173871 0.571769 -0.395168 -0.718974 0.647567 0.780782 1 3 1.000000
end
