version 1
nodes
  0 "wristL"  1
  1 "armL2"  2
  2 "armL1"  8
  3 "wristR"  4
  4 "armR2"  5
  5 "armR1"  8
  6 "hair"  7
  7 "head"  8
  8 "spine"  10
  9 "waist"  10
  10 "skl_root"  11
  11 "all_root"  -1
end
skeleton
time 0
  0 1.741130 0.000000 0.000000 0.000000 -0.000000 0.000000
  1 2.295940 0.000000 0.000000 0.000000 -0.000000 0.000000
  2 1.953060 -1.910890 0.000000 0.000000 -0.000000 -1.570800
  3 1.741130 -0.000000 0.000000 -0.000000 -0.000000 0.000000
  4 2.295940 -0.000000 0.000000 -0.000000 -0.000000 0.000000
  5 1.953060 1.910890 0.000000 -3.141590 -0.000000 1.570800
  6 -0.437238 0.000000 -1.362520 -1.570800 -0.000000 -3.141590
  7 3.403270 0.000000 0.000000 -0.000000 -1.570796 -0.000000
  8 0.000000 3.014970 0.000000 0.000000 -0.000000 1.570800
  9 0.000000 1.467460 0.000000 -0.000000 -1.570796 -0.000000
  10 0.000000 0.000000 -1.275740 0.000000 -0.000000 0.000000
  11 0.000000 0.000000 0.000000 0.000000 -0.000000 0.000000
end
triangles
..\..\..\Desktop\General\noesis\ds_eye.0
  7 1.377284 7.320910 -0.150234 0.502843 -0.862304 0.059841 0.928379 -0.620432 1 7 1.000000
  7 1.429842 8.051726 -0.154348 0.613948 -0.788436 0.037901 0.941877 -0.354559 1 7 1.000000
  7 0.930538 7.124784 0.287555 0.820177 -0.566174 -0.082195 0.781772 -0.643500 1 7 1.000000
..\..\..\Desktop\General\noesis\ds_eye.0
  7 1.695382 7.975512 -0.893045 0.321974 -0.942218 0.092511 0.997412 -0.462104 1 7 1.000000
  7 1.429842 8.051726 -0.154348 0.613948 -0.788436 0.037901 0.941877 -0.354559 1 7 1.000000
  7 1.377284 7.320910 -0.150234 0.502843 -0.862304 0.059841 0.928379 -0.620432 1 7 1.000000
..\..\..\Desktop\General\noesis\ds_eye.0
  7 0.930538 7.124784 0.287555 0.820177 -0.566174 -0.082195 0.781772 -0.643500 1 7 1.000000
  7 1.429842 8.051726 -0.154348 0.613948 -0.788436 0.037901 0.941877 -0.354559 1 7 1.000000
  7 0.787192 8.540040 0.410845 0.916913 -0.203396 0.343367 0.751372 -0.146101 1 7 1.000000
..\..\..\Desktop\General\noesis\ds_eye.0
  7 0.215437 7.156367 0.559935 0.854741 -0.463983 -0.232673 0.578612 -0.618344 1 7 1.000000
  7 0.930538 7.124784 0.287555 0.820177 -0.566174 -0.082195 0.781772 -0.643500 1 7 1.000000
  7 0.787192 8.540040 0.410845 0.916913 -0.203396 0.343367 0.751372 -0.146101 1 7 1.000000
..\..\..\Desktop\General\noesis\ds_eye.0
  7 0.930538 7.124784 0.287555 0.820177 -0.566174 -0.082195 0.781772 -0.643500 1 7 1.000000
  7 0.215437 7.156367 0.559935 0.854741 -0.463983 -0.232673 0.578612 -0.618344 1 7 1.000000
  7 0.683303 6.708158 0.528322 0.886592 -0.439400 0.144507 0.698943 -0.749766 1 7 1.000000
..\..\..\Desktop\General\noesis\ds_eye.0
  7 0.930538 7.124784 0.287555 0.820177 -0.566174 -0.082195 0.781772 -0.643500 1 7 1.000000
  7 0.683303 6.708158 0.528322 0.886592 -0.439400 0.144507 0.698943 -0.749766 1 7 1.000000
  7 1.116816 6.768865 0.199003 0.606172 -0.773916 0.183329 0.834157 -0.748641 1 7 1.000000
..\..\..\Desktop\General\noesis\ds_eye.0
  7 1.377284 7.320910 -0.150234 0.502843 -0.862304 0.059841 0.928379 -0.620432 1 7 1.000000
  7 0.930538 7.124784 0.287555 0.820177 -0.566174 -0.082195 0.781772 -0.643500 1 7 1.000000
  7 1.116816 6.768865 0.199003 0.606172 -0.773916 0.183329 0.834157 -0.748641 1 7 1.000000
..\..\..\Desktop\General\noesis\ds_eye.0
  7 1.116816 6.768865 0.199003 0.606172 -0.773916 0.183329 0.834157 -0.748641 1 7 1.000000
  7 0.683303 6.708158 0.528322 0.886592 -0.439400 0.144507 0.698943 -0.749766 1 7 1.000000
  7 1.013258 6.218841 -0.173931 0.188089 -0.577772 0.794231 0.710224 -0.930966 1 7 1.000000
..\..\..\Desktop\General\noesis\ds_eye.0
  7 1.013258 6.218841 -0.173931 0.188089 -0.577772 0.794231 0.710224 -0.930966 1 7 1.000000
  7 0.683303 6.708158 0.528322 0.886592 -0.439400 0.144507 0.698943 -0.749766 1 7 1.000000
  7 0.000717 5.920296 0.295886 0.573980 0.000033 0.818869 0.499947 -0.987206 1 7 1.000000
..\..\..\Desktop\General\noesis\ds_eye.0
  7 0.683303 6.708158 0.528322 0.886592 -0.439400 0.144507 0.698943 -0.749766 1 7 1.000000
  7 0.000715 6.721555 0.698472 0.959576 -0.000000 0.281448 0.498945 -0.755938 1 7 1.000000
  7 0.000717 5.920296 0.295886 0.573980 0.000033 0.818869 0.499947 -0.987206 1 7 1.000000
..\..\..\Desktop\General\noesis\ds_eye.0
  7 0.683303 6.708158 0.528322 0.886592 -0.439400 0.144507 0.698943 -0.749766 1 7 1.000000
  7 0.255874 6.878149 0.651693 0.939439 -0.319975 -0.122761 0.571574 -0.712038 1 7 1.000000
  7 0.000715 6.721555 0.698472 0.959576 -0.000000 0.281448 0.498945 -0.755938 1 7 1.000000
..\..\..\Desktop\General\noesis\ds_eye.0
  7 0.683303 6.708158 0.528322 0.886592 -0.439400 0.144507 0.698943 -0.749766 1 7 1.000000
  7 0.215437 7.156367 0.559935 0.854741 -0.463983 -0.232673 0.578612 -0.618344 1 7 1.000000
  7 0.255874 6.878149 0.651693 0.939439 -0.319975 -0.122761 0.571574 -0.712038 1 7 1.000000
..\..\..\Desktop\General\noesis\ds_eye.0
  7 0.215437 7.156367 0.559935 0.854741 -0.463983 -0.232673 0.578612 -0.618344 1 7 1.000000
  7 0.000713 7.220338 0.681006 0.795394 -0.000018 -0.606093 0.499948 -0.578095 1 7 1.000000
  7 0.000713 7.028236 0.967754 0.967827 -0.000000 -0.251618 0.499947 -0.666117 1 7 1.000000
..\..\..\Desktop\General\noesis\ds_eye.0
  7 0.255874 6.878149 0.651693 0.665924 -0.727382 0.165710 0.571574 -0.712038 1 7 1.000000
  7 0.215437 7.156367 0.559935 0.854741 -0.463983 -0.232673 0.578612 -0.618344 1 7 1.000000
  7 0.000713 7.028236 0.967754 0.967827 -0.000000 -0.251618 0.499947 -0.666117 1 7 1.000000
..\..\..\Desktop\General\noesis\ds_eye.0
  7 0.000715 6.721555 0.698472 0.751440 -0.000000 0.659801 0.498945 -0.755938 1 7 1.000000
  7 0.255874 6.878149 0.651693 0.665924 -0.727382 0.165710 0.571574 -0.712038 1 7 1.000000
  7 0.000713 7.028236 0.967754 0.967827 -0.000000 -0.251618 0.499947 -0.666117 1 7 1.000000
..\..\..\Desktop\General\noesis\ds_eye.0
  7 0.000713 7.028236 0.967754 0.967827 -0.000000 -0.251618 0.499947 -0.666117 1 7 1.000000
  7 -0.254447 6.878145 0.651693 0.665923 0.727384 0.165710 0.428133 -0.712038 1 7 1.000000
  7 0.000715 6.721555 0.698472 0.751440 -0.000000 0.659801 0.498945 -0.755938 1 7 1.000000
..\..\..\Desktop\General\noesis\ds_eye.0
  7 0.000713 7.028236 0.967754 0.967827 -0.000000 -0.251618 0.499947 -0.666117 1 7 1.000000
  7 -0.214012 7.156364 0.559935 0.854790 0.464001 -0.232457 0.421095 -0.618344 1 7 1.000000
  7 -0.254447 6.878145 0.651693 0.665923 0.727384 0.165710 0.428133 -0.712038 1 7 1.000000
..\..\..\Desktop\General\noesis\ds_eye.0
  7 -0.214012 7.156364 0.559935 0.854790 0.464001 -0.232457 0.421095 -0.618344 1 7 1.000000
  7 0.000713 7.028236 0.967754 0.967827 -0.000000 -0.251618 0.499947 -0.666117 1 7 1.000000
  7 0.000713 7.220338 0.681006 0.795394 -0.000018 -0.606093 0.499948 -0.578095 1 7 1.000000
..\..\..\Desktop\General\noesis\ds_eye.0
  7 0.000713 7.220338 0.681006 0.795394 -0.000018 -0.606093 0.499948 -0.578095 1 7 1.000000
  7 0.000576 7.424264 0.615327 0.996843 -0.000023 -0.079395 0.499813 -0.566874 1 7 1.000000
  7 -0.214012 7.156364 0.559935 0.854790 0.464001 -0.232457 0.421095 -0.618344 1 7 1.000000
..\..\..\Desktop\General\noesis\ds_eye.0
  7 0.215437 7.156367 0.559935 0.854741 -0.463983 -0.232673 0.578612 -0.618344 1 7 1.000000
  7 0.000576 7.424264 0.615327 0.996843 -0.000023 -0.079395 0.499813 -0.566874 1 7 1.000000
  7 0.000713 7.220338 0.681006 0.795394 -0.000018 -0.606093 0.499948 -0.578095 1 7 1.000000
..\..\..\Desktop\General\noesis\ds_eye.0
  7 0.196968 8.031746 0.624802 0.979805 -0.189620 0.063454 0.563921 -0.401762 1 7 1.000000
  7 0.000576 7.424264 0.615327 0.996843 -0.000023 -0.079395 0.499813 -0.566874 1 7 1.000000
  7 0.215437 7.156367 0.559935 0.854741 -0.463983 -0.232673 0.578612 -0.618344 1 7 1.000000
..\..\..\Desktop\General\noesis\ds_eye.0
  7 0.787192 8.540040 0.410845 0.916913 -0.203396 0.343367 0.751372 -0.146101 1 7 1.000000
  7 0.196968 8.031746 0.624802 0.979805 -0.189620 0.063454 0.563921 -0.401762 1 7 1.000000
  7 0.215437 7.156367 0.559935 0.854741 -0.463983 -0.232673 0.578612 -0.618344 1 7 1.000000
..\..\..\Desktop\General\noesis\ds_eye.0
  7 -0.000023 9.443053 0.787002 0.983069 -0.000017 0.183238 0.499947 -0.004207 1 7 1.000000
  7 0.196968 8.031746 0.624802 0.979805 -0.189620 0.063454 0.563921 -0.401762 1 7 1.000000
  7 0.787192 8.540040 0.410845 0.916913 -0.203396 0.343367 0.751372 -0.146101 1 7 1.000000
..\..\..\Desktop\General\noesis\ds_eye.0
  7 -0.196638 8.031742 0.624802 0.979796 0.189614 0.063617 0.440509 -0.408228 1 7 1.000000
  7 0.196968 8.031746 0.624802 0.979805 -0.189620 0.063454 0.563921 -0.401762 1 7 1.000000
  7 -0.000023 9.443053 0.787002 0.983069 -0.000017 0.183238 0.499947 -0.004207 1 7 1.000000
..\..\..\Desktop\General\noesis\ds_eye.0
  7 -0.214012 7.156364 0.559935 0.854790 0.464001 -0.232457 0.421095 -0.618344 1 7 1.000000
  7 0.000576 7.424264 0.615327 0.996843 -0.000023 -0.079395 0.499813 -0.566874 1 7 1.000000
  7 -0.196638 8.031742 0.624802 0.979796 0.189614 0.063617 0.440509 -0.408228 1 7 1.000000
..\..\..\Desktop\General\noesis\ds_eye.0
  7 0.196968 8.031746 0.624802 0.979805 -0.189620 0.063454 0.563921 -0.401762 1 7 1.000000
  7 -0.196638 8.031742 0.624802 0.979796 0.189614 0.063617 0.440509 -0.408228 1 7 1.000000
  7 0.000576 7.424264 0.615327 0.996843 -0.000023 -0.079395 0.499813 -0.566874 1 7 1.000000
..\..\..\Desktop\General\noesis\ds_eye.0
  7 -0.214012 7.156364 0.559935 0.854790 0.464001 -0.232457 0.421095 -0.618344 1 7 1.000000
  7 -0.196638 8.031742 0.624802 0.979796 0.189614 0.063617 0.440509 -0.408228 1 7 1.000000
  7 -0.787232 8.540030 0.410845 0.916824 0.203301 0.343661 0.248522 -0.146101 1 7 1.000000
..\..\..\Desktop\General\noesis\ds_eye.0
  7 -0.787232 8.540030 0.410845 0.916824 0.203301 0.343661 0.248522 -0.146101 1 7 1.000000
  7 -0.196638 8.031742 0.624802 0.979796 0.189614 0.063617 0.440509 -0.408228 1 7 1.000000
  7 -0.000023 9.443053 0.787002 0.983069 -0.000017 0.183238 0.499947 -0.004207 1 7 1.000000
..\..\..\Desktop\General\noesis\ds_eye.0
  7 -0.214012 7.156364 0.559935 0.854790 0.464001 -0.232457 0.421095 -0.618344 1 7 1.000000
  7 -0.787232 8.540030 0.410845 0.916824 0.203301 0.343661 0.248522 -0.146101 1 7 1.000000
  7 -0.929112 7.124770 0.287555 0.820206 0.566195 -0.081767 0.216339 -0.643500 1 7 1.000000
..\..\..\Desktop\General\noesis\ds_eye.0
  7 -0.929112 7.124770 0.287555 0.820206 0.566195 -0.081767 0.216339 -0.643500 1 7 1.000000
  7 -0.681874 6.708148 0.528322 0.886592 0.439400 0.144507 0.300951 -0.749766 1 7 1.000000
  7 -0.214012 7.156364 0.559935 0.854790 0.464001 -0.232457 0.421095 -0.618344 1 7 1.000000
..\..\..\Desktop\General\noesis\ds_eye.0
  7 0.000715 6.721555 0.698472 0.959576 -0.000000 0.281448 0.498945 -0.755938 1 7 1.000000
  7 -0.681874 6.708148 0.528322 0.886592 0.439400 0.144507 0.300951 -0.749766 1 7 1.000000
  7 0.000717 5.920296 0.295886 0.573980 0.000033 0.818869 0.499947 -0.987206 1 7 1.000000
..\..\..\Desktop\General\noesis\ds_eye.0
  7 -1.115384 6.768849 0.199003 0.609510 0.771530 0.182318 0.158822 -0.748641 1 7 1.000000
  7 -0.681874 6.708148 0.528322 0.886592 0.439400 0.144507 0.300951 -0.749766 1 7 1.000000
  7 -0.929112 7.124770 0.287555 0.820206 0.566195 -0.081767 0.216339 -0.643500 1 7 1.000000
..\..\..\Desktop\General\noesis\ds_eye.0
  7 -1.375856 7.320889 -0.150234 0.506594 0.860327 0.056563 0.071516 -0.620429 1 7 1.000000
  7 -1.115384 6.768849 0.199003 0.609510 0.771530 0.182318 0.158822 -0.748641 1 7 1.000000
  7 -0.929112 7.124770 0.287555 0.820206 0.566195 -0.081767 0.216339 -0.643500 1 7 1.000000
..\..\..\Desktop\General\noesis\ds_eye.0
  7 -1.375856 7.320889 -0.150234 0.506594 0.860327 0.056563 0.071516 -0.620429 1 7 1.000000
  7 -0.929112 7.124770 0.287555 0.820206 0.566195 -0.081767 0.216339 -0.643500 1 7 1.000000
  7 -1.429878 8.051706 -0.154348 0.613960 0.788360 0.039276 0.058017 -0.354558 1 7 1.000000
..\..\..\Desktop\General\noesis\ds_eye.0
  7 -0.929112 7.124770 0.287555 0.820206 0.566195 -0.081767 0.216339 -0.643500 1 7 1.000000
  7 -0.787232 8.540030 0.410845 0.916824 0.203301 0.343661 0.248522 -0.146101 1 7 1.000000
  7 -1.429878 8.051706 -0.154348 0.613960 0.788360 0.039276 0.058017 -0.354558 1 7 1.000000
..\..\..\Desktop\General\noesis\ds_eye.0
  7 -1.695418 7.975487 -0.893045 0.327141 0.940862 0.088080 0.002483 -0.462102 1 7 1.000000
  7 -1.375856 7.320889 -0.150234 0.506594 0.860327 0.056563 0.071516 -0.620429 1 7 1.000000
  7 -1.429878 8.051706 -0.154348 0.613960 0.788360 0.039276 0.058017 -0.354558 1 7 1.000000
..\..\..\Desktop\General\noesis\ds_eye.0
  7 -1.011832 6.218826 -0.173931 0.189892 0.575549 0.795415 0.289671 -0.930966 1 7 1.000000
  7 -0.681874 6.708148 0.528322 0.886592 0.439400 0.144507 0.300951 -0.749766 1 7 1.000000
  7 -1.115384 6.768849 0.199003 0.609510 0.771530 0.182318 0.158822 -0.748641 1 7 1.000000
..\..\..\Desktop\General\noesis\ds_eye.0
  7 0.000717 5.920296 0.295886 0.573980 0.000033 0.818869 0.499947 -0.987206 1 7 1.000000
  7 -0.681874 6.708148 0.528322 0.886592 0.439400 0.144507 0.300951 -0.749766 1 7 1.000000
  7 -1.011832 6.218826 -0.173931 0.189892 0.575549 0.795415 0.289671 -0.930966 1 7 1.000000
..\..\..\Desktop\General\noesis\ds_eye.0
  7 0.000715 6.721555 0.698472 0.959576 -0.000000 0.281448 0.498945 -0.755938 1 7 1.000000
  7 -0.254447 6.878145 0.651693 0.939439 0.319975 -0.122760 0.428133 -0.712038 1 7 1.000000
  7 -0.681874 6.708148 0.528322 0.886592 0.439400 0.144507 0.300951 -0.749766 1 7 1.000000
..\..\..\Desktop\General\noesis\ds_eye.0
  7 -0.214012 7.156364 0.559935 0.854790 0.464001 -0.232457 0.421095 -0.618344 1 7 1.000000
  7 -0.681874 6.708148 0.528322 0.886592 0.439400 0.144507 0.300951 -0.749766 1 7 1.000000
  7 -0.254447 6.878145 0.651693 0.939439 0.319975 -0.122760 0.428133 -0.712038 1 7 1.000000
..\..\..\Desktop\General\noesis\ds_body
  5 -4.208627 4.968349 -1.802128 0.047978 0.035016 0.998235 0.095295 0.078540 1 5 1.000000
  5 -4.182034 4.485798 -1.251799 0.040494 -0.999159 -0.006491 0.100505 0.118258 1 5 1.000000
  4 -4.286823 4.968026 -1.794514 0.050700 0.016747 0.998574 0.095295 0.078540 1 4 1.000000
..\..\..\Desktop\General\noesis\ds_body
  5 -4.182040 5.419364 -1.251801 0.057802 0.998325 0.002539 0.100505 0.037523 1 5 1.000000
  5 -4.208627 4.968349 -1.802128 0.047978 0.035016 0.998235 0.095295 0.078540 1 5 1.000000
  4 -4.286823 4.968026 -1.794514 0.050700 0.016747 0.998574 0.095295 0.078540 1 4 1.000000
..\..\..\Desktop\General\noesis\ds_body
  4 -5.737127 4.960629 -1.787875 0.294677 0.018914 0.955410 0.095295 0.078540 1 4 1.000000
  5 -4.182040 5.419364 -1.251801 0.057802 0.998325 0.002539 0.100505 0.037523 1 5 1.000000
  4 -4.286823 4.968026 -1.794514 0.050700 0.016747 0.998574 0.095295 0.078540 1 4 1.000000
..\..\..\Desktop\General\noesis\ds_body
  4 -4.286823 4.968026 -1.794514 0.050700 0.016747 0.998574 0.095295 0.078540 1 4 1.000000
  5 -4.182034 4.485798 -1.251799 0.040494 -0.999159 -0.006491 0.100505 0.118258 1 5 1.000000
  4 -5.737127 4.960629 -1.787875 0.294677 0.018914 0.955410 0.095295 0.078540 1 4 1.000000
..\..\..\Desktop\General\noesis\ds_body
  4 -5.737127 4.960629 -1.787875 0.294677 0.018914 0.955410 0.095295 0.078540 1 4 1.000000
  5 -4.182034 4.485798 -1.251799 0.040494 -0.999159 -0.006491 0.100505 0.118258 1 5 1.000000
  4 -5.661534 4.567173 -1.376137 0.383336 -0.923035 0.032555 0.100505 0.118258 1 4 1.000000
..\..\..\Desktop\General\noesis\ds_body
  4 -5.737127 4.960629 -1.787875 0.294677 0.018914 0.955410 0.095295 0.078540 1 4 1.000000
  4 -5.661534 4.567173 -1.376137 0.383336 -0.923035 0.032555 0.100505 0.118258 1 4 1.000000
  4 -6.142357 4.963639 -1.329745 0.999438 0.017271 0.028735 0.123207 0.078540 1 4 1.000000
..\..\..\Desktop\General\noesis\ds_body
  4 -5.694240 5.314662 -1.376139 0.371231 0.927551 0.042852 0.100505 0.037523 1 4 1.000000
  4 -5.737127 4.960629 -1.787875 0.294677 0.018914 0.955410 0.095295 0.078540 1 4 1.000000
  4 -6.142357 4.963639 -1.329745 0.999438 0.017271 0.028735 0.123207 0.078540 1 4 1.000000
..\..\..\Desktop\General\noesis\ds_body
  4 -5.694240 5.314662 -1.376139 0.371231 0.927551 0.042852 0.100505 0.037523 1 4 1.000000
  5 -4.182040 5.419364 -1.251801 0.057802 0.998325 0.002539 0.100505 0.037523 1 5 1.000000
  4 -5.737127 4.960629 -1.787875 0.294677 0.018914 0.955410 0.095295 0.078540 1 4 1.000000
..\..\..\Desktop\General\noesis\ds_body
  4 -5.727097 4.968709 -0.871765 0.361545 0.026754 -0.931971 0.095295 0.078540 1 4 1.000000
  5 -4.182040 5.419364 -1.251801 0.057802 0.998325 0.002539 0.100505 0.037523 1 5 1.000000
  4 -5.694240 5.314662 -1.376139 0.371231 0.927551 0.042852 0.100505 0.037523 1 4 1.000000
..\..\..\Desktop\General\noesis\ds_body
  4 -5.727097 4.968709 -0.871765 0.361545 0.026754 -0.931971 0.095295 0.078540 1 4 1.000000
  4 -5.694240 5.314662 -1.376139 0.371231 0.927551 0.042852 0.100505 0.037523 1 4 1.000000
  4 -6.142357 4.963639 -1.329745 0.999438 0.017271 0.028735 0.123207 0.078540 1 4 1.000000
..\..\..\Desktop\General\noesis\ds_body
  4 -5.661534 4.567173 -1.376137 0.383336 -0.923035 0.032555 0.100505 0.118258 1 4 1.000000
  4 -5.727097 4.968709 -0.871765 0.361545 0.026754 -0.931971 0.095295 0.078540 1 4 1.000000
  4 -6.142357 4.963639 -1.329745 0.999438 0.017271 0.028735 0.123207 0.078540 1 4 1.000000
..\..\..\Desktop\General\noesis\ds_body
  4 -5.661534 4.567173 -1.376137 0.383336 -0.923035 0.032555 0.100505 0.118258 1 4 1.000000
  5 -4.182034 4.485798 -1.251799 0.040494 -0.999159 -0.006491 0.100505 0.118258 1 5 1.000000
  4 -5.727097 4.968709 -0.871765 0.361545 0.026754 -0.931971 0.095295 0.078540 1 4 1.000000
..\..\..\Desktop\General\noesis\ds_body
  4 -5.727097 4.968709 -0.871765 0.361545 0.026754 -0.931971 0.095295 0.078540 1 4 1.000000
  5 -4.182034 4.485798 -1.251799 0.040494 -0.999159 -0.006491 0.100505 0.118258 1 5 1.000000
  4 -4.201521 4.977918 -0.752261 0.075023 0.026979 -0.996817 0.095295 0.078540 1 4 1.000000
..\..\..\Desktop\General\noesis\ds_body
  4 -4.201521 4.977918 -0.752261 0.075023 0.026979 -0.996817 0.095295 0.078540 1 4 1.000000
  5 -4.182040 5.419364 -1.251801 0.057802 0.998325 0.002539 0.100505 0.037523 1 5 1.000000
  4 -5.727097 4.968709 -0.871765 0.361545 0.026754 -0.931971 0.095295 0.078540 1 4 1.000000
..\..\..\Desktop\General\noesis\ds_body
  4 -4.201521 4.977918 -0.752261 0.075023 0.026979 -0.996817 0.095295 0.078540 1 4 1.000000
  5 -4.182034 4.485798 -1.251799 0.040494 -0.999159 -0.006491 0.100505 0.118258 1 5 1.000000
  5 -4.126217 4.978262 -0.746847 0.043547 0.041908 -0.998172 0.095295 0.078540 1 5 1.000000
..\..\..\Desktop\General\noesis\ds_body
  5 -4.126217 4.978262 -0.746847 0.043547 0.041908 -0.998172 0.095295 0.078540 1 5 1.000000
  5 -4.182040 5.419364 -1.251801 0.057802 0.998325 0.002539 0.100505 0.037523 1 5 1.000000
  4 -4.201521 4.977918 -0.752261 0.075023 0.026979 -0.996817 0.095295 0.078540 1 4 1.000000
..\..\..\Desktop\General\noesis\ds_body
  5 -4.182040 5.419364 -1.251801 0.057802 0.998325 0.002539 0.100505 0.037523 1 5 1.000000
  5 -4.126217 4.978262 -0.746847 0.043547 0.041908 -0.998172 0.095295 0.078540 1 5 1.000000
  5 -2.730138 5.491415 -1.254177 0.062045 0.998002 -0.011942 0.017468 0.037523 1 5 1.000000
..\..\..\Desktop\General\noesis\ds_body
  5 -2.730138 5.491415 -1.254177 0.062045 0.998002 -0.011942 0.017468 0.037523 1 5 1.000000
  5 -4.208627 4.968349 -1.802128 0.047978 0.035016 0.998235 0.095295 0.078540 1 5 1.000000
  5 -4.182040 5.419364 -1.251801 0.057802 0.998325 0.002539 0.100505 0.037523 1 5 1.000000
..\..\..\Desktop\General\noesis\ds_body
  5 -2.776916 5.055243 -1.816460 0.014265 0.070551 0.997406 0.017468 0.078540 1 5 1.000000
  5 -4.208627 4.968349 -1.802128 0.047978 0.035016 0.998235 0.095295 0.078540 1 5 1.000000
  5 -2.730138 5.491415 -1.254177 0.062045 0.998002 -0.011942 0.017468 0.037523 1 5 1.000000
..\..\..\Desktop\General\noesis\ds_body
  5 -4.182034 4.485798 -1.251799 0.040494 -0.999159 -0.006491 0.100505 0.118258 1 5 1.000000
  5 -4.208627 4.968349 -1.802128 0.047978 0.035016 0.998235 0.095295 0.078540 1 5 1.000000
  5 -2.730130 4.480528 -1.254175 -0.017905 -0.999670 -0.018432 0.017468 0.118259 1 5 1.000000
..\..\..\Desktop\General\noesis\ds_body
  5 -2.730130 4.480528 -1.254175 -0.017905 -0.999670 -0.018432 0.017468 0.118259 1 5 1.000000
  5 -4.126217 4.978262 -0.746847 0.043547 0.041908 -0.998172 0.095295 0.078540 1 5 1.000000
  5 -4.182034 4.485798 -1.251799 0.040494 -0.999159 -0.006491 0.100505 0.118258 1 5 1.000000
..\..\..\Desktop\General\noesis\ds_body
  5 -2.730130 4.480528 -1.254175 -0.017905 -0.999670 -0.018432 0.017468 0.118259 1 5 1.000000
  5 -4.208627 4.968349 -1.802128 0.047978 0.035016 0.998235 0.095295 0.078540 1 5 1.000000
  5 -2.776916 5.055243 -1.816460 0.014265 0.070551 0.997406 0.017468 0.078540 1 5 1.000000
..\..\..\Desktop\General\noesis\ds_body
  5 -2.740124 5.060502 -0.709918 0.030905 0.073261 -0.996834 0.017468 0.078540 1 5 1.000000
  5 -4.126217 4.978262 -0.746847 0.043547 0.041908 -0.998172 0.095295 0.078540 1 5 1.000000
  5 -2.730130 4.480528 -1.254175 -0.017905 -0.999670 -0.018432 0.017468 0.118259 1 5 1.000000
..\..\..\Desktop\General\noesis\ds_body
  5 -2.730138 5.491415 -1.254177 0.062045 0.998002 -0.011942 0.017468 0.037523 1 5 1.000000
  5 -4.126217 4.978262 -0.746847 0.043547 0.041908 -0.998172 0.095295 0.078540 1 5 1.000000
  5 -2.740124 5.060502 -0.709918 0.030905 0.073261 -0.996834 0.017468 0.078540 1 5 1.000000
..\..\..\Desktop\General\noesis\ds_body
  5 -1.910898 5.075437 0.068649 0.000000 -0.000000 -1.000000 0.410794 0.275065 1 5 1.000000
  5 -0.961394 5.075441 -0.324648 -0.707107 -0.000000 -0.707107 0.410794 0.148596 1 5 1.000000
  5 -1.910905 6.024937 -0.324650 -0.000000 0.707107 -0.707107 0.369120 0.275065 1 5 1.000000
..\..\..\Desktop\General\noesis\ds_body
  5 -1.910898 5.075437 0.068649 0.000000 -0.000000 -1.000000 0.410794 0.275065 1 5 1.000000
  5 -1.910905 6.024937 -0.324650 -0.000000 0.707107 -0.707107 0.369120 0.275065 1 5 1.000000
  5 -2.860404 5.075428 -0.324648 0.705765 0.000000 -0.708446 0.410794 0.401849 1 5 1.000000
..\..\..\Desktop\General\noesis\ds_body
  5 -1.910898 5.075437 0.068649 0.000000 -0.000000 -1.000000 0.410794 0.275065 1 5 1.000000
  5 -2.860404 5.075428 -0.324648 0.705765 0.000000 -0.708446 0.410794 0.401849 1 5 1.000000
  5 -1.910891 4.125929 -0.324645 0.000000 -0.707107 -0.707107 0.452468 0.275065 1 5 1.000000
..\..\..\Desktop\General\noesis\ds_body
  5 -1.910898 5.075437 0.068649 0.000000 -0.000000 -1.000000 0.410794 0.275065 1 5 1.000000
  5 -1.910891 4.125929 -0.324645 0.000000 -0.707107 -0.707107 0.452468 0.275065 1 5 1.000000
  5 -0.961394 5.075441 -0.324648 -0.707107 -0.000000 -0.707107 0.410794 0.148596 1 5 1.000000
..\..\..\Desktop\General\noesis\ds_body
  5 -1.910891 4.125929 -0.324645 0.000000 -0.707107 -0.707107 0.452468 0.275065 1 5 1.000000
  5 -0.961387 4.125934 -1.274150 -0.707107 -0.707107 -0.000000 0.491713 0.148596 1 5 1.000000
  5 -0.961394 5.075441 -0.324648 -0.707107 -0.000000 -0.707107 0.410794 0.148596 1 5 1.000000
..\..\..\Desktop\General\noesis\ds_body
  5 -1.910891 4.125929 -0.324645 0.000000 -0.707107 -0.707107 0.452468 0.275065 1 5 1.000000
  5 -1.910888 3.732634 -1.274149 0.000000 -1.000000 -0.000000 0.491713 0.275065 1 5 1.000000
  5 -0.961387 4.125934 -1.274150 -0.707107 -0.707107 -0.000000 0.491713 0.148596 1 5 1.000000
..\..\..\Desktop\General\noesis\ds_body
  5 -1.910891 4.125929 -0.324645 0.000000 -0.707107 -0.707107 0.452468 0.275065 1 5 1.000000
  5 -2.860397 4.125919 -1.274150 0.802156 -0.597115 -0.000000 0.491713 0.401849 1 5 1.000000
  5 -1.910888 3.732634 -1.274149 0.000000 -1.000000 -0.000000 0.491713 0.275065 1 5 1.000000
..\..\..\Desktop\General\noesis\ds_body
  5 -2.860404 5.075428 -0.324648 0.705765 0.000000 -0.708446 0.410794 0.401849 1 5 1.000000
  5 -2.860397 4.125919 -1.274150 0.802156 -0.597115 -0.000000 0.491713 0.401849 1 5 1.000000
  5 -1.910891 4.125929 -0.324645 0.000000 -0.707107 -0.707107 0.452468 0.275065 1 5 1.000000
..\..\..\Desktop\General\noesis\ds_body
  5 -1.910905 6.024937 -0.324650 -0.000000 0.707107 -0.707107 0.369120 0.275065 1 5 1.000000
  5 -2.860411 6.024938 -1.274155 0.802156 0.597115 0.000000 0.331088 0.401850 1 5 1.000000
  5 -2.860404 5.075428 -0.324648 0.705765 0.000000 -0.708446 0.410794 0.401849 1 5 1.000000
..\..\..\Desktop\General\noesis\ds_body
  5 -1.910905 6.024937 -0.324650 -0.000000 0.707107 -0.707107 0.369120 0.275065 1 5 1.000000
  5 -1.910908 6.418233 -1.274156 -0.000000 1.000000 0.000000 0.331089 0.275065 1 5 1.000000
  5 -2.860411 6.024938 -1.274155 0.802156 0.597115 0.000000 0.331088 0.401850 1 5 1.000000
..\..\..\Desktop\General\noesis\ds_body
  5 -0.961394 5.075441 -0.324648 -0.707107 -0.000000 -0.707107 0.410794 0.148596 1 5 1.000000
  5 -0.961401 6.024951 -1.274155 -0.707106 0.707107 0.000000 0.331089 0.148596 1 5 1.000000
  5 -1.910905 6.024937 -0.324650 -0.000000 0.707107 -0.707107 0.369120 0.275065 1 5 1.000000
..\..\..\Desktop\General\noesis\ds_body
  5 -1.910905 6.024937 -0.324650 -0.000000 0.707107 -0.707107 0.369120 0.275065 1 5 1.000000
  5 -0.961401 6.024951 -1.274155 -0.707106 0.707107 0.000000 0.331089 0.148596 1 5 1.000000
  5 -1.910908 6.418233 -1.274156 -0.000000 1.000000 0.000000 0.331089 0.275065 1 5 1.000000
..\..\..\Desktop\General\noesis\ds_body
  5 -0.961394 5.075441 -0.324648 -0.707107 -0.000000 -0.707107 0.410794 0.148596 1 5 1.000000
  5 -0.568098 5.075442 -1.274152 -1.000000 -0.000000 0.000000 0.331089 0.022349 1 5 1.000000
  5 -0.961401 6.024951 -1.274155 -0.707106 0.707107 0.000000 0.331089 0.148596 1 5 1.000000
..\..\..\Desktop\General\noesis\ds_body
  5 -0.961394 5.075441 -0.324648 -0.707107 -0.000000 -0.707107 0.410794 0.148596 1 5 1.000000
  5 -0.961387 4.125934 -1.274150 -0.707107 -0.707107 -0.000000 0.491713 0.148596 1 5 1.000000
  5 -0.568098 5.075442 -1.274152 -1.000000 -0.000000 0.000000 0.331089 0.022349 1 5 1.000000
..\..\..\Desktop\General\noesis\ds_body
  5 -0.961394 5.075438 -2.223657 -0.707107 -0.000000 0.707107 0.410794 0.148596 1 5 1.000000
  5 -0.568098 5.075442 -1.274152 -1.000000 -0.000000 0.000000 0.331089 0.022349 1 5 1.000000
  5 -0.961387 4.125934 -1.274150 -0.707107 -0.707107 -0.000000 0.491713 0.148596 1 5 1.000000
..\..\..\Desktop\General\noesis\ds_body
  5 -0.961394 5.075438 -2.223657 -0.707107 -0.000000 0.707107 0.410794 0.148596 1 5 1.000000
  5 -0.961401 6.024951 -1.274155 -0.707106 0.707107 0.000000 0.331089 0.148596 1 5 1.000000
  5 -0.568098 5.075442 -1.274152 -1.000000 -0.000000 0.000000 0.331089 0.022349 1 5 1.000000
..\..\..\Desktop\General\noesis\ds_body
  5 -1.910905 6.024931 -2.223660 -0.000000 0.707107 0.707107 0.369120 0.275065 1 5 1.000000
  5 -0.961401 6.024951 -1.274155 -0.707106 0.707107 0.000000 0.331089 0.148596 1 5 1.000000
  5 -0.961394 5.075438 -2.223657 -0.707107 -0.000000 0.707107 0.410794 0.148596 1 5 1.000000
..\..\..\Desktop\General\noesis\ds_body
  5 -1.910905 6.024931 -2.223660 -0.000000 0.707107 0.707107 0.369120 0.275065 1 5 1.000000
  5 -1.910908 6.418233 -1.274156 -0.000000 1.000000 0.000000 0.331089 0.275065 1 5 1.000000
  5 -0.961401 6.024951 -1.274155 -0.707106 0.707107 0.000000 0.331089 0.148596 1 5 1.000000
..\..\..\Desktop\General\noesis\ds_body
  5 -1.910905 6.024931 -2.223660 -0.000000 0.707107 0.707107 0.369120 0.275065 1 5 1.000000
  5 -2.860411 6.024938 -1.274155 0.802156 0.597115 0.000000 0.331088 0.401850 1 5 1.000000
  5 -1.910908 6.418233 -1.274156 -0.000000 1.000000 0.000000 0.331089 0.275065 1 5 1.000000
..\..\..\Desktop\General\noesis\ds_body
  5 -1.910898 5.075429 -2.616961 -0.000000 0.000000 1.000000 0.410794 0.275065 1 5 1.000000
  5 -1.910905 6.024931 -2.223660 -0.000000 0.707107 0.707107 0.369120 0.275065 1 5 1.000000
  5 -0.961394 5.075438 -2.223657 -0.707107 -0.000000 0.707107 0.410794 0.148596 1 5 1.000000
..\..\..\Desktop\General\noesis\ds_body
  5 -2.860404 5.075423 -2.223657 0.705765 0.000000 0.708446 0.410794 0.401849 1 5 1.000000
  5 -2.860411 6.024938 -1.274155 0.802156 0.597115 0.000000 0.331088 0.401850 1 5 1.000000
  5 -1.910905 6.024931 -2.223660 -0.000000 0.707107 0.707107 0.369120 0.275065 1 5 1.000000
..\..\..\Desktop\General\noesis\ds_body
  5 -1.910898 5.075429 -2.616961 -0.000000 0.000000 1.000000 0.410794 0.275065 1 5 1.000000
  5 -2.860404 5.075423 -2.223657 0.705765 0.000000 0.708446 0.410794 0.401849 1 5 1.000000
  5 -1.910905 6.024931 -2.223660 -0.000000 0.707107 0.707107 0.369120 0.275065 1 5 1.000000
..\..\..\Desktop\General\noesis\ds_body
  5 -1.910891 4.125925 -2.223655 0.000000 -0.707107 0.707107 0.452468 0.275065 1 5 1.000000
  5 -1.910888 3.732634 -1.274149 0.000000 -1.000000 -0.000000 0.491713 0.275065 1 5 1.000000
  5 -2.860397 4.125919 -1.274150 0.802156 -0.597115 -0.000000 0.491713 0.401849 1 5 1.000000
..\..\..\Desktop\General\noesis\ds_body
  5 -1.910891 4.125925 -2.223655 0.000000 -0.707107 0.707107 0.452468 0.275065 1 5 1.000000
  5 -2.860397 4.125919 -1.274150 0.802156 -0.597115 -0.000000 0.491713 0.401849 1 5 1.000000
  5 -2.860404 5.075423 -2.223657 0.705765 0.000000 0.708446 0.410794 0.401849 1 5 1.000000
..\..\..\Desktop\General\noesis\ds_body
  5 -0.961394 5.075438 -2.223657 -0.707107 -0.000000 0.707107 0.410794 0.148596 1 5 1.000000
  5 -0.961387 4.125934 -1.274150 -0.707107 -0.707107 -0.000000 0.491713 0.148596 1 5 1.000000
  5 -1.910891 4.125925 -2.223655 0.000000 -0.707107 0.707107 0.452468 0.275065 1 5 1.000000
..\..\..\Desktop\General\noesis\ds_body
  5 -1.910898 5.075429 -2.616961 -0.000000 0.000000 1.000000 0.410794 0.275065 1 5 1.000000
  5 -0.961394 5.075438 -2.223657 -0.707107 -0.000000 0.707107 0.410794 0.148596 1 5 1.000000
  5 -1.910891 4.125925 -2.223655 0.000000 -0.707107 0.707107 0.452468 0.275065 1 5 1.000000
..\..\..\Desktop\General\noesis\ds_body
  5 -1.910898 5.075429 -2.616961 -0.000000 0.000000 1.000000 0.410794 0.275065 1 5 1.000000
  5 -1.910891 4.125925 -2.223655 0.000000 -0.707107 0.707107 0.452468 0.275065 1 5 1.000000
  5 -2.860404 5.075423 -2.223657 0.705765 0.000000 0.708446 0.410794 0.401849 1 5 1.000000
..\..\..\Desktop\General\noesis\ds_body
  5 -1.910891 4.125925 -2.223655 0.000000 -0.707107 0.707107 0.452468 0.275065 1 5 1.000000
  5 -0.961387 4.125934 -1.274150 -0.707107 -0.707107 -0.000000 0.491713 0.148596 1 5 1.000000
  5 -1.910888 3.732634 -1.274149 0.000000 -1.000000 -0.000000 0.491713 0.275065 1 5 1.000000
..\..\..\Desktop\General\noesis\ds_body
  5 -2.860404 5.075423 -2.223657 0.705765 0.000000 0.708446 0.419944 0.537042 1 5 1.000000
  5 -2.860397 4.125919 -1.274150 0.802156 -0.597115 -0.000000 0.476385 0.424160 1 5 1.000000
  5 -2.860411 6.024938 -1.274155 0.802156 0.597115 0.000000 0.363503 0.424160 1 5 1.000000
..\..\..\Desktop\General\noesis\ds_body
  5 -2.860411 6.024938 -1.274155 0.802156 0.597115 0.000000 0.363503 0.424160 1 5 1.000000
  5 -2.860397 4.125919 -1.274150 0.802156 -0.597115 -0.000000 0.476385 0.424160 1 5 1.000000
  5 -2.860404 5.075428 -0.324648 0.705765 0.000000 -0.708446 0.419944 0.537042 1 5 1.000000
..\..\..\Desktop\General\noesis\ds_body
  5 -3.218198 5.052880 -0.349559 -0.513734 0.045693 -0.856732 0.424194 0.862486 1 5 1.000000
  5 -1.646620 5.037294 -1.291111 -0.995413 0.092872 0.022964 0.490181 0.862486 1 5 1.000000
  5 -3.247403 5.845772 -1.256469 -0.450630 0.892656 0.009864 0.424194 0.978702 1 5 1.000000
..\..\..\Desktop\General\noesis\ds_body
  5 -3.218198 5.052880 -0.349559 -0.513734 0.045693 -0.856732 0.424194 0.862486 1 5 1.000000
  5 -3.243101 4.094221 -1.256465 -0.508366 -0.861054 0.012296 0.424194 0.755591 1 5 1.000000
  5 -1.646620 5.037294 -1.291111 -0.995413 0.092872 0.022964 0.490181 0.862486 1 5 1.000000
..\..\..\Desktop\General\noesis\ds_body
  5 -3.281778 5.055254 -2.174110 -0.475036 0.046557 0.878734 0.424194 0.862486 1 5 1.000000
  5 -3.247403 5.845772 -1.256469 -0.450630 0.892656 0.009864 0.424194 0.978702 1 5 1.000000
  5 -1.646620 5.037294 -1.291111 -0.995413 0.092872 0.022964 0.490181 0.862486 1 5 1.000000
..\..\..\Desktop\General\noesis\ds_body
  5 -3.243101 4.094221 -1.256465 -0.508366 -0.861054 0.012296 0.424194 0.755591 1 5 1.000000
  5 -3.281778 5.055254 -2.174110 -0.475036 0.046557 0.878734 0.424194 0.862486 1 5 1.000000
  5 -1.646620 5.037294 -1.291111 -0.995413 0.092872 0.022964 0.490181 0.862486 1 5 1.000000
..\..\..\Desktop\General\noesis\ds_body
  5 -3.218198 5.052880 -0.349559 0.868663 -0.035986 0.494094 0.177225 0.015908 1 5 1.000000
  5 -3.247403 5.845772 -1.256469 0.818521 -0.573702 -0.029825 0.123366 0.015908 1 5 1.000000
  5 -2.681996 5.037288 -1.291111 0.998386 -0.042727 -0.037420 0.177225 0.138232 1 5 1.000000
..\..\..\Desktop\General\noesis\ds_body
  5 -3.218198 5.052880 -0.349559 0.868663 -0.035986 0.494094 0.177225 0.015908 1 5 1.000000
  5 -2.681996 5.037288 -1.291111 0.998386 -0.042727 -0.037420 0.177225 0.138232 1 5 1.000000
  5 -3.243101 4.094221 -1.256465 0.858382 0.511946 -0.033041 0.226765 0.015908 1 5 1.000000
..\..\..\Desktop\General\noesis\ds_body
  5 -3.243101 4.094221 -1.256465 0.858382 0.511946 -0.033041 0.226765 0.015908 1 5 1.000000
  5 -2.681996 5.037288 -1.291111 0.998386 -0.042727 -0.037420 0.177225 0.138232 1 5 1.000000
  5 -3.281778 5.055254 -2.174110 0.827005 -0.036589 -0.561002 0.177225 0.015908 1 5 1.000000
..\..\..\Desktop\General\noesis\ds_body
  5 -3.281778 5.055254 -2.174110 0.827005 -0.036589 -0.561002 0.177225 0.015908 1 5 1.000000
  5 -2.681996 5.037288 -1.291111 0.998386 -0.042727 -0.037420 0.177225 0.138232 1 5 1.000000
  5 -3.247403 5.845772 -1.256469 0.818521 -0.573702 -0.029825 0.123366 0.015908 1 5 1.000000
..\..\..\Desktop\General\noesis\ds_body
  4 -5.385567 4.970953 -0.500328 -0.999304 -0.016712 0.033352 0.234653 0.071098 1 4 1.000000
  4 -5.426122 4.230628 -1.344760 -0.999304 -0.016712 0.033352 0.271689 0.015285 1 4 1.000000
  4 -5.442287 4.972870 -2.200749 -0.999304 -0.016712 0.033352 0.309269 0.071098 1 4 1.000000
..\..\..\Desktop\General\noesis\ds_body
  4 -5.385567 4.970953 -0.500328 -0.999316 0.016076 0.033315 0.234653 0.071098 1 4 1.000000
  4 -5.442287 4.972870 -2.200749 -0.999316 0.016076 0.033315 0.309269 0.071098 1 4 1.000000
  4 -5.422722 5.672286 -1.276521 -0.999316 0.016076 0.033315 0.271689 0.132536 1 4 1.000000
..\..\..\Desktop\General\noesis\ds_body
  4 -5.385567 4.970953 -0.500328 0.462641 -0.274369 -0.843021 0.510422 0.024973 1 4 1.000000
  4 -5.422722 5.672286 -1.276521 0.435368 0.899217 -0.043168 0.561312 0.024973 1 4 1.000000
  4 -5.965837 5.047137 -0.808371 -0.111878 0.251689 -0.961320 0.510422 0.086486 1 4 1.000000
..\..\..\Desktop\General\noesis\ds_body
  4 -5.965837 5.047137 -0.808371 -0.111878 0.251689 -0.961320 0.510422 0.086486 1 4 1.000000
  4 -5.978934 4.564291 -1.306821 0.072235 -0.995661 0.058658 0.458554 0.086486 1 4 1.000000
  4 -5.385567 4.970953 -0.500328 0.462641 -0.274369 -0.843021 0.510422 0.024973 1 4 1.000000
..\..\..\Desktop\General\noesis\ds_body
  4 -5.385567 4.970953 -0.500328 0.462641 -0.274369 -0.843021 0.510422 0.024973 1 4 1.000000
  4 -5.978934 4.564291 -1.306821 0.072235 -0.995661 0.058658 0.458554 0.086486 1 4 1.000000
  4 -5.426122 4.230628 -1.344760 0.515271 -0.856635 -0.025941 0.458554 0.024973 1 4 1.000000
..\..\..\Desktop\General\noesis\ds_body
  4 -5.965837 5.047137 -0.808371 -0.111878 0.251689 -0.961320 0.510422 0.086486 1 4 1.000000
  4 -5.422722 5.672286 -1.276521 0.435368 0.899217 -0.043168 0.561312 0.024973 1 4 1.000000
  4 -5.990070 5.340511 -1.282076 -0.000000 1.000000 0.000000 0.561312 0.086486 1 4 1.000000
..\..\..\Desktop\General\noesis\ds_body
  4 -5.422722 5.672286 -1.276521 0.435368 0.899217 -0.043168 0.561312 0.024973 1 4 1.000000
  4 -6.013438 5.040130 -1.806071 0.049780 0.278539 0.959134 0.612546 0.086486 1 4 1.000000
  4 -5.990070 5.340511 -1.282076 -0.000000 1.000000 0.000000 0.561312 0.086486 1 4 1.000000
..\..\..\Desktop\General\noesis\ds_body
  4 -5.442287 4.972870 -2.200749 0.560236 -0.256937 0.787477 0.612546 0.024973 1 4 1.000000
  4 -6.013438 5.040130 -1.806071 0.049780 0.278539 0.959134 0.612546 0.086486 1 4 1.000000
  4 -5.422722 5.672286 -1.276521 0.435368 0.899217 -0.043168 0.561312 0.024973 1 4 1.000000
..\..\..\Desktop\General\noesis\ds_body
  4 -5.442287 4.972870 -2.200749 0.560236 -0.256937 0.787477 0.612546 0.024973 1 4 1.000000
  4 -5.978934 4.564291 -1.306821 0.072235 -0.995661 0.058658 0.664414 0.086486 1 4 1.000000
  4 -6.013438 5.040130 -1.806071 0.049780 0.278539 0.959134 0.612546 0.086486 1 4 1.000000
..\..\..\Desktop\General\noesis\ds_body
  4 -5.426122 4.230628 -1.344760 0.515271 -0.856635 -0.025941 0.664414 0.024973 1 4 1.000000
  4 -5.978934 4.564291 -1.306821 0.072235 -0.995661 0.058658 0.664414 0.086486 1 4 1.000000
  4 -5.442287 4.972870 -2.200749 0.560236 -0.256937 0.787477 0.612546 0.024973 1 4 1.000000
..\..\..\Desktop\General\noesis\ds_body
  3 -6.683432 5.151778 -1.994426 -0.096530 0.519317 0.849113 0.611262 0.424051 1 3 1.000000
  4 -5.990070 5.340511 -1.282076 -0.000000 1.000000 0.000000 0.582495 0.498577 1 4 1.000000
  4 -6.013438 5.040130 -1.806071 0.049780 0.278539 0.959134 0.607020 0.498577 1 4 1.000000
..\..\..\Desktop\General\noesis\ds_body
  4 -5.990070 5.340511 -1.282076 -0.000000 1.000000 0.000000 0.582495 0.498577 1 4 1.000000
  3 -6.683432 5.151778 -1.994426 -0.096530 0.519317 0.849113 0.611262 0.424051 1 3 1.000000
  3 -6.617327 5.431754 -1.278409 0.021913 0.999225 0.032698 0.582495 0.435167 1 3 1.000000
..\..\..\Desktop\General\noesis\ds_body
  3 -6.655131 5.158772 -0.437644 -0.138668 0.511556 -0.847987 0.535063 0.458406 1 3 1.000000
  4 -5.990070 5.340511 -1.282076 -0.000000 1.000000 0.000000 0.582495 0.498577 1 4 1.000000
  3 -6.617327 5.431754 -1.278409 0.021913 0.999225 0.032698 0.582495 0.435167 1 3 1.000000
..\..\..\Desktop\General\noesis\ds_body
  4 -5.965837 5.047137 -0.808371 -0.111878 0.251689 -0.961320 0.563131 0.498577 1 4 1.000000
  4 -5.990070 5.340511 -1.282076 -0.000000 1.000000 0.000000 0.582495 0.498577 1 4 1.000000
  3 -6.655131 5.158772 -0.437644 -0.138668 0.511556 -0.847987 0.535063 0.458406 1 3 1.000000
..\..\..\Desktop\General\noesis\ds_body
  3 -6.617327 5.431754 -1.278409 0.021913 0.999225 0.032698 0.582495 0.435167 1 3 1.000000
  3 -7.363529 5.200868 -0.585749 0.741452 0.574283 -0.347055 0.547976 0.332420 1 3 1.000000
  3 -6.655131 5.158772 -0.437644 -0.138668 0.511556 -0.847987 0.535063 0.458406 1 3 1.000000
..\..\..\Desktop\General\noesis\ds_body
  3 -6.683432 5.151778 -1.994426 -0.096530 0.519317 0.849113 0.611262 0.424051 1 3 1.000000
  3 -7.341048 5.150660 -1.932994 0.521171 0.682064 0.513001 0.598618 0.332419 1 3 1.000000
  3 -6.617327 5.431754 -1.278409 0.021913 0.999225 0.032698 0.582495 0.435167 1 3 1.000000
..\..\..\Desktop\General\noesis\ds_body
  3 -7.341048 5.150660 -1.932994 0.521171 0.682064 0.513001 0.598618 0.332419 1 3 1.000000
  3 -7.363529 5.200868 -0.585749 0.741452 0.574283 -0.347055 0.547976 0.332420 1 3 1.000000
  3 -6.617327 5.431754 -1.278409 0.021913 0.999225 0.032698 0.582495 0.435167 1 3 1.000000
..\..\..\Desktop\General\noesis\ds_body
  3 -7.341048 5.150660 -1.932994 0.521171 0.682064 0.513001 0.598618 0.332419 1 3 1.000000
  3 -7.358334 4.525995 -1.920884 0.625242 -0.490781 0.606800 0.598618 0.266270 1 3 1.000000
  3 -7.363529 5.200868 -0.585749 0.741452 0.574283 -0.347055 0.547976 0.332420 1 3 1.000000
..\..\..\Desktop\General\noesis\ds_body
  3 -7.363529 5.200868 -0.585749 0.741452 0.574283 -0.347055 0.547976 0.332420 1 3 1.000000
  3 -7.358334 4.525995 -1.920884 0.625242 -0.490781 0.606800 0.598618 0.266270 1 3 1.000000
  3 -7.411114 4.513337 -0.613503 0.607392 -0.379014 -0.698157 0.547976 0.266270 1 3 1.000000
..\..\..\Desktop\General\noesis\ds_body
  3 -7.411114 4.513337 -0.613503 0.607392 -0.379014 -0.698157 0.547976 0.266270 1 3 1.000000
  3 -7.358334 4.525995 -1.920884 0.625242 -0.490781 0.606800 0.598618 0.266270 1 3 1.000000
  3 -6.702162 4.258017 -0.567370 -0.231035 -0.869523 -0.436524 0.542166 0.189553 1 3 1.000000
..\..\..\Desktop\General\noesis\ds_body
  3 -6.655131 5.158772 -0.437644 -0.138668 0.511556 -0.847987 0.504770 0.183212 1 3 1.000000
  3 -7.411114 4.513337 -0.613503 0.607392 -0.379014 -0.698157 0.547976 0.266270 1 3 1.000000
  3 -6.702162 4.258017 -0.567370 -0.231035 -0.869523 -0.436524 0.542166 0.189553 1 3 1.000000
..\..\..\Desktop\General\noesis\ds_body
  3 -6.655131 5.158772 -0.437644 -0.138668 0.511556 -0.847987 0.504770 0.183212 1 3 1.000000
  3 -6.702162 4.258017 -0.567370 -0.231035 -0.869523 -0.436524 0.542166 0.189553 1 3 1.000000
  4 -5.965837 5.047137 -0.808371 -0.111878 0.251689 -0.961320 0.519969 0.114363 1 4 1.000000
..\..\..\Desktop\General\noesis\ds_body
  4 -5.965837 5.047137 -0.808371 -0.111878 0.251689 -0.961320 0.519969 0.114363 1 4 1.000000
  3 -6.702162 4.258017 -0.567370 -0.231035 -0.869523 -0.436524 0.542166 0.189553 1 3 1.000000
  4 -5.978934 4.564291 -1.306821 0.072235 -0.995661 0.058658 0.571838 0.114363 1 4 1.000000
..\..\..\Desktop\General\noesis\ds_body
  4 -5.978934 4.564291 -1.306821 0.072235 -0.995661 0.058658 0.571838 0.114363 1 4 1.000000
  3 -6.702162 4.258017 -0.567370 -0.231035 -0.869523 -0.436524 0.542166 0.189553 1 3 1.000000
  3 -6.708745 4.608889 -1.966764 -0.235316 -0.634784 0.735986 0.602880 0.169956 1 3 1.000000
..\..\..\Desktop\General\noesis\ds_body
  3 -6.702162 4.258017 -0.567370 -0.231035 -0.869523 -0.436524 0.542166 0.189553 1 3 1.000000
  3 -7.358334 4.525995 -1.920884 0.625242 -0.490781 0.606800 0.598618 0.266270 1 3 1.000000
  3 -6.708745 4.608889 -1.966764 -0.235316 -0.634784 0.735986 0.602880 0.169956 1 3 1.000000
..\..\..\Desktop\General\noesis\ds_body
  3 -6.708745 4.608889 -1.966764 -0.235316 -0.634784 0.735986 0.602880 0.169956 1 3 1.000000
  4 -6.013438 5.040130 -1.806071 0.049780 0.278539 0.959134 0.623071 0.114363 1 4 1.000000
  4 -5.978934 4.564291 -1.306821 0.072235 -0.995661 0.058658 0.571838 0.114363 1 4 1.000000
..\..\..\Desktop\General\noesis\ds_body
  3 -7.358334 4.525995 -1.920884 0.625242 -0.490781 0.606800 0.598618 0.266270 1 3 1.000000
  3 -6.683432 5.151778 -1.994426 -0.096530 0.519317 0.849113 0.628907 0.170213 1 3 1.000000
  3 -6.708745 4.608889 -1.966764 -0.235316 -0.634784 0.735986 0.602880 0.169956 1 3 1.000000
..\..\..\Desktop\General\noesis\ds_body
  3 -6.708745 4.608889 -1.966764 -0.235316 -0.634784 0.735986 0.602880 0.169956 1 3 1.000000
  3 -6.683432 5.151778 -1.994426 -0.096530 0.519317 0.849113 0.628907 0.170213 1 3 1.000000
  4 -6.013438 5.040130 -1.806071 0.049780 0.278539 0.959134 0.623071 0.114363 1 4 1.000000
..\..\..\Desktop\General\noesis\ds_body
  3 -7.358334 4.525995 -1.920884 0.625242 -0.490781 0.606800 0.598618 0.266270 1 3 1.000000
  3 -7.341048 5.150660 -1.932994 0.521171 0.682064 0.513001 0.628981 0.266270 1 3 1.000000
  3 -6.683432 5.151778 -1.994426 -0.096530 0.519317 0.849113 0.628907 0.170213 1 3 1.000000
..\..\..\Desktop\General\noesis\ds_body
  3 -7.363529 5.200868 -0.585749 0.741452 0.574283 -0.347055 0.504770 0.266270 1 3 1.000000
  3 -7.411114 4.513337 -0.613503 0.607392 -0.379014 -0.698157 0.547976 0.266270 1 3 1.000000
  3 -6.655131 5.158772 -0.437644 -0.138668 0.511556 -0.847987 0.504770 0.183212 1 3 1.000000
..\..\..\Desktop\General\noesis\ds_body
  2 4.206423 4.968383 -1.802119 0.043547 0.041908 -0.998172 0.095295 0.078540 1 2 1.000000
  1 4.284643 4.968059 -1.794782 0.049046 0.016740 -0.998656 0.095295 0.078540 1 1 1.000000
  2 4.181783 4.485830 -1.251717 0.040542 -0.999157 0.006491 0.100505 0.118258 1 2 1.000000
..\..\..\Desktop\General\noesis\ds_body
  2 4.181783 5.419396 -1.251717 0.057802 0.998325 0.002539 0.100505 0.037523 1 2 1.000000
  1 4.284643 4.968059 -1.794782 0.049046 0.016740 -0.998656 0.095295 0.078540 1 1 1.000000
  2 4.206423 4.968383 -1.802119 0.043547 0.041908 -0.998172 0.095295 0.078540 1 2 1.000000
..\..\..\Desktop\General\noesis\ds_body
  1 4.284643 4.968059 -1.794782 0.049046 0.016740 -0.998656 0.095295 0.078540 1 1 1.000000
  1 5.735493 4.960672 -1.787857 0.293696 0.018859 -0.955713 0.095295 0.078540 1 1 1.000000
  2 4.181783 4.485830 -1.251717 0.040542 -0.999157 0.006491 0.100505 0.118258 1 2 1.000000
..\..\..\Desktop\General\noesis\ds_body
  1 5.735493 4.960672 -1.787857 0.293696 0.018859 -0.955713 0.095295 0.078540 1 1 1.000000
  1 4.284643 4.968059 -1.794782 0.049046 0.016740 -0.998656 0.095295 0.078540 1 1 1.000000
  2 4.181783 5.419396 -1.251717 0.057802 0.998325 0.002539 0.100505 0.037523 1 2 1.000000
..\..\..\Desktop\General\noesis\ds_body
  1 5.735493 4.960672 -1.787857 0.293696 0.018859 -0.955713 0.095295 0.078540 1 1 1.000000
  1 5.661353 4.567213 -1.375867 0.383286 -0.923013 -0.033737 0.100505 0.118258 1 1 1.000000
  2 4.181783 4.485830 -1.251717 0.040542 -0.999157 0.006491 0.100505 0.118258 1 2 1.000000
..\..\..\Desktop\General\noesis\ds_body
  1 5.735493 4.960672 -1.787857 0.293696 0.018859 -0.955713 0.095295 0.078540 1 1 1.000000
  1 6.142323 4.963684 -1.331178 0.999330 0.017273 -0.032272 0.123207 0.078540 1 1 1.000000
  1 5.661353 4.567213 -1.375867 0.383286 -0.923013 -0.033737 0.100505 0.118258 1 1 1.000000
..\..\..\Desktop\General\noesis\ds_body
  1 5.694053 5.314704 -1.375983 0.371157 0.927525 -0.044053 0.100505 0.037523 1 1 1.000000
  1 6.142323 4.963684 -1.331178 0.999330 0.017273 -0.032272 0.123207 0.078540 1 1 1.000000
  1 5.735493 4.960672 -1.787857 0.293696 0.018859 -0.955713 0.095295 0.078540 1 1 1.000000
..\..\..\Desktop\General\noesis\ds_body
  1 5.694053 5.314704 -1.375983 0.371157 0.927525 -0.044053 0.100505 0.037523 1 1 1.000000
  1 5.735493 4.960672 -1.787857 0.293696 0.018859 -0.955713 0.095295 0.078540 1 1 1.000000
  2 4.181783 5.419396 -1.251717 0.057802 0.998325 0.002539 0.100505 0.037523 1 2 1.000000
..\..\..\Desktop\General\noesis\ds_body
  1 5.728693 4.968750 -0.871744 0.362657 0.026805 0.931537 0.095295 0.078540 1 1 1.000000
  1 6.142323 4.963684 -1.331178 0.999330 0.017273 -0.032272 0.123207 0.078540 1 1 1.000000
  1 5.694053 5.314704 -1.375983 0.371157 0.927525 -0.044053 0.100505 0.037523 1 1 1.000000
..\..\..\Desktop\General\noesis\ds_body
  1 5.661353 4.567213 -1.375867 0.383286 -0.923013 -0.033737 0.100505 0.118258 1 1 1.000000
  1 6.142323 4.963684 -1.331178 0.999330 0.017273 -0.032272 0.123207 0.078540 1 1 1.000000
  1 5.728693 4.968750 -0.871744 0.362657 0.026805 0.931537 0.095295 0.078540 1 1 1.000000
..\..\..\Desktop\General\noesis\ds_body
  1 5.661353 4.567213 -1.375867 0.383286 -0.923013 -0.033737 0.100505 0.118258 1 1 1.000000
  1 5.728693 4.968750 -0.871744 0.362657 0.026805 0.931537 0.095295 0.078540 1 1 1.000000
  2 4.181783 4.485830 -1.251717 0.040542 -0.999157 0.006491 0.100505 0.118258 1 2 1.000000
..\..\..\Desktop\General\noesis\ds_body
  1 5.728693 4.968750 -0.871744 0.362657 0.026805 0.931537 0.095295 0.078540 1 1 1.000000
  1 5.694053 5.314704 -1.375983 0.371157 0.927525 -0.044053 0.100505 0.037523 1 1 1.000000
  2 4.181783 5.419396 -1.251717 0.057802 0.998325 0.002539 0.100505 0.037523 1 2 1.000000
..\..\..\Desktop\General\noesis\ds_body
  2 4.181783 5.419396 -1.251717 0.057802 0.998325 0.002539 0.100505 0.037523 1 2 1.000000
  1 4.213596 4.977899 -0.753063 0.076787 0.026993 0.996682 0.095295 0.078540 1 1 1.000000
  1 5.728693 4.968750 -0.871744 0.362657 0.026805 0.931537 0.095295 0.078540 1 1 1.000000
..\..\..\Desktop\General\noesis\ds_body
  1 5.728693 4.968750 -0.871744 0.362657 0.026805 0.931537 0.095295 0.078540 1 1 1.000000
  1 4.213596 4.977899 -0.753063 0.076787 0.026993 0.996682 0.095295 0.078540 1 1 1.000000
  2 4.181783 4.485830 -1.251717 0.040542 -0.999157 0.006491 0.100505 0.118258 1 2 1.000000
..\..\..\Desktop\General\noesis\ds_body
  1 4.213596 4.977899 -0.753063 0.076787 0.026993 0.996682 0.095295 0.078540 1 1 1.000000
  2 4.127753 4.978292 -0.746585 0.047978 0.035016 0.998235 0.095295 0.078540 1 2 1.000000
  2 4.181783 4.485830 -1.251717 0.040542 -0.999157 0.006491 0.100505 0.118258 1 2 1.000000
..\..\..\Desktop\General\noesis\ds_body
  2 4.127753 4.978292 -0.746585 0.047978 0.035016 0.998235 0.095295 0.078540 1 2 1.000000
  1 4.213596 4.977899 -0.753063 0.076787 0.026993 0.996682 0.095295 0.078540 1 1 1.000000
  2 4.181783 5.419396 -1.251717 0.057802 0.998325 0.002539 0.100505 0.037523 1 2 1.000000
..\..\..\Desktop\General\noesis\ds_body
  2 1.910883 5.075446 0.068650 0.000000 0.000000 1.000000 0.410794 0.275065 1 2 1.000000
  2 1.910883 6.024947 -0.324647 0.000000 0.707107 0.707107 0.369120 0.275065 1 2 1.000000
  2 0.961379 5.075446 -0.324647 -0.707107 0.000000 0.707107 0.410794 0.148596 1 2 1.000000
..\..\..\Desktop\General\noesis\ds_body
  2 1.910883 5.075446 0.068650 0.000000 0.000000 1.000000 0.410794 0.275065 1 2 1.000000
  2 2.860389 5.075446 -0.324647 0.705765 0.000000 0.708446 0.410794 0.401849 1 2 1.000000
  2 1.910883 6.024947 -0.324647 0.000000 0.707107 0.707107 0.369120 0.275065 1 2 1.000000
..\..\..\Desktop\General\noesis\ds_body
  2 1.910883 5.075446 0.068650 0.000000 0.000000 1.000000 0.410794 0.275065 1 2 1.000000
  2 1.910883 4.125940 -0.324647 0.000000 -0.707107 0.707107 0.452468 0.275065 1 2 1.000000
  2 2.860389 5.075446 -0.324647 0.705765 0.000000 0.708446 0.410794 0.401849 1 2 1.000000
..\..\..\Desktop\General\noesis\ds_body
  2 1.910883 5.075446 0.068650 0.000000 0.000000 1.000000 0.410794 0.275065 1 2 1.000000
  2 0.961379 5.075446 -0.324647 -0.707107 0.000000 0.707107 0.410794 0.148596 1 2 1.000000
  2 1.910883 4.125940 -0.324647 0.000000 -0.707107 0.707107 0.452468 0.275065 1 2 1.000000
..\..\..\Desktop\General\noesis\ds_body
  2 1.910883 4.125940 -0.324647 0.000000 -0.707107 0.707107 0.452468 0.275065 1 2 1.000000
  2 0.961379 5.075446 -0.324647 -0.707107 0.000000 0.707107 0.410794 0.148596 1 2 1.000000
  2 0.961379 4.125940 -1.274152 -0.707107 -0.707107 0.000000 0.491713 0.148596 1 2 1.000000
..\..\..\Desktop\General\noesis\ds_body
  2 1.910883 4.125940 -0.324647 0.000000 -0.707107 0.707107 0.452468 0.275065 1 2 1.000000
  2 0.961379 4.125940 -1.274152 -0.707107 -0.707107 0.000000 0.491713 0.148596 1 2 1.000000
  2 1.910883 3.732647 -1.274152 0.000000 -1.000000 0.000000 0.491713 0.275065 1 2 1.000000
..\..\..\Desktop\General\noesis\ds_body
  2 1.910883 4.125940 -0.324647 0.000000 -0.707107 0.707107 0.452468 0.275065 1 2 1.000000
  2 1.910883 3.732647 -1.274152 0.000000 -1.000000 0.000000 0.491713 0.275065 1 2 1.000000
  2 2.860389 4.125940 -1.274152 0.802156 -0.597115 0.000000 0.491713 0.401849 1 2 1.000000
..\..\..\Desktop\General\noesis\ds_body
  2 2.860389 5.075446 -0.324647 0.705765 0.000000 0.708446 0.410794 0.401849 1 2 1.000000
  2 1.910883 4.125940 -0.324647 0.000000 -0.707107 0.707107 0.452468 0.275065 1 2 1.000000
  2 2.860389 4.125940 -1.274152 0.802156 -0.597115 0.000000 0.491713 0.401849 1 2 1.000000
..\..\..\Desktop\General\noesis\ds_body
  2 1.910883 6.024947 -0.324647 0.000000 0.707107 0.707107 0.369120 0.275065 1 2 1.000000
  2 2.860389 5.075446 -0.324647 0.705765 0.000000 0.708446 0.410794 0.401849 1 2 1.000000
  2 2.860389 6.024957 -1.274152 0.802156 0.597115 0.000000 0.331088 0.401850 1 2 1.000000
..\..\..\Desktop\General\noesis\ds_body
  2 1.910883 6.024947 -0.324647 0.000000 0.707107 0.707107 0.369120 0.275065 1 2 1.000000
  2 2.860389 6.024957 -1.274152 0.802156 0.597115 0.000000 0.331088 0.401850 1 2 1.000000
  2 1.910883 6.418247 -1.274152 0.000000 1.000000 0.000000 0.331089 0.275065 1 2 1.000000
..\..\..\Desktop\General\noesis\ds_body
  2 1.910883 6.024947 -0.324647 0.000000 0.707107 0.707107 0.369120 0.275065 1 2 1.000000
  2 1.910883 6.418247 -1.274152 0.000000 1.000000 0.000000 0.331089 0.275065 1 2 1.000000
  2 0.961379 6.024957 -1.274152 -0.707106 0.707107 0.000000 0.331089 0.148596 1 2 1.000000
..\..\..\Desktop\General\noesis\ds_body
  2 0.961379 5.075446 -0.324647 -0.707107 0.000000 0.707107 0.410794 0.148596 1 2 1.000000
  2 1.910883 6.024947 -0.324647 0.000000 0.707107 0.707107 0.369120 0.275065 1 2 1.000000
  2 0.961379 6.024957 -1.274152 -0.707106 0.707107 0.000000 0.331089 0.148596 1 2 1.000000
..\..\..\Desktop\General\noesis\ds_body
  2 0.961379 5.075446 -0.324647 -0.707107 0.000000 0.707107 0.410794 0.148596 1 2 1.000000
  2 0.961379 6.024957 -1.274152 -0.707106 0.707107 0.000000 0.331089 0.148596 1 2 1.000000
  2 0.568083 5.075446 -1.274152 -1.000000 0.000000 0.000000 0.331089 0.022349 1 2 1.000000
..\..\..\Desktop\General\noesis\ds_body
  2 0.961379 5.075446 -0.324647 -0.707107 0.000000 0.707107 0.410794 0.148596 1 2 1.000000
  2 0.568083 5.075446 -1.274152 -1.000000 0.000000 0.000000 0.331089 0.022349 1 2 1.000000
  2 0.961379 4.125940 -1.274152 -0.707107 -0.707107 0.000000 0.491713 0.148596 1 2 1.000000
..\..\..\Desktop\General\noesis\ds_body
  2 0.961379 5.075446 -2.223657 -0.707107 0.000000 -0.707107 0.410794 0.148596 1 2 1.000000
  2 0.961379 4.125940 -1.274152 -0.707107 -0.707107 0.000000 0.491713 0.148596 1 2 1.000000
  2 0.568083 5.075446 -1.274152 -1.000000 0.000000 0.000000 0.331089 0.022349 1 2 1.000000
..\..\..\Desktop\General\noesis\ds_body
  2 0.961379 5.075446 -2.223657 -0.707107 0.000000 -0.707107 0.410794 0.148596 1 2 1.000000
  2 0.568083 5.075446 -1.274152 -1.000000 0.000000 0.000000 0.331089 0.022349 1 2 1.000000
  2 0.961379 6.024957 -1.274152 -0.707106 0.707107 0.000000 0.331089 0.148596 1 2 1.000000
..\..\..\Desktop\General\noesis\ds_body
  2 1.910883 6.024947 -2.223657 0.000000 0.707107 -0.707107 0.369120 0.275065 1 2 1.000000
  2 1.910883 6.418247 -1.274152 0.000000 1.000000 0.000000 0.331089 0.275065 1 2 1.000000
  2 2.860389 6.024957 -1.274152 0.802156 0.597115 0.000000 0.331088 0.401850 1 2 1.000000
..\..\..\Desktop\General\noesis\ds_body
  2 1.910883 6.024947 -2.223657 0.000000 0.707107 -0.707107 0.369120 0.275065 1 2 1.000000
  2 0.961379 6.024957 -1.274152 -0.707106 0.707107 0.000000 0.331089 0.148596 1 2 1.000000
  2 1.910883 6.418247 -1.274152 0.000000 1.000000 0.000000 0.331089 0.275065 1 2 1.000000
..\..\..\Desktop\General\noesis\ds_body
  2 1.910883 6.024947 -2.223657 0.000000 0.707107 -0.707107 0.369120 0.275065 1 2 1.000000
  2 0.961379 5.075446 -2.223657 -0.707107 0.000000 -0.707107 0.410794 0.148596 1 2 1.000000
  2 0.961379 6.024957 -1.274152 -0.707106 0.707107 0.000000 0.331089 0.148596 1 2 1.000000
..\..\..\Desktop\General\noesis\ds_body
  2 1.910883 5.075446 -2.616960 0.000000 0.000000 -1.000000 0.410794 0.275065 1 2 1.000000
  2 0.961379 5.075446 -2.223657 -0.707107 0.000000 -0.707107 0.410794 0.148596 1 2 1.000000
  2 1.910883 6.024947 -2.223657 0.000000 0.707107 -0.707107 0.369120 0.275065 1 2 1.000000
..\..\..\Desktop\General\noesis\ds_body
  2 1.910883 5.075446 -2.616960 0.000000 0.000000 -1.000000 0.410794 0.275065 1 2 1.000000
  2 1.910883 6.024947 -2.223657 0.000000 0.707107 -0.707107 0.369120 0.275065 1 2 1.000000
  2 2.860389 5.075446 -2.223657 0.705765 0.000000 -0.708446 0.410794 0.401849 1 2 1.000000
..\..\..\Desktop\General\noesis\ds_body
  2 2.860389 5.075446 -2.223657 0.705765 0.000000 -0.708446 0.410794 0.401849 1 2 1.000000
  2 1.910883 6.024947 -2.223657 0.000000 0.707107 -0.707107 0.369120 0.275065 1 2 1.000000
  2 2.860389 6.024957 -1.274152 0.802156 0.597115 0.000000 0.331088 0.401850 1 2 1.000000
..\..\..\Desktop\General\noesis\ds_body
  2 1.910883 4.125940 -2.223657 0.000000 -0.707107 -0.707107 0.452468 0.275065 1 2 1.000000
  2 2.860389 5.075446 -2.223657 0.705765 0.000000 -0.708446 0.410794 0.401849 1 2 1.000000
  2 2.860389 4.125940 -1.274152 0.802156 -0.597115 0.000000 0.491713 0.401849 1 2 1.000000
..\..\..\Desktop\General\noesis\ds_body
  2 1.910883 4.125940 -2.223657 0.000000 -0.707107 -0.707107 0.452468 0.275065 1 2 1.000000
  2 1.910883 3.732647 -1.274152 0.000000 -1.000000 0.000000 0.491713 0.275065 1 2 1.000000
  2 0.961379 4.125940 -1.274152 -0.707107 -0.707107 0.000000 0.491713 0.148596 1 2 1.000000
..\..\..\Desktop\General\noesis\ds_body
  2 1.910883 5.075446 -2.616960 0.000000 0.000000 -1.000000 0.410794 0.275065 1 2 1.000000
  2 1.910883 4.125940 -2.223657 0.000000 -0.707107 -0.707107 0.452468 0.275065 1 2 1.000000
  2 0.961379 5.075446 -2.223657 -0.707107 0.000000 -0.707107 0.410794 0.148596 1 2 1.000000
..\..\..\Desktop\General\noesis\ds_body
  2 1.910883 5.075446 -2.616960 0.000000 0.000000 -1.000000 0.410794 0.275065 1 2 1.000000
  2 2.860389 5.075446 -2.223657 0.705765 0.000000 -0.708446 0.410794 0.401849 1 2 1.000000
  2 1.910883 4.125940 -2.223657 0.000000 -0.707107 -0.707107 0.452468 0.275065 1 2 1.000000
..\..\..\Desktop\General\noesis\ds_body
  2 0.961379 5.075446 -2.223657 -0.707107 0.000000 -0.707107 0.410794 0.148596 1 2 1.000000
  2 1.910883 4.125940 -2.223657 0.000000 -0.707107 -0.707107 0.452468 0.275065 1 2 1.000000
  2 0.961379 4.125940 -1.274152 -0.707107 -0.707107 0.000000 0.491713 0.148596 1 2 1.000000
..\..\..\Desktop\General\noesis\ds_body
  2 1.910883 4.125940 -2.223657 0.000000 -0.707107 -0.707107 0.452468 0.275065 1 2 1.000000
  2 2.860389 4.125940 -1.274152 0.802156 -0.597115 0.000000 0.491713 0.401849 1 2 1.000000
  2 1.910883 3.732647 -1.274152 0.000000 -1.000000 0.000000 0.491713 0.275065 1 2 1.000000
..\..\..\Desktop\General\noesis\ds_body
  2 2.860389 5.075446 -2.223657 0.705765 0.000000 -0.708446 0.419944 0.537042 1 2 1.000000
  2 2.860389 6.024957 -1.274152 0.802156 0.597115 0.000000 0.363503 0.424160 1 2 1.000000
  2 2.860389 4.125940 -1.274152 0.802156 -0.597115 0.000000 0.476385 0.424160 1 2 1.000000
..\..\..\Desktop\General\noesis\ds_body
  2 2.860389 6.024957 -1.274152 0.802156 0.597115 0.000000 0.363503 0.424160 1 2 1.000000
  2 2.860389 5.075446 -0.324647 0.705765 0.000000 0.708446 0.419944 0.537042 1 2 1.000000
  2 2.860389 4.125940 -1.274152 0.802156 -0.597115 0.000000 0.476385 0.424160 1 2 1.000000
..\..\..\Desktop\General\noesis\ds_body
  2 2.730137 4.480548 -1.254126 -0.017939 -0.999668 0.018477 0.017468 0.118259 1 2 1.000000
  2 4.181783 4.485830 -1.251717 0.040542 -0.999157 0.006491 0.100505 0.118258 1 2 1.000000
  2 4.127753 4.978292 -0.746585 0.047978 0.035016 0.998235 0.095295 0.078540 1 2 1.000000
..\..\..\Desktop\General\noesis\ds_body
  2 4.181783 4.485830 -1.251717 0.040542 -0.999157 0.006491 0.100505 0.118258 1 2 1.000000
  2 2.730137 4.480548 -1.254126 -0.017939 -0.999668 0.018477 0.017468 0.118259 1 2 1.000000
  2 4.206423 4.968383 -1.802119 0.043547 0.041908 -0.998172 0.095295 0.078540 1 2 1.000000
..\..\..\Desktop\General\noesis\ds_body
  2 2.742052 5.060519 -0.709922 0.030728 0.073380 0.996831 0.017468 0.078540 1 2 1.000000
  2 2.730137 4.480548 -1.254126 -0.017939 -0.999668 0.018477 0.017468 0.118259 1 2 1.000000
  2 4.127753 4.978292 -0.746585 0.047978 0.035016 0.998235 0.095295 0.078540 1 2 1.000000
..\..\..\Desktop\General\noesis\ds_body
  2 4.181783 5.419396 -1.251717 0.057802 0.998325 0.002539 0.100505 0.037523 1 2 1.000000
  2 2.730137 5.491433 -1.254126 0.057802 0.998325 0.002539 0.017468 0.037523 1 2 1.000000
  2 4.127753 4.978292 -0.746585 0.047978 0.035016 0.998235 0.095295 0.078540 1 2 1.000000
..\..\..\Desktop\General\noesis\ds_body
  2 2.730137 5.491433 -1.254126 0.057802 0.998325 0.002539 0.017468 0.037523 1 2 1.000000
  2 4.181783 5.419396 -1.251717 0.057802 0.998325 0.002539 0.100505 0.037523 1 2 1.000000
  2 4.206423 4.968383 -1.802119 0.043547 0.041908 -0.998172 0.095295 0.078540 1 2 1.000000
..\..\..\Desktop\General\noesis\ds_body
  2 2.730137 5.491433 -1.254126 0.057802 0.998325 0.002539 0.017468 0.037523 1 2 1.000000
  2 2.742052 5.060519 -0.709922 0.030728 0.073380 0.996831 0.017468 0.078540 1 2 1.000000
  2 4.127753 4.978292 -0.746585 0.047978 0.035016 0.998235 0.095295 0.078540 1 2 1.000000
..\..\..\Desktop\General\noesis\ds_body
  2 2.730137 4.480548 -1.254126 -0.017939 -0.999668 0.018477 0.017468 0.118259 1 2 1.000000
  2 2.774925 5.055264 -1.816554 0.014332 0.070428 -0.997414 0.017468 0.078540 1 2 1.000000
  2 4.206423 4.968383 -1.802119 0.043547 0.041908 -0.998172 0.095295 0.078540 1 2 1.000000
..\..\..\Desktop\General\noesis\ds_body
  2 2.774925 5.055264 -1.816554 0.014332 0.070428 -0.997414 0.017468 0.078540 1 2 1.000000
  2 2.730137 5.491433 -1.254126 0.057802 0.998325 0.002539 0.017468 0.037523 1 2 1.000000
  2 4.206423 4.968383 -1.802119 0.043547 0.041908 -0.998172 0.095295 0.078540 1 2 1.000000
..\..\..\Desktop\General\noesis\ds_body
  2 3.218183 5.052901 -0.349558 -0.513734 0.045693 0.856732 0.424194 0.862486 1 2 1.000000
  2 3.247383 5.845795 -1.256467 -0.450630 0.892656 -0.009864 0.424194 0.978702 1 2 1.000000
  2 1.646605 5.037306 -1.291110 -0.995413 0.092872 -0.022964 0.490181 0.862486 1 2 1.000000
..\..\..\Desktop\General\noesis\ds_body
  2 3.218183 5.052901 -0.349558 -0.513734 0.045693 0.856732 0.424194 0.862486 1 2 1.000000
  2 1.646605 5.037306 -1.291110 -0.995413 0.092872 -0.022964 0.490181 0.862486 1 2 1.000000
  2 3.243093 4.094243 -1.256467 -0.508366 -0.861054 -0.012296 0.424194 0.755591 1 2 1.000000
..\..\..\Desktop\General\noesis\ds_body
  2 3.243093 4.094243 -1.256467 -0.508366 -0.861054 -0.012296 0.424194 0.755591 1 2 1.000000
  2 1.646605 5.037306 -1.291110 -0.995413 0.092872 -0.022964 0.490181 0.862486 1 2 1.000000
  2 3.281763 5.055280 -2.174110 -0.475036 0.046557 -0.878734 0.424194 0.862486 1 2 1.000000
..\..\..\Desktop\General\noesis\ds_body
  2 3.281763 5.055280 -2.174110 -0.475036 0.046557 -0.878734 0.424194 0.862486 1 2 1.000000
  2 1.646605 5.037306 -1.291110 -0.995413 0.092872 -0.022964 0.490181 0.862486 1 2 1.000000
  2 3.247383 5.845795 -1.256467 -0.450630 0.892656 -0.009864 0.424194 0.978702 1 2 1.000000
..\..\..\Desktop\General\noesis\ds_body
  2 3.218183 5.052901 -0.349558 0.868663 -0.035986 -0.494094 0.177225 0.015908 1 2 1.000000
  2 2.681981 5.037306 -1.291110 0.998386 -0.042727 0.037420 0.177225 0.138232 1 2 1.000000
  2 3.247383 5.845795 -1.256467 0.818521 -0.573702 0.029825 0.123366 0.015908 1 2 1.000000
..\..\..\Desktop\General\noesis\ds_body
  2 3.218183 5.052901 -0.349558 0.868663 -0.035986 -0.494094 0.177225 0.015908 1 2 1.000000
  2 3.243093 4.094243 -1.256467 0.858382 0.511946 0.033041 0.226765 0.015908 1 2 1.000000
  2 2.681981 5.037306 -1.291110 0.998386 -0.042727 0.037420 0.177225 0.138232 1 2 1.000000
..\..\..\Desktop\General\noesis\ds_body
  2 3.243093 4.094243 -1.256467 0.858382 0.511946 0.033041 0.226765 0.015908 1 2 1.000000
  2 3.281763 5.055280 -2.174110 0.827005 -0.036589 0.561002 0.177225 0.015908 1 2 1.000000
  2 2.681981 5.037306 -1.291110 0.998386 -0.042727 0.037420 0.177225 0.138232 1 2 1.000000
..\..\..\Desktop\General\noesis\ds_body
  2 3.281763 5.055280 -2.174110 0.827005 -0.036589 0.561002 0.177225 0.015908 1 2 1.000000
  2 3.247383 5.845795 -1.256467 0.818521 -0.573702 0.029825 0.123366 0.015908 1 2 1.000000
  2 2.681981 5.037306 -1.291110 0.998386 -0.042727 0.037420 0.177225 0.138232 1 2 1.000000
..\..\..\Desktop\General\noesis\ds_body
  1 5.388493 4.970989 -0.499112 -0.999416 -0.016713 -0.029814 0.234653 0.071098 1 1 1.000000
  1 5.439193 4.972912 -2.199671 -0.999416 -0.016713 -0.029814 0.309269 0.071098 1 1 1.000000
  1 5.426063 4.230666 -1.343659 -0.999416 -0.016713 -0.029814 0.271689 0.015285 1 1 1.000000
..\..\..\Desktop\General\noesis\ds_body
  1 5.388493 4.970989 -0.499112 -0.999427 0.016074 -0.029777 0.234653 0.071098 1 1 1.000000
  1 5.422903 5.672324 -1.275407 -0.999427 0.016074 -0.029777 0.271689 0.132536 1 1 1.000000
  1 5.439193 4.972912 -2.199671 -0.999427 0.016074 -0.029777 0.309269 0.071098 1 1 1.000000
..\..\..\Desktop\General\noesis\ds_body
  1 5.388493 4.970989 -0.499112 0.465624 -0.274361 0.841380 0.510422 0.024973 1 1 1.000000
  1 5.967653 5.047179 -0.809198 -0.110320 0.251903 0.961444 0.510422 0.086486 1 1 1.000000
  1 5.422903 5.672324 -1.275407 0.435529 0.899212 0.041626 0.561312 0.024973 1 1 1.000000
..\..\..\Desktop\General\noesis\ds_body
  1 5.967653 5.047179 -0.809198 -0.110320 0.251903 0.961444 0.510422 0.086486 1 1 1.000000
  1 5.388493 4.970989 -0.499112 0.465624 -0.274361 0.841380 0.510422 0.024973 1 1 1.000000
  1 5.978993 4.564334 -1.307677 0.072396 -0.995614 -0.059257 0.458554 0.086486 1 1 1.000000
..\..\..\Desktop\General\noesis\ds_body
  1 5.388493 4.970989 -0.499112 0.465624 -0.274361 0.841380 0.510422 0.024973 1 1 1.000000
  1 5.426063 4.230666 -1.343659 0.515372 -0.856627 0.024117 0.458554 0.024973 1 1 1.000000
  1 5.978993 4.564334 -1.307677 0.072396 -0.995614 -0.059257 0.458554 0.086486 1 1 1.000000
..\..\..\Desktop\General\noesis\ds_body
  1 5.967653 5.047179 -0.809198 -0.110320 0.251903 0.961444 0.510422 0.086486 1 1 1.000000
  1 5.990203 5.340554 -1.282971 0.000000 1.000000 0.000000 0.561312 0.086486 1 1 1.000000
  1 5.422903 5.672324 -1.275407 0.435529 0.899212 0.041626 0.561312 0.024973 1 1 1.000000
..\..\..\Desktop\General\noesis\ds_body
  1 5.422903 5.672324 -1.275407 0.435529 0.899212 0.041626 0.561312 0.024973 1 1 1.000000
  1 5.990203 5.340554 -1.282971 0.000000 1.000000 0.000000 0.561312 0.086486 1 1 1.000000
  1 6.011723 5.040174 -1.807030 0.048573 0.278302 -0.959265 0.612546 0.086486 1 1 1.000000
..\..\..\Desktop\General\noesis\ds_body
  1 5.439193 4.972912 -2.199671 0.557445 -0.256928 -0.789458 0.612546 0.024973 1 1 1.000000
  1 5.422903 5.672324 -1.275407 0.435529 0.899212 0.041626 0.561312 0.024973 1 1 1.000000
  1 6.011723 5.040174 -1.807030 0.048573 0.278302 -0.959265 0.612546 0.086486 1 1 1.000000
..\..\..\Desktop\General\noesis\ds_body
  1 5.439193 4.972912 -2.199671 0.557445 -0.256928 -0.789458 0.612546 0.024973 1 1 1.000000
  1 6.011723 5.040174 -1.807030 0.048573 0.278302 -0.959265 0.612546 0.086486 1 1 1.000000
  1 5.978993 4.564334 -1.307677 0.072396 -0.995614 -0.059257 0.664414 0.086486 1 1 1.000000
..\..\..\Desktop\General\noesis\ds_body
  1 5.426063 4.230666 -1.343659 0.515372 -0.856627 0.024117 0.664414 0.024973 1 1 1.000000
  1 5.439193 4.972912 -2.199671 0.557445 -0.256928 -0.789458 0.612546 0.024973 1 1 1.000000
  1 5.978993 4.564334 -1.307677 0.072396 -0.995614 -0.059257 0.664414 0.086486 1 1 1.000000
..\..\..\Desktop\General\noesis\ds_body
  0 6.680776 5.151828 -1.994434 -0.096063 0.519620 -0.848980 0.611262 0.424051 1 0 1.000000
  1 6.011723 5.040174 -1.807030 0.048573 0.278302 -0.959265 0.607020 0.498577 1 1 1.000000
  1 5.990203 5.340554 -1.282971 0.000000 1.000000 0.000000 0.582495 0.498577 1 1 1.000000
..\..\..\Desktop\General\noesis\ds_body
  1 5.990203 5.340554 -1.282971 0.000000 1.000000 0.000000 0.582495 0.498577 1 1 1.000000
  0 6.617208 5.431802 -1.278207 0.021919 0.999224 -0.032728 0.582495 0.435167 1 0 1.000000
  0 6.680776 5.151828 -1.994434 -0.096063 0.519620 -0.848980 0.611262 0.424051 1 0 1.000000
..\..\..\Desktop\General\noesis\ds_body
  0 6.657989 5.158818 -0.437609 -0.138847 0.511226 0.848156 0.535063 0.458406 1 0 1.000000
  0 6.617208 5.431802 -1.278207 0.021919 0.999224 -0.032728 0.582495 0.435167 1 0 1.000000
  1 5.990203 5.340554 -1.282971 0.000000 1.000000 0.000000 0.582495 0.498577 1 1 1.000000
..\..\..\Desktop\General\noesis\ds_body
  1 5.967653 5.047179 -0.809198 -0.110320 0.251903 0.961444 0.563131 0.498577 1 1 1.000000
  0 6.657989 5.158818 -0.437609 -0.138847 0.511226 0.848156 0.535063 0.458406 1 0 1.000000
  1 5.990203 5.340554 -1.282971 0.000000 1.000000 0.000000 0.582495 0.498577 1 1 1.000000
..\..\..\Desktop\General\noesis\ds_body
  0 6.617208 5.431802 -1.278207 0.021919 0.999224 -0.032728 0.582495 0.435167 1 0 1.000000
  0 6.657989 5.158818 -0.437609 -0.138847 0.511226 0.848156 0.535063 0.458406 1 0 1.000000
  0 7.365912 5.200920 -0.585756 0.742105 0.574707 0.344952 0.547976 0.332420 1 0 1.000000
..\..\..\Desktop\General\noesis\ds_body
  0 7.338663 5.150715 -1.932872 0.525367 0.679771 -0.511763 0.598618 0.332419 1 0 1.000000
  0 6.617208 5.431802 -1.278207 0.021919 0.999224 -0.032728 0.582495 0.435167 1 0 1.000000
  0 7.365912 5.200920 -0.585756 0.742105 0.574707 0.344952 0.547976 0.332420 1 0 1.000000
..\..\..\Desktop\General\noesis\ds_body
  0 6.680776 5.151828 -1.994434 -0.096063 0.519620 -0.848980 0.611262 0.424051 1 0 1.000000
  0 6.617208 5.431802 -1.278207 0.021919 0.999224 -0.032728 0.582495 0.435167 1 0 1.000000
  0 7.338663 5.150715 -1.932872 0.525367 0.679771 -0.511763 0.598618 0.332419 1 0 1.000000
..\..\..\Desktop\General\noesis\ds_body
  0 7.338663 5.150715 -1.932872 0.525367 0.679771 -0.511763 0.598618 0.332419 1 0 1.000000
  0 7.365912 5.200920 -0.585756 0.742105 0.574707 0.344952 0.547976 0.332420 1 0 1.000000
  0 7.355992 4.526050 -1.920824 0.624509 -0.490104 -0.608101 0.598618 0.266270 1 0 1.000000
..\..\..\Desktop\General\noesis\ds_body
  0 7.365912 5.200920 -0.585756 0.742105 0.574707 0.344952 0.547976 0.332420 1 0 1.000000
  0 7.413403 4.513389 -0.613679 0.608147 -0.379611 0.697175 0.547976 0.266270 1 0 1.000000
  0 7.355992 4.526050 -1.920824 0.624509 -0.490104 -0.608101 0.598618 0.266270 1 0 1.000000
..\..\..\Desktop\General\noesis\ds_body
  0 7.413403 4.513389 -0.613679 0.608147 -0.379611 0.697175 0.547976 0.266270 1 0 1.000000
  0 6.704564 4.258064 -0.567499 -0.230921 -0.869417 0.436794 0.542166 0.189553 1 0 1.000000
  0 7.355992 4.526050 -1.920824 0.624509 -0.490104 -0.608101 0.598618 0.266270 1 0 1.000000
..\..\..\Desktop\General\noesis\ds_body
  0 6.657989 5.158818 -0.437609 -0.138847 0.511226 0.848156 0.504770 0.183212 1 0 1.000000
  0 6.704564 4.258064 -0.567499 -0.230921 -0.869417 0.436794 0.542166 0.189553 1 0 1.000000
  0 7.413403 4.513389 -0.613679 0.608147 -0.379611 0.697175 0.547976 0.266270 1 0 1.000000
..\..\..\Desktop\General\noesis\ds_body
  0 6.657989 5.158818 -0.437609 -0.138847 0.511226 0.848156 0.504770 0.183212 1 0 1.000000
  1 5.967653 5.047179 -0.809198 -0.110320 0.251903 0.961444 0.519969 0.114363 1 1 1.000000
  0 6.704564 4.258064 -0.567499 -0.230921 -0.869417 0.436794 0.542166 0.189553 1 0 1.000000
..\..\..\Desktop\General\noesis\ds_body
  1 5.967653 5.047179 -0.809198 -0.110320 0.251903 0.961444 0.519969 0.114363 1 1 1.000000
  1 5.978993 4.564334 -1.307677 0.072396 -0.995614 -0.059257 0.571838 0.114363 1 1 1.000000
  0 6.704564 4.258064 -0.567499 -0.230921 -0.869417 0.436794 0.542166 0.189553 1 0 1.000000
..\..\..\Desktop\General\noesis\ds_body
  1 5.978993 4.564334 -1.307677 0.072396 -0.995614 -0.059257 0.571838 0.114363 1 1 1.000000
  0 6.706191 4.608939 -1.966864 -0.235087 -0.635136 -0.735756 0.602880 0.169956 1 0 1.000000
  0 6.704564 4.258064 -0.567499 -0.230921 -0.869417 0.436794 0.542166 0.189553 1 0 1.000000
..\..\..\Desktop\General\noesis\ds_body
  0 6.704564 4.258064 -0.567499 -0.230921 -0.869417 0.436794 0.542166 0.189553 1 0 1.000000
  0 6.706191 4.608939 -1.966864 -0.235087 -0.635136 -0.735756 0.602880 0.169956 1 0 1.000000
  0 7.355992 4.526050 -1.920824 0.624509 -0.490104 -0.608101 0.598618 0.266270 1 0 1.000000
..\..\..\Desktop\General\noesis\ds_body
  0 6.706191 4.608939 -1.966864 -0.235087 -0.635136 -0.735756 0.602880 0.169956 1 0 1.000000
  1 5.978993 4.564334 -1.307677 0.072396 -0.995614 -0.059257 0.571838 0.114363 1 1 1.000000
  1 6.011723 5.040174 -1.807030 0.048573 0.278302 -0.959265 0.623071 0.114363 1 1 1.000000
..\..\..\Desktop\General\noesis\ds_body
  0 6.706191 4.608939 -1.966864 -0.235087 -0.635136 -0.735756 0.602880 0.169956 1 0 1.000000
  1 6.011723 5.040174 -1.807030 0.048573 0.278302 -0.959265 0.623071 0.114363 1 1 1.000000
  0 6.680776 5.151828 -1.994434 -0.096063 0.519620 -0.848980 0.628907 0.170213 1 0 1.000000
..\..\..\Desktop\General\noesis\ds_body
  0 7.355992 4.526050 -1.920824 0.624509 -0.490104 -0.608101 0.598618 0.266270 1 0 1.000000
  0 6.706191 4.608939 -1.966864 -0.235087 -0.635136 -0.735756 0.602880 0.169956 1 0 1.000000
  0 6.680776 5.151828 -1.994434 -0.096063 0.519620 -0.848980 0.628907 0.170213 1 0 1.000000
..\..\..\Desktop\General\noesis\ds_body
  0 7.355992 4.526050 -1.920824 0.624509 -0.490104 -0.608101 0.598618 0.266270 1 0 1.000000
  0 6.680776 5.151828 -1.994434 -0.096063 0.519620 -0.848980 0.628907 0.170213 1 0 1.000000
  0 7.338663 5.150715 -1.932872 0.525367 0.679771 -0.511763 0.628981 0.266270 1 0 1.000000
..\..\..\Desktop\General\noesis\ds_body
  0 7.365912 5.200920 -0.585756 0.742105 0.574707 0.344952 0.504770 0.266270 1 0 1.000000
  0 6.657989 5.158818 -0.437609 -0.138847 0.511226 0.848156 0.504770 0.183212 1 0 1.000000
  0 7.413403 4.513389 -0.613679 0.608147 -0.379611 0.697175 0.547976 0.266270 1 0 1.000000
..\..\..\Desktop\General\noesis\ds_body
  9 -1.796698 0.685181 -1.697856 -0.723318 -0.440276 0.531948 0.083893 0.556064 1 9 1.000000
  10 -1.859570 2.435140 -1.328295 -0.618930 0.473939 -0.626345 0.077859 0.679381 1 10 1.000000
  10 0.000000 1.967040 -2.152796 0.000000 0.167516 -0.985869 0.010300 0.633283 1 10 1.000000
..\..\..\Desktop\General\noesis\ds_body
  10 -1.859570 2.435140 -1.328295 -0.618930 0.473939 -0.626345 0.077859 0.679381 1 10 1.000000
  9 -1.796698 0.685181 -1.697856 -0.723318 -0.440276 0.531948 0.083893 0.556064 1 9 1.000000
  9 -2.465086 1.526249 0.218982 -0.042014 0.388083 0.920666 0.143526 0.689345 1 9 1.000000
..\..\..\Desktop\General\noesis\ds_body
  10 -1.859570 2.435140 -1.328295 -0.618930 0.473939 -0.626345 0.077859 0.679381 1 10 1.000000
  9 -2.465086 1.526249 0.218982 -0.042014 0.388083 0.920666 0.143526 0.689345 1 9 1.000000
  10 -1.138990 3.048330 -1.057756 -0.509005 0.860456 -0.023002 0.061583 0.774489 1 10 1.000000
..\..\..\Desktop\General\noesis\ds_body
  10 -1.138990 3.048330 -1.057756 -0.509005 0.860456 -0.023002 0.061583 0.774489 1 10 1.000000
  8 0.000000 2.954539 -1.735234 0.565563 0.000000 -0.824705 0.010300 0.734332 1 8 1.000000
  10 -1.859570 2.435140 -1.328295 -0.618930 0.473939 -0.626345 0.077859 0.679381 1 10 1.000000
..\..\..\Desktop\General\noesis\ds_body
  8 0.000000 2.954539 -1.735234 0.565563 0.000000 -0.824705 0.010300 0.734332 1 8 1.000000
  10 0.000000 1.967040 -2.152796 0.000000 0.167516 -0.985869 0.010300 0.633283 1 10 1.000000
  10 -1.859570 2.435140 -1.328295 -0.618930 0.473939 -0.626345 0.077859 0.679381 1 10 1.000000
..\..\..\Desktop\General\noesis\ds_body
  8 0.000000 2.954539 -1.735234 0.565563 0.000000 -0.824705 0.010300 0.734332 1 8 1.000000
  10 1.859570 2.435140 -1.328295 0.618930 0.473939 -0.626345 0.077859 0.679381 1 10 1.000000
  10 0.000000 1.967040 -2.152796 0.000000 0.167516 -0.985869 0.010300 0.633283 1 10 1.000000
..\..\..\Desktop\General\noesis\ds_body
  10 1.138990 3.048330 -1.057756 0.509005 0.860456 -0.023002 0.061583 0.774489 1 10 1.000000
  10 1.859570 2.435140 -1.328295 0.618930 0.473939 -0.626345 0.077859 0.679381 1 10 1.000000
  8 0.000000 2.954539 -1.735234 0.565563 0.000000 -0.824705 0.010300 0.734332 1 8 1.000000
..\..\..\Desktop\General\noesis\ds_body
  10 1.859570 2.435140 -1.328295 0.618930 0.473939 -0.626345 0.077859 0.679381 1 10 1.000000
  10 1.138990 3.048330 -1.057756 0.509005 0.860456 -0.023002 0.061583 0.774489 1 10 1.000000
  9 2.465075 1.526249 0.219018 -0.042014 0.388083 -0.920666 0.143526 0.689345 1 9 1.000000
..\..\..\Desktop\General\noesis\ds_body
  10 1.859570 2.435140 -1.328295 0.618930 0.473939 -0.626345 0.077859 0.679381 1 10 1.000000
  9 2.465075 1.526249 0.219018 -0.042014 0.388083 -0.920666 0.143526 0.689345 1 9 1.000000
  9 1.796702 0.685181 -1.697829 -0.723318 -0.440276 -0.531948 0.083893 0.556064 1 9 1.000000
..\..\..\Desktop\General\noesis\ds_body
  9 1.796702 0.685181 -1.697829 -0.723318 -0.440276 -0.531948 0.083893 0.556064 1 9 1.000000
  10 0.000000 1.967040 -2.152796 0.000000 0.167516 -0.985869 0.010300 0.633283 1 10 1.000000
  10 1.859570 2.435140 -1.328295 0.618930 0.473939 -0.626345 0.077859 0.679381 1 10 1.000000
..\..\..\Desktop\General\noesis\ds_body
  10 0.000000 1.967040 -2.152796 0.000000 0.167516 -0.985869 0.010300 0.633283 1 10 1.000000
  9 1.796702 0.685181 -1.697829 -0.723318 -0.440276 -0.531948 0.083893 0.556064 1 9 1.000000
  9 -1.796698 0.685181 -1.697856 -0.723318 -0.440276 0.531948 0.083893 0.556064 1 9 1.000000
..\..\..\Desktop\General\noesis\ds_body
  9 -0.000014 -1.533490 2.654180 -0.411300 -0.911500 0.000000 0.361551 0.556064 1 9 1.000000
  9 -1.796698 0.685181 -1.697856 -0.723318 -0.440276 0.531948 0.083893 0.556064 1 9 1.000000
  9 1.796702 0.685181 -1.697829 -0.723318 -0.440276 -0.531948 0.083893 0.556064 1 9 1.000000
..\..\..\Desktop\General\noesis\ds_body
  9 -1.796698 0.685181 -1.697856 -0.723318 -0.440276 0.531948 0.083893 0.556064 1 9 1.000000
  9 -0.000014 -1.533490 2.654180 -0.411300 -0.911500 0.000000 0.361551 0.556064 1 9 1.000000
  9 -3.058867 -1.143680 3.264808 -0.060444 -0.058295 0.996468 0.361551 0.591631 1 9 1.000000
..\..\..\Desktop\General\noesis\ds_body
  9 -2.465086 1.526249 0.218982 -0.042014 0.388083 0.920666 0.143526 0.689345 1 9 1.000000
  9 -1.796698 0.685181 -1.697856 -0.723318 -0.440276 0.531948 0.083893 0.556064 1 9 1.000000
  9 -3.058867 -1.143680 3.264808 -0.060444 -0.058295 0.996468 0.361551 0.591631 1 9 1.000000
..\..\..\Desktop\General\noesis\ds_body
  9 -2.465086 1.526249 0.218982 -0.042014 0.388083 0.920666 0.143526 0.689345 1 9 1.000000
  9 -3.058867 -1.143680 3.264808 -0.060444 -0.058295 0.996468 0.361551 0.591631 1 9 1.000000
  9 -1.887043 1.857233 2.240096 0.406540 0.786370 0.465131 0.231497 0.795380 1 9 1.000000
..\..\..\Desktop\General\noesis\ds_body
  10 -1.138990 3.048330 -1.057756 -0.509005 0.860456 -0.023002 0.061583 0.774489 1 10 1.000000
  9 -2.465086 1.526249 0.218982 -0.042014 0.388083 0.920666 0.143526 0.689345 1 9 1.000000
  9 -1.887043 1.857233 2.240096 0.406540 0.786370 0.465131 0.231497 0.795380 1 9 1.000000
..\..\..\Desktop\General\noesis\ds_body
  10 -1.138990 3.048330 -1.057756 -0.509005 0.860456 -0.023002 0.061583 0.774489 1 10 1.000000
  9 -1.887043 1.857233 2.240096 0.406540 0.786370 0.465131 0.231497 0.795380 1 9 1.000000
  10 0.000000 2.822430 -0.117930 0.000000 0.946443 0.322870 0.100158 0.928409 1 10 1.000000
..\..\..\Desktop\General\noesis\ds_body
  10 0.000000 2.822430 -0.117930 0.000000 0.946443 0.322870 0.100158 0.928409 1 10 1.000000
  9 -1.887043 1.857233 2.240096 0.406540 0.786370 0.465131 0.231497 0.795380 1 9 1.000000
  9 -0.000013 2.002773 2.291710 0.484227 0.874943 0.000000 0.231497 0.964264 1 9 1.000000
..\..\..\Desktop\General\noesis\ds_body
  10 1.138990 3.048330 -1.057756 0.509005 0.860456 -0.023002 0.061583 0.774489 1 10 1.000000
  9 1.887017 1.857233 2.240124 0.406540 0.786370 -0.465131 0.231497 0.795380 1 9 1.000000
  9 2.465075 1.526249 0.219018 -0.042014 0.388083 -0.920666 0.143526 0.689345 1 9 1.000000
..\..\..\Desktop\General\noesis\ds_body
  10 0.000000 2.822430 -0.117930 0.000000 0.946443 0.322870 0.100158 0.928409 1 10 1.000000
  9 -0.000013 2.002773 2.291710 0.484227 0.874943 0.000000 0.231497 0.964264 1 9 1.000000
  9 1.887017 1.857233 2.240124 0.406540 0.786370 -0.465131 0.231497 0.795380 1 9 1.000000
..\..\..\Desktop\General\noesis\ds_body
  10 1.138990 3.048330 -1.057756 0.509005 0.860456 -0.023002 0.061583 0.774489 1 10 1.000000
  10 0.000000 2.822430 -0.117930 0.000000 0.946443 0.322870 0.100158 0.928409 1 10 1.000000
  9 1.887017 1.857233 2.240124 0.406540 0.786370 -0.465131 0.231497 0.795380 1 9 1.000000
..\..\..\Desktop\General\noesis\ds_body
  9 1.796702 0.685181 -1.697829 -0.723318 -0.440276 -0.531948 0.083893 0.556064 1 9 1.000000
  9 3.058834 -1.143680 3.264852 -0.060444 -0.058295 -0.996468 0.361551 0.591631 1 9 1.000000
  9 -0.000014 -1.533490 2.654180 -0.411300 -0.911500 0.000000 0.361551 0.556064 1 9 1.000000
..\..\..\Desktop\General\noesis\ds_body
  9 2.465075 1.526249 0.219018 -0.042014 0.388083 -0.920666 0.143526 0.689345 1 9 1.000000
  9 1.887017 1.857233 2.240124 0.406540 0.786370 -0.465131 0.231497 0.795380 1 9 1.000000
  9 3.058834 -1.143680 3.264852 -0.060444 -0.058295 -0.996468 0.361551 0.591631 1 9 1.000000
..\..\..\Desktop\General\noesis\ds_body
  9 2.465075 1.526249 0.219018 -0.042014 0.388083 -0.920666 0.143526 0.689345 1 9 1.000000
  9 3.058834 -1.143680 3.264852 -0.060444 -0.058295 -0.996468 0.361551 0.591631 1 9 1.000000
  9 1.796702 0.685181 -1.697829 -0.723318 -0.440276 -0.531948 0.083893 0.556064 1 9 1.000000
..\..\..\Desktop\General\noesis\ds_body
  9 2.206210 -0.091060 4.142566 0.535730 0.617482 -0.575943 0.361551 0.774488 1 9 1.000000
  9 3.058834 -1.143680 3.264852 -0.060444 -0.058295 -0.996468 0.361551 0.591631 1 9 1.000000
  9 1.887017 1.857233 2.240124 0.406540 0.786370 -0.465131 0.231497 0.795380 1 9 1.000000
..\..\..\Desktop\General\noesis\ds_body
  9 1.887017 1.857233 2.240124 0.406540 0.786370 -0.465131 0.231497 0.795380 1 9 1.000000
  9 -0.000021 0.115340 4.611400 0.664706 0.747105 0.000000 0.361551 0.981699 1 9 1.000000
  9 2.206210 -0.091060 4.142566 0.535730 0.617482 -0.575943 0.361551 0.774488 1 9 1.000000
..\..\..\Desktop\General\noesis\ds_body
  9 -0.000021 0.115340 4.611400 0.664706 0.747105 0.000000 0.361551 0.981699 1 9 1.000000
  9 1.887017 1.857233 2.240124 0.406540 0.786370 -0.465131 0.231497 0.795380 1 9 1.000000
  9 -0.000013 2.002773 2.291710 0.484227 0.874943 0.000000 0.231497 0.964264 1 9 1.000000
..\..\..\Desktop\General\noesis\ds_body
  9 -0.000021 0.115340 4.611400 0.664706 0.747105 0.000000 0.361551 0.981699 1 9 1.000000
  9 -0.000013 2.002773 2.291710 0.484227 0.874943 0.000000 0.231497 0.964264 1 9 1.000000
  9 -1.887043 1.857233 2.240096 0.406540 0.786370 0.465131 0.231497 0.795380 1 9 1.000000
..\..\..\Desktop\General\noesis\ds_body
  9 -1.887043 1.857233 2.240096 0.406540 0.786370 0.465131 0.231497 0.795380 1 9 1.000000
  9 -2.206249 -0.091060 4.142534 0.535730 0.617482 0.575943 0.361551 0.774488 1 9 1.000000
  9 -0.000021 0.115340 4.611400 0.664706 0.747105 0.000000 0.361551 0.981699 1 9 1.000000
..\..\..\Desktop\General\noesis\ds_body
  9 -2.206249 -0.091060 4.142534 0.535730 0.617482 0.575943 0.361551 0.774488 1 9 1.000000
  9 -1.887043 1.857233 2.240096 0.406540 0.786370 0.465131 0.231497 0.795380 1 9 1.000000
  9 -3.058867 -1.143680 3.264808 -0.060444 -0.058295 0.996468 0.361551 0.591631 1 9 1.000000
..\..\..\Desktop\General\noesis\ds_body
  9 -3.058867 -1.143680 3.264808 0.740950 -0.668626 -0.062709 0.416513 0.774488 1 9 1.000000
  9 -0.000014 -1.533490 2.654180 0.694973 -0.719036 0.000000 0.416513 0.981699 1 9 1.000000
  9 -2.206249 -0.091060 4.142534 0.694973 -0.719036 0.000000 0.361551 0.774488 1 9 1.000000
..\..\..\Desktop\General\noesis\ds_body
  9 -0.000014 -1.533490 2.654180 0.694973 -0.719036 0.000000 0.416513 0.981699 1 9 1.000000
  9 -0.000021 0.115340 4.611400 0.644287 -0.764784 0.000000 0.361551 0.981699 1 9 1.000000
  9 -2.206249 -0.091060 4.142534 0.694973 -0.719036 0.000000 0.361551 0.774488 1 9 1.000000
..\..\..\Desktop\General\noesis\ds_body
  9 -0.000014 -1.533490 2.654180 0.694973 -0.719036 0.000000 0.416513 0.981699 1 9 1.000000
  9 2.206210 -0.091060 4.142566 0.694973 -0.719036 0.000000 0.361551 0.774488 1 9 1.000000
  9 -0.000021 0.115340 4.611400 0.644287 -0.764784 0.000000 0.361551 0.981699 1 9 1.000000
..\..\..\Desktop\General\noesis\ds_body
  9 3.058834 -1.143680 3.264852 0.740950 -0.668626 0.062709 0.416513 0.774488 1 9 1.000000
  9 2.206210 -0.091060 4.142566 0.694973 -0.719036 0.000000 0.361551 0.774488 1 9 1.000000
  9 -0.000014 -1.533490 2.654180 0.694973 -0.719036 0.000000 0.416513 0.981699 1 9 1.000000
..\..\..\Desktop\General\noesis\ds_body
  9 1.756028 0.100980 1.941512 -0.974358 -0.143127 0.173615 0.989414 0.721074 1 9 1.000000
  9 1.921281 -0.204810 3.986384 -0.256754 0.963367 -0.077464 0.926904 0.889940 1 9 1.000000
  9 2.169733 -0.875670 3.376495 -0.224698 -0.090105 -0.970253 0.970753 0.900499 1 9 1.000000
..\..\..\Desktop\General\noesis\ds_body
  9 1.756028 0.100980 1.941512 -0.974358 -0.143127 0.173615 0.989414 0.721074 1 9 1.000000
  9 2.169733 -0.875670 3.376495 -0.224698 -0.090105 -0.970253 0.970753 0.900499 1 9 1.000000
  9 1.781073 -1.364890 3.398362 -0.113720 -0.983022 0.143996 0.991000 0.930220 1 9 1.000000
..\..\..\Desktop\General\noesis\ds_body
  9 1.525093 -0.799080 3.372241 -0.098492 0.087068 0.991322 0.970753 0.900499 1 9 1.000000
  9 1.756028 0.100980 1.941512 -0.974358 -0.143127 0.173615 0.989414 0.721074 1 9 1.000000
  9 1.781073 -1.364890 3.398362 -0.113720 -0.983022 0.143996 0.991000 0.930220 1 9 1.000000
..\..\..\Desktop\General\noesis\ds_body
  9 1.921281 -0.204810 3.986384 -0.256754 0.963367 -0.077464 0.926904 0.889940 1 9 1.000000
  9 1.756028 0.100980 1.941512 -0.974358 -0.143127 0.173615 0.989414 0.721074 1 9 1.000000
  9 1.525093 -0.799080 3.372241 -0.098492 0.087068 0.991322 0.970753 0.900499 1 9 1.000000
..\..\..\Desktop\General\noesis\ds_body
  9 1.492768 -0.505130 4.770621 0.402128 -0.130564 0.906226 0.910628 0.980964 1 9 1.000000
  9 1.525093 -0.799080 3.372241 -0.098492 0.087068 0.991322 0.970753 0.900499 1 9 1.000000
  9 1.781073 -1.364890 3.398362 -0.113720 -0.983022 0.143996 0.991000 0.930220 1 9 1.000000
..\..\..\Desktop\General\noesis\ds_body
  9 1.921281 -0.204810 3.986384 -0.256754 0.963367 -0.077464 0.926904 0.889940 1 9 1.000000
  9 1.525093 -0.799080 3.372241 -0.098492 0.087068 0.991322 0.970753 0.900499 1 9 1.000000
  9 1.492768 -0.505130 4.770621 0.402128 -0.130564 0.906226 0.910628 0.980964 1 9 1.000000
..\..\..\Desktop\General\noesis\ds_body
  9 1.921281 -0.204810 3.986384 -0.256754 0.963367 -0.077464 0.926904 0.889940 1 9 1.000000
  9 1.492768 -0.505130 4.770621 0.402128 -0.130564 0.906226 0.910628 0.980964 1 9 1.000000
  9 2.022297 0.423360 5.077675 0.580093 0.811094 -0.074966 0.864683 0.922859 1 9 1.000000
..\..\..\Desktop\General\noesis\ds_body
  9 2.336578 -0.603620 4.759158 0.364356 -0.333290 -0.869576 0.910628 0.980964 1 9 1.000000
  9 2.169733 -0.875670 3.376495 -0.224698 -0.090105 -0.970253 0.970753 0.900499 1 9 1.000000
  9 1.921281 -0.204810 3.986384 -0.256754 0.963367 -0.077464 0.926904 0.889940 1 9 1.000000
..\..\..\Desktop\General\noesis\ds_body
  9 2.336578 -0.603620 4.759158 0.364356 -0.333290 -0.869576 0.910628 0.980964 1 9 1.000000
  9 1.921281 -0.204810 3.986384 -0.256754 0.963367 -0.077464 0.926904 0.889940 1 9 1.000000
  9 2.022297 0.423360 5.077675 0.580093 0.811094 -0.074966 0.864683 0.922859 1 9 1.000000
..\..\..\Desktop\General\noesis\ds_body
  9 2.169733 -0.875670 3.376495 -0.224698 -0.090105 -0.970253 0.970753 0.900499 1 9 1.000000
  9 2.336578 -0.603620 4.759158 0.364356 -0.333290 -0.869576 0.910628 0.980964 1 9 1.000000
  9 1.781073 -1.364890 3.398362 -0.113720 -0.983022 0.143996 0.991000 0.930220 1 9 1.000000
..\..\..\Desktop\General\noesis\ds_body
  9 1.492768 -0.505130 4.770621 0.402128 -0.130564 0.906226 0.743315 0.077680 1 9 1.000000
  9 2.336578 -0.603620 4.759158 0.364356 -0.333290 -0.869576 0.743315 0.010856 1 9 1.000000
  9 2.022297 0.423360 5.077675 0.580093 0.811094 -0.074966 0.787534 0.043070 1 9 1.000000
..\..\..\Desktop\General\noesis\ds_body
  9 1.492768 -0.505130 4.770621 0.402128 -0.130564 0.906226 0.743315 0.077680 1 9 1.000000
  9 1.781073 -1.364890 3.398362 -0.113720 -0.983022 0.143996 0.677554 0.043070 1 9 1.000000
  9 2.336578 -0.603620 4.759158 0.364356 -0.333290 -0.869576 0.743315 0.010856 1 9 1.000000
..\..\..\Desktop\General\noesis\ds_body
  9 -1.756052 0.100980 1.941488 -0.974358 -0.143127 -0.173615 0.989414 0.721074 1 9 1.000000
  9 -2.169767 -0.875670 3.376464 -0.224698 -0.090105 0.970253 0.970753 0.900499 1 9 1.000000
  9 -1.921319 -0.204810 3.986356 -0.256754 0.963367 0.077463 0.926904 0.889940 1 9 1.000000
..\..\..\Desktop\General\noesis\ds_body
  9 -1.756052 0.100980 1.941488 -0.974358 -0.143127 -0.173615 0.989414 0.721074 1 9 1.000000
  9 -1.781107 -1.364890 3.398337 -0.113720 -0.983022 -0.143996 0.991000 0.930220 1 9 1.000000
  9 -2.169767 -0.875670 3.376464 -0.224698 -0.090105 0.970253 0.970753 0.900499 1 9 1.000000
..\..\..\Desktop\General\noesis\ds_body
  9 -1.525127 -0.799080 3.372220 -0.098492 0.087068 -0.991322 0.970753 0.900499 1 9 1.000000
  9 -1.781107 -1.364890 3.398337 -0.113720 -0.983022 -0.143996 0.991000 0.930220 1 9 1.000000
  9 -1.756052 0.100980 1.941488 -0.974358 -0.143127 -0.173615 0.989414 0.721074 1 9 1.000000
..\..\..\Desktop\General\noesis\ds_body
  9 -1.921319 -0.204810 3.986356 -0.256754 0.963367 0.077463 0.926904 0.889940 1 9 1.000000
  9 -1.525127 -0.799080 3.372220 -0.098492 0.087068 -0.991322 0.970753 0.900499 1 9 1.000000
  9 -1.756052 0.100980 1.941488 -0.974358 -0.143127 -0.173615 0.989414 0.721074 1 9 1.000000
..\..\..\Desktop\General\noesis\ds_body
  9 -1.921319 -0.204810 3.986356 -0.256754 0.963367 0.077463 0.926904 0.889940 1 9 1.000000
  9 -1.492812 -0.505130 4.770600 0.402128 -0.130564 -0.906226 0.910628 0.980964 1 9 1.000000
  9 -1.525127 -0.799080 3.372220 -0.098492 0.087068 -0.991322 0.970753 0.900499 1 9 1.000000
..\..\..\Desktop\General\noesis\ds_body
  9 -1.492812 -0.505130 4.770600 0.402128 -0.130564 -0.906226 0.910628 0.980964 1 9 1.000000
  9 -1.781107 -1.364890 3.398337 -0.113720 -0.983022 -0.143996 0.991000 0.930220 1 9 1.000000
  9 -1.525127 -0.799080 3.372220 -0.098492 0.087068 -0.991322 0.970753 0.900499 1 9 1.000000
..\..\..\Desktop\General\noesis\ds_body
  9 -1.921319 -0.204810 3.986356 -0.256754 0.963367 0.077463 0.926904 0.889940 1 9 1.000000
  9 -2.022343 0.423360 5.077646 0.580093 0.811093 0.074967 0.864683 0.922859 1 9 1.000000
  9 -1.492812 -0.505130 4.770600 0.402128 -0.130564 -0.906226 0.910628 0.980964 1 9 1.000000
..\..\..\Desktop\General\noesis\ds_body
  9 -2.336622 -0.603620 4.759123 0.364355 -0.333290 0.869576 0.910628 0.980964 1 9 1.000000
  9 -1.921319 -0.204810 3.986356 -0.256754 0.963367 0.077463 0.926904 0.889940 1 9 1.000000
  9 -2.169767 -0.875670 3.376464 -0.224698 -0.090105 0.970253 0.970753 0.900499 1 9 1.000000
..\..\..\Desktop\General\noesis\ds_body
  9 -2.336622 -0.603620 4.759123 0.364355 -0.333290 0.869576 0.910628 0.980964 1 9 1.000000
  9 -2.022343 0.423360 5.077646 0.580093 0.811093 0.074967 0.864683 0.922859 1 9 1.000000
  9 -1.921319 -0.204810 3.986356 -0.256754 0.963367 0.077463 0.926904 0.889940 1 9 1.000000
..\..\..\Desktop\General\noesis\ds_body
  9 -2.169767 -0.875670 3.376464 -0.224698 -0.090105 0.970253 0.970753 0.900499 1 9 1.000000
  9 -1.781107 -1.364890 3.398337 -0.113720 -0.983022 -0.143996 0.991000 0.930220 1 9 1.000000
  9 -2.336622 -0.603620 4.759123 0.364355 -0.333290 0.869576 0.910628 0.980964 1 9 1.000000
..\..\..\Desktop\General\noesis\ds_body
  9 -1.492812 -0.505130 4.770600 0.402128 -0.130564 -0.906226 0.743315 0.077680 1 9 1.000000
  9 -2.022343 0.423360 5.077646 0.580093 0.811093 0.074967 0.787534 0.043070 1 9 1.000000
  9 -2.336622 -0.603620 4.759123 0.364355 -0.333290 0.869576 0.743315 0.010856 1 9 1.000000
..\..\..\Desktop\General\noesis\ds_body
  9 -1.492812 -0.505130 4.770600 0.402128 -0.130564 -0.906226 0.743315 0.077680 1 9 1.000000
  9 -2.336622 -0.603620 4.759123 0.364355 -0.333290 0.869576 0.743315 0.010856 1 9 1.000000
  9 -1.781107 -1.364890 3.398337 -0.113720 -0.983022 -0.143996 0.677554 0.043070 1 9 1.000000
..\..\..\Desktop\General\noesis\ds_body
  8 -0.000007 4.970260 -2.400900 0.022044 0.000000 -0.999757 0.016987 0.366411 1 8 1.000000
  8 0.000000 2.954539 -1.735234 -0.413799 0.000000 -0.910368 0.016987 0.153189 1 8 1.000000
  8 -1.768856 4.700128 -1.647599 0.088542 0.818936 -0.567013 0.143485 0.335665 1 8 1.000000
..\..\..\Desktop\General\noesis\ds_body
  8 -0.000007 4.970260 -2.400900 0.022044 0.000000 -0.999757 0.016987 0.366411 1 8 1.000000
  8 -1.768856 4.700128 -1.647599 0.088542 0.818936 -0.567013 0.143485 0.335665 1 8 1.000000
  8 -0.000011 6.121260 -1.947755 0.870920 0.000000 -0.491426 0.016987 0.535283 1 8 1.000000
..\..\..\Desktop\General\noesis\ds_body
  8 -0.000007 4.970260 -2.400900 0.022044 0.000000 -0.999757 0.016987 0.366411 1 8 1.000000
  8 -0.000011 6.121260 -1.947755 0.870920 0.000000 -0.491426 0.016987 0.535283 1 8 1.000000
  8 1.768844 4.700153 -1.647599 0.088542 -0.818936 -0.567013 0.143485 0.335665 1 8 1.000000
..\..\..\Desktop\General\noesis\ds_body
  8 -0.000007 4.970260 -2.400900 0.022044 0.000000 -0.999757 0.016987 0.366411 1 8 1.000000
  8 1.768844 4.700153 -1.647599 0.088542 -0.818936 -0.567013 0.143485 0.335665 1 8 1.000000
  8 0.000000 2.954539 -1.735234 -0.413799 0.000000 -0.910368 0.016987 0.153189 1 8 1.000000
..\..\..\Desktop\General\noesis\ds_body
  8 0.000000 2.954539 -1.735234 -0.413799 0.000000 -0.910368 0.016987 0.153189 1 8 1.000000
  8 1.768844 4.700153 -1.647599 0.088542 -0.818936 -0.567013 0.143485 0.335665 1 8 1.000000
  10 1.138990 3.048330 -1.057756 0.825183 -0.564730 -0.012389 0.164180 0.153189 1 10 1.000000
..\..\..\Desktop\General\noesis\ds_body
  8 1.768844 4.700153 -1.647599 0.088542 -0.818936 -0.567013 0.143485 0.335665 1 8 1.000000
  8 1.284876 4.222920 0.123630 0.054426 -0.696720 0.715276 0.222142 0.324636 1 8 1.000000
  10 1.138990 3.048330 -1.057756 0.825183 -0.564730 -0.012389 0.164180 0.153189 1 10 1.000000
..\..\..\Desktop\General\noesis\ds_body
  8 1.768844 4.700153 -1.647599 0.088542 -0.818936 -0.567013 0.143485 0.335665 1 8 1.000000
  8 0.858913 5.934866 -1.178578 0.802427 -0.551357 0.228291 0.172537 0.535283 1 8 1.000000
  8 1.284876 4.222920 0.123630 0.054426 -0.696720 0.715276 0.222142 0.324636 1 8 1.000000
..\..\..\Desktop\General\noesis\ds_body
  8 1.768844 4.700153 -1.647599 0.088542 -0.818936 -0.567013 0.143485 0.335665 1 8 1.000000
  8 -0.000011 6.121260 -1.947755 0.870920 0.000000 -0.491426 0.016987 0.535283 1 8 1.000000
  8 0.858913 5.934866 -1.178578 0.802427 -0.551357 0.228291 0.172537 0.535283 1 8 1.000000
..\..\..\Desktop\General\noesis\ds_body
  8 -1.768856 4.700128 -1.647599 0.088542 0.818936 -0.567013 0.143485 0.335665 1 8 1.000000
  8 -0.858934 5.934854 -1.178578 0.802427 0.551357 0.228291 0.172537 0.535283 1 8 1.000000
  8 -0.000011 6.121260 -1.947755 0.870920 0.000000 -0.491426 0.016987 0.535283 1 8 1.000000
..\..\..\Desktop\General\noesis\ds_body
  8 -1.768856 4.700128 -1.647599 0.088542 0.818936 -0.567013 0.143485 0.335665 1 8 1.000000
  8 -1.284884 4.222900 0.123630 0.054427 0.696720 0.715276 0.222142 0.324636 1 8 1.000000
  8 -0.858934 5.934854 -1.178578 0.802427 0.551357 0.228291 0.172537 0.535283 1 8 1.000000
..\..\..\Desktop\General\noesis\ds_body
  8 -1.768856 4.700128 -1.647599 0.088542 0.818936 -0.567013 0.143485 0.335665 1 8 1.000000
  10 -1.138990 3.048330 -1.057756 -0.825183 -0.564729 -0.012389 0.164180 0.153189 1 10 1.000000
  8 -1.284884 4.222900 0.123630 0.054427 0.696720 0.715276 0.222142 0.324636 1 8 1.000000
..\..\..\Desktop\General\noesis\ds_body
  8 0.000000 2.954539 -1.735234 -0.413799 0.000000 -0.910368 0.016987 0.153189 1 8 1.000000
  10 -1.138990 3.048330 -1.057756 -0.825183 -0.564729 -0.012389 0.164180 0.153189 1 10 1.000000
  8 -1.768856 4.700128 -1.647599 0.088542 0.818936 -0.567013 0.143485 0.335665 1 8 1.000000
..\..\..\Desktop\General\noesis\ds_body
  8 -1.284884 4.222900 0.123630 0.054427 0.696720 0.715276 0.222142 0.324636 1 8 1.000000
  10 -1.138990 3.048330 -1.057756 -0.825183 -0.564729 -0.012389 0.164180 0.153189 1 10 1.000000
  10 0.000000 2.822430 -0.117930 0.000000 -0.582031 0.813167 0.321433 0.153189 1 10 1.000000
..\..\..\Desktop\General\noesis\ds_body
  8 1.284876 4.222920 0.123630 0.054426 -0.696720 0.715276 0.222142 0.324636 1 8 1.000000
  10 0.000000 2.822430 -0.117930 0.000000 -0.582031 0.813167 0.321433 0.153189 1 10 1.000000
  10 1.138990 3.048330 -1.057756 0.825183 -0.564730 -0.012389 0.164180 0.153189 1 10 1.000000
..\..\..\Desktop\General\noesis\ds_body
  10 0.000000 2.822430 -0.117930 0.000000 -0.582031 0.813167 0.321433 0.153189 1 10 1.000000
  8 1.284876 4.222920 0.123630 0.054426 -0.696720 0.715276 0.222142 0.324636 1 8 1.000000
  8 -0.000004 4.254130 0.533920 0.057089 0.000000 0.998369 0.321433 0.334469 1 8 1.000000
..\..\..\Desktop\General\noesis\ds_body
  10 0.000000 2.822430 -0.117930 0.000000 -0.582031 0.813167 0.321433 0.153189 1 10 1.000000
  8 -0.000004 4.254130 0.533920 0.057089 0.000000 0.998369 0.321433 0.334469 1 8 1.000000
  8 -1.284884 4.222900 0.123630 0.054427 0.696720 0.715276 0.222142 0.324636 1 8 1.000000
..\..\..\Desktop\General\noesis\ds_body
  8 -0.000004 4.254130 0.533920 0.057089 0.000000 0.998369 0.321433 0.334469 1 8 1.000000
  8 -0.000010 5.664600 -0.315883 0.764712 0.000000 0.644373 0.321433 0.535283 1 8 1.000000
  8 -1.284884 4.222900 0.123630 0.054427 0.696720 0.715276 0.222142 0.324636 1 8 1.000000
..\..\..\Desktop\General\noesis\ds_body
  8 -1.284884 4.222900 0.123630 0.054427 0.696720 0.715276 0.222142 0.324636 1 8 1.000000
  8 -0.000010 5.664600 -0.315883 0.764712 0.000000 0.644373 0.321433 0.535283 1 8 1.000000
  8 -0.858934 5.934854 -1.178578 0.802427 0.551357 0.228291 0.172537 0.535283 1 8 1.000000
..\..\..\Desktop\General\noesis\ds_body
  8 1.284876 4.222920 0.123630 0.054426 -0.696720 0.715276 0.222142 0.324636 1 8 1.000000
  8 0.858913 5.934866 -1.178578 0.802427 -0.551357 0.228291 0.172537 0.535283 1 8 1.000000
  8 -0.000010 5.664600 -0.315883 0.764712 0.000000 0.644373 0.321433 0.535283 1 8 1.000000
..\..\..\Desktop\General\noesis\ds_body
  8 -0.000004 4.254130 0.533920 0.057089 0.000000 0.998369 0.321433 0.334469 1 8 1.000000
  8 1.284876 4.222920 0.123630 0.054426 -0.696720 0.715276 0.222142 0.324636 1 8 1.000000
  8 -0.000010 5.664600 -0.315883 0.764712 0.000000 0.644373 0.321433 0.535283 1 8 1.000000
..\..\..\Desktop\General\noesis\ds_body
  8 -0.000010 5.664600 -0.315883 0.764712 0.000000 0.644373 0.088919 0.977299 1 8 1.000000
  8 -0.000011 6.121260 -1.947755 0.870920 0.000000 -0.491426 0.016658 0.977299 1 8 1.000000
  8 -0.858934 5.934854 -1.178578 0.802427 0.551357 0.228291 0.049234 0.867124 1 8 1.000000
..\..\..\Desktop\General\noesis\ds_body
  8 0.858913 5.934866 -1.178578 0.802427 -0.551357 0.228291 0.049234 0.867124 1 8 1.000000
  8 -0.000011 6.121260 -1.947755 0.870920 0.000000 -0.491426 0.016658 0.977299 1 8 1.000000
  8 -0.000010 5.664600 -0.315883 0.764712 0.000000 0.644373 0.088919 0.977299 1 8 1.000000
..\..\..\Desktop\General\noesis\ds_body
  7 0.656015 6.360241 -1.313228 -0.036375 -0.937759 0.345377 0.747137 1.527090 1 7 1.000000
  7 -0.000011 6.031258 -0.680754 0.948359 -0.000000 0.317198 0.779317 1.454050 1 7 1.000000
  8 -0.000006 4.564080 -1.145740 -0.994500 0.000000 -0.104740 0.734501 1.345760 1 8 1.000000
..\..\..\Desktop\General\noesis\ds_body
  7 0.656015 6.360241 -1.313228 -0.036375 -0.937759 0.345377 0.747137 1.527090 1 7 1.000000
  8 -0.000006 4.564080 -1.145740 -0.994500 0.000000 -0.104740 0.734501 1.345760 1 8 1.000000
  7 -0.000011 6.091108 -1.810722 -0.922437 0.000000 0.386148 0.709962 1.493470 1 7 1.000000
..\..\..\Desktop\General\noesis\ds_body
  7 -0.656039 6.360231 -1.313228 -0.036375 0.937759 0.345377 0.747137 1.527090 1 7 1.000000
  8 -0.000006 4.564080 -1.145740 -0.994500 0.000000 -0.104740 0.734501 1.345760 1 8 1.000000
  7 -0.000011 6.031258 -0.680754 0.948359 -0.000000 0.317198 0.779317 1.454050 1 7 1.000000
..\..\..\Desktop\General\noesis\ds_body
  7 -0.656039 6.360231 -1.313228 -0.036375 0.937759 0.345377 0.747137 1.527090 1 7 1.000000
  7 -0.000011 6.091108 -1.810722 -0.922437 0.000000 0.386148 0.709962 1.493470 1 7 1.000000
  8 -0.000006 4.564080 -1.145740 -0.994500 0.000000 -0.104740 0.734501 1.345760 1 8 1.000000
..\..\..\Desktop\General\noesis\ds_body
  7 -0.849833 10.337498 -1.335979 0.000000 0.946443 0.322870 0.479580 0.736021 1 7 1.000000
  7 -0.000027 10.337501 -0.315475 0.961136 -0.000000 0.276074 0.399594 0.736021 1 7 1.000000
  7 -0.664438 11.086468 -0.671564 0.652193 0.729778 0.205107 0.441523 0.600524 1 7 1.000000
..\..\..\Desktop\General\noesis\ds_body
  7 -1.128021 11.689816 -1.335969 0.000000 0.979490 0.201491 0.509248 0.505681 1 7 1.000000
  7 -0.849833 10.337498 -1.335979 0.000000 0.946443 0.322870 0.479580 0.736021 1 7 1.000000
  7 -0.664438 11.086468 -0.671564 0.652193 0.729778 0.205107 0.441523 0.600524 1 7 1.000000
..\..\..\Desktop\General\noesis\ds_body
  7 -0.849833 10.337498 -1.335979 0.000000 0.946443 0.322870 0.479580 0.736021 1 7 1.000000
  7 -1.128021 11.689816 -1.335969 0.000000 0.979490 0.201491 0.509248 0.505681 1 7 1.000000
  7 -0.664438 11.086468 -2.000382 -0.652193 0.729778 0.205107 0.441523 0.600524 1 7 1.000000
..\..\..\Desktop\General\noesis\ds_body
  7 -0.664438 11.086468 -2.000382 -0.652193 0.729778 0.205107 0.441523 0.600524 1 7 1.000000
  7 -0.000027 10.337501 -2.356482 -0.961136 0.000000 0.276074 0.399594 0.736021 1 7 1.000000
  7 -0.849833 10.337498 -1.335979 0.000000 0.946443 0.322870 0.479580 0.736021 1 7 1.000000
..\..\..\Desktop\General\noesis\ds_body
  7 -0.000031 11.689821 -2.456202 -0.997292 0.000000 0.073546 0.373298 0.505681 1 7 1.000000
  7 -0.000027 10.337501 -2.356482 -0.961136 0.000000 0.276074 0.399594 0.736021 1 7 1.000000
  7 -0.664438 11.086468 -2.000382 -0.652193 0.729778 0.205107 0.441523 0.600524 1 7 1.000000
..\..\..\Desktop\General\noesis\ds_body
  7 -0.000031 11.689821 -2.456202 -0.997292 0.000000 0.073546 0.373298 0.505681 1 7 1.000000
  7 0.664380 11.086483 -2.000382 -0.652193 -0.729778 0.205107 0.441523 0.600524 1 7 1.000000
  7 -0.000027 10.337501 -2.356482 -0.961136 0.000000 0.276074 0.399594 0.736021 1 7 1.000000
..\..\..\Desktop\General\noesis\ds_body
  7 0.664380 11.086483 -2.000382 -0.652193 -0.729778 0.205107 0.441523 0.600524 1 7 1.000000
  7 0.849780 10.337503 -1.335979 -0.000000 -0.948381 0.317134 0.479580 0.736021 1 7 1.000000
  7 -0.000027 10.337501 -2.356482 -0.961136 0.000000 0.276074 0.399594 0.736021 1 7 1.000000
..\..\..\Desktop\General\noesis\ds_body
  7 0.849780 10.337503 -1.335979 -0.000000 -0.948381 0.317134 0.479580 0.736021 1 7 1.000000
  7 0.664380 11.086483 -2.000382 -0.652193 -0.729778 0.205107 0.441523 0.600524 1 7 1.000000
  7 1.127959 11.689825 -1.335969 -0.000000 -0.979490 0.201491 0.509248 0.505681 1 7 1.000000
..\..\..\Desktop\General\noesis\ds_body
  7 1.127959 11.689825 -1.335969 -0.000000 -0.979490 0.201491 0.509248 0.505681 1 7 1.000000
  7 0.664380 11.086473 -0.671564 0.652193 -0.729778 0.205107 0.441523 0.600524 1 7 1.000000
  7 0.849780 10.337503 -1.335979 -0.000000 -0.948381 0.317134 0.479580 0.736021 1 7 1.000000
..\..\..\Desktop\General\noesis\ds_body
  7 0.849780 10.337503 -1.335979 -0.000000 -0.948381 0.317134 0.479580 0.736021 1 7 1.000000
  7 0.664380 11.086473 -0.671564 0.652193 -0.729778 0.205107 0.441523 0.600524 1 7 1.000000
  7 -0.000027 10.337501 -0.315475 0.961136 -0.000000 0.276074 0.399594 0.736021 1 7 1.000000
..\..\..\Desktop\General\noesis\ds_body
  7 0.664380 11.086473 -0.671564 0.652193 -0.729778 0.205107 0.441523 0.600524 1 7 1.000000
  7 -0.000031 11.689821 -0.215732 0.997292 -0.000000 0.073546 0.373298 0.505681 1 7 1.000000
  7 -0.000027 10.337501 -0.315475 0.961136 -0.000000 0.276074 0.399594 0.736021 1 7 1.000000
..\..\..\Desktop\General\noesis\ds_body
  7 -0.664438 11.086468 -0.671564 0.652193 0.729778 0.205107 0.441523 0.600524 1 7 1.000000
  7 -0.000027 10.337501 -0.315475 0.961136 -0.000000 0.276074 0.399594 0.736021 1 7 1.000000
  7 -0.000031 11.689821 -0.215732 0.997292 -0.000000 0.073546 0.373298 0.505681 1 7 1.000000
..\..\..\Desktop\General\noesis\ds_body
  7 -0.000031 11.689821 -0.215732 -0.581515 0.000000 -0.813535 0.011565 0.787717 1 7 1.000000
  7 -0.000029 10.889081 -1.335975 -0.000000 0.000000 -1.000000 0.043270 0.843162 1 7 1.000000
  7 -0.664438 11.086468 -0.671564 -0.146868 -0.143876 -0.978637 0.011565 0.899669 1 7 1.000000
..\..\..\Desktop\General\noesis\ds_body
  7 -0.000031 11.689821 -0.215732 -0.581515 0.000000 -0.813535 0.011565 0.787717 1 7 1.000000
  7 0.664380 11.086473 -0.671564 -0.146868 0.143876 -0.978637 0.011565 0.899669 1 7 1.000000
  7 -0.000029 10.889081 -1.335975 -0.000000 0.000000 -1.000000 0.043270 0.843162 1 7 1.000000
..\..\..\Desktop\General\noesis\ds_body
  7 0.664380 11.086473 -0.671564 -0.146868 0.143876 -0.978637 0.011565 0.899669 1 7 1.000000
  7 1.127959 11.689825 -1.335969 0.000000 0.578858 -0.815428 0.011565 0.787717 1 7 1.000000
  7 -0.000029 10.889081 -1.335975 -0.000000 0.000000 -1.000000 0.043270 0.843162 1 7 1.000000
..\..\..\Desktop\General\noesis\ds_body
  7 -0.000029 10.889081 -1.335975 -0.000000 0.000000 -1.000000 0.043270 0.843162 1 7 1.000000
  7 1.127959 11.689825 -1.335969 0.000000 0.578858 -0.815428 0.011565 0.787717 1 7 1.000000
  7 0.664380 11.086483 -2.000382 0.146868 0.143875 -0.978637 0.011565 0.899669 1 7 1.000000
..\..\..\Desktop\General\noesis\ds_body
  7 -0.000031 11.689821 -2.456202 0.581516 -0.000000 -0.813535 0.011565 0.787717 1 7 1.000000
  7 -0.000029 10.889081 -1.335975 -0.000000 0.000000 -1.000000 0.043270 0.843162 1 7 1.000000
  7 0.664380 11.086483 -2.000382 0.146868 0.143875 -0.978637 0.011565 0.899669 1 7 1.000000
..\..\..\Desktop\General\noesis\ds_body
  7 -0.000031 11.689821 -2.456202 0.581516 -0.000000 -0.813535 0.011565 0.787717 1 7 1.000000
  7 -0.664438 11.086468 -2.000382 0.146868 -0.143875 -0.978637 0.011565 0.899669 1 7 1.000000
  7 -0.000029 10.889081 -1.335975 -0.000000 0.000000 -1.000000 0.043270 0.843162 1 7 1.000000
..\..\..\Desktop\General\noesis\ds_body
  7 -0.664438 11.086468 -2.000382 0.146868 -0.143875 -0.978637 0.011565 0.899669 1 7 1.000000
  7 -1.128021 11.689816 -1.335969 -0.000000 -0.578858 -0.815428 0.011565 0.787717 1 7 1.000000
  7 -0.000029 10.889081 -1.335975 -0.000000 0.000000 -1.000000 0.043270 0.843162 1 7 1.000000
..\..\..\Desktop\General\noesis\ds_body
  7 -1.128021 11.689816 -1.335969 -0.000000 -0.578858 -0.815428 0.011565 0.787717 1 7 1.000000
  7 -0.664438 11.086468 -0.671564 -0.146868 -0.143876 -0.978637 0.011565 0.899669 1 7 1.000000
  7 -0.000029 10.889081 -1.335975 -0.000000 0.000000 -1.000000 0.043270 0.843162 1 7 1.000000
..\..\..\Desktop\General\noesis\ds_body
  7 1.561836 6.761881 -0.461607 0.930207 0.132966 0.342105 0.860682 0.895631 1 7 1.000000
  7 1.535064 7.325380 -0.498496 0.878598 0.170423 -0.446119 0.860682 0.775846 1 7 1.000000
  7 1.956928 6.478197 -0.749775 -0.179450 0.149089 0.972404 0.808814 0.955523 1 7 1.000000
..\..\..\Desktop\General\noesis\ds_body
  7 1.561836 6.761881 -0.461607 0.930207 0.132966 0.342105 0.860682 0.895631 1 7 1.000000
  7 2.118435 7.065983 -0.552425 0.776883 -0.624472 -0.080542 0.808814 0.835738 1 7 1.000000
  7 1.535064 7.325380 -0.498496 0.878598 0.170423 -0.446119 0.860682 0.775846 1 7 1.000000
..\..\..\Desktop\General\noesis\ds_body
  7 1.956928 6.478197 -0.749775 -0.179450 0.149089 0.972404 0.808814 0.955523 1 7 1.000000
  7 2.118435 7.065983 -0.552425 0.776883 -0.624472 -0.080542 0.808814 0.835738 1 7 1.000000
  7 1.561836 6.761881 -0.461607 0.930207 0.132966 0.342105 0.860682 0.895631 1 7 1.000000
..\..\..\Desktop\General\noesis\ds_body
  7 2.325236 6.758013 -1.074834 0.072424 -0.934870 0.347523 0.860682 0.895631 1 7 1.000000
  7 2.118435 7.065983 -0.552425 0.776883 -0.624472 -0.080542 0.808814 0.835738 1 7 1.000000
  7 1.956928 6.478197 -0.749775 -0.179450 0.149089 0.972404 0.808814 0.955523 1 7 1.000000
..\..\..\Desktop\General\noesis\ds_body
  7 1.535064 7.325380 -0.498496 0.878598 0.170423 -0.446119 0.860682 0.775846 1 7 1.000000
  7 2.118435 7.065983 -0.552425 0.776883 -0.624472 -0.080542 0.808814 0.835738 1 7 1.000000
  7 1.903363 7.605193 -0.823555 -0.303509 0.239127 -0.922334 0.808814 0.715954 1 7 1.000000
..\..\..\Desktop\General\noesis\ds_body
  7 2.325236 6.758013 -1.074834 0.072424 -0.934870 0.347523 0.860682 0.895631 1 7 1.000000
  7 1.956928 6.478197 -0.749775 -0.179450 0.149089 0.972404 0.808814 0.955523 1 7 1.000000
  7 1.903363 7.605193 -0.823555 -0.303509 0.239127 -0.922334 0.808814 0.715954 1 7 1.000000
..\..\..\Desktop\General\noesis\ds_body
  7 1.535064 7.325380 -0.498496 0.878598 0.170423 -0.446119 0.860682 0.775846 1 7 1.000000
  7 1.903363 7.605193 -0.823555 -0.303509 0.239127 -0.922334 0.808814 0.715954 1 7 1.000000
  7 1.956928 6.478197 -0.749775 -0.179450 0.149089 0.972404 0.808814 0.955523 1 7 1.000000
..\..\..\Desktop\General\noesis\ds_body
  7 1.903363 7.605193 -0.823555 -0.303509 0.239127 -0.922334 0.808814 0.715954 1 7 1.000000
  7 2.118435 7.065983 -0.552425 0.776883 -0.624472 -0.080542 0.808814 0.835738 1 7 1.000000
  7 2.298455 7.321514 -1.111724 0.020813 -0.897412 -0.440702 0.860682 0.775846 1 7 1.000000
..\..\..\Desktop\General\noesis\ds_body
  7 2.325236 6.758013 -1.074834 0.072424 -0.934870 0.347523 0.860682 0.895631 1 7 1.000000
  7 2.298455 7.321514 -1.111724 0.020813 -0.897412 -0.440702 0.860682 0.775846 1 7 1.000000
  7 2.118435 7.065983 -0.552425 0.776883 -0.624472 -0.080542 0.808814 0.835738 1 7 1.000000
..\..\..\Desktop\General\noesis\ds_body
  7 2.298455 7.321514 -1.111724 0.020813 -0.897412 -0.440702 0.860682 0.775846 1 7 1.000000
  7 2.325236 6.758013 -1.074834 0.072424 -0.934870 0.347523 0.860682 0.895631 1 7 1.000000
  7 1.903363 7.605193 -0.823555 -0.303509 0.239127 -0.922334 0.808814 0.715954 1 7 1.000000
..\..\..\Desktop\General\noesis\ds_body
  7 -2.298486 7.321480 -1.111724 0.020812 0.897412 -0.440702 0.860682 0.775846 1 7 1.000000
  7 -1.903397 7.605165 -0.823555 -0.303509 -0.239127 -0.922334 0.808814 0.715954 1 7 1.000000
  7 -2.325264 6.757979 -1.074834 0.072423 0.934870 0.347523 0.860682 0.895631 1 7 1.000000
..\..\..\Desktop\General\noesis\ds_body
  7 -1.903397 7.605165 -0.823555 -0.303509 -0.239127 -0.922334 0.808814 0.715954 1 7 1.000000
  7 -2.298486 7.321480 -1.111724 0.020812 0.897412 -0.440702 0.860682 0.775846 1 7 1.000000
  7 -2.118465 7.065951 -0.552425 0.776883 0.624472 -0.080542 0.808814 0.835738 1 7 1.000000
..\..\..\Desktop\General\noesis\ds_body
  7 -2.298486 7.321480 -1.111724 0.020812 0.897412 -0.440702 0.860682 0.775846 1 7 1.000000
  7 -2.325264 6.757979 -1.074834 0.072423 0.934870 0.347523 0.860682 0.895631 1 7 1.000000
  7 -2.118465 7.065951 -0.552425 0.776883 0.624472 -0.080542 0.808814 0.835738 1 7 1.000000
..\..\..\Desktop\General\noesis\ds_body
  7 -1.535096 7.325358 -0.498496 0.878598 -0.170423 -0.446118 0.860682 0.775846 1 7 1.000000
  7 -1.903397 7.605165 -0.823555 -0.303509 -0.239127 -0.922334 0.808814 0.715954 1 7 1.000000
  7 -2.118465 7.065951 -0.552425 0.776883 0.624472 -0.080542 0.808814 0.835738 1 7 1.000000
..\..\..\Desktop\General\noesis\ds_body
  7 -2.325264 6.757979 -1.074834 0.072423 0.934870 0.347523 0.860682 0.895631 1 7 1.000000
  7 -1.956953 6.478169 -0.749775 -0.179450 -0.149088 0.972405 0.808814 0.955523 1 7 1.000000
  7 -2.118465 7.065951 -0.552425 0.776883 0.624472 -0.080542 0.808814 0.835738 1 7 1.000000
..\..\..\Desktop\General\noesis\ds_body
  7 -1.956953 6.478169 -0.749775 -0.179450 -0.149088 0.972405 0.808814 0.955523 1 7 1.000000
  7 -1.903397 7.605165 -0.823555 -0.303509 -0.239127 -0.922334 0.808814 0.715954 1 7 1.000000
  7 -1.535096 7.325358 -0.498496 0.878598 -0.170423 -0.446118 0.860682 0.775846 1 7 1.000000
..\..\..\Desktop\General\noesis\ds_body
  7 -1.903397 7.605165 -0.823555 -0.303509 -0.239127 -0.922334 0.808814 0.715954 1 7 1.000000
  7 -1.956953 6.478169 -0.749775 -0.179450 -0.149088 0.972405 0.808814 0.955523 1 7 1.000000
  7 -2.325264 6.757979 -1.074834 0.072423 0.934870 0.347523 0.860682 0.895631 1 7 1.000000
..\..\..\Desktop\General\noesis\ds_body
  7 -1.561864 6.761858 -0.461607 0.930207 -0.132966 0.342105 0.860682 0.895631 1 7 1.000000
  7 -1.956953 6.478169 -0.749775 -0.179450 -0.149088 0.972405 0.808814 0.955523 1 7 1.000000
  7 -1.535096 7.325358 -0.498496 0.878598 -0.170423 -0.446118 0.860682 0.775846 1 7 1.000000
..\..\..\Desktop\General\noesis\ds_body
  7 -1.561864 6.761858 -0.461607 0.930207 -0.132966 0.342105 0.860682 0.895631 1 7 1.000000
  7 -1.535096 7.325358 -0.498496 0.878598 -0.170423 -0.446118 0.860682 0.775846 1 7 1.000000
  7 -2.118465 7.065951 -0.552425 0.776883 0.624472 -0.080542 0.808814 0.835738 1 7 1.000000
..\..\..\Desktop\General\noesis\ds_body
  7 -1.956953 6.478169 -0.749775 -0.179450 -0.149088 0.972405 0.808814 0.955523 1 7 1.000000
  7 -1.561864 6.761858 -0.461607 0.930207 -0.132966 0.342105 0.860682 0.895631 1 7 1.000000
  7 -2.118465 7.065951 -0.552425 0.776883 0.624472 -0.080542 0.808814 0.835738 1 7 1.000000
..\..\..\Desktop\General\noesis\ds_body
  7 2.524579 8.926649 -1.515511 -0.204558 -0.777868 -0.594203 0.563630 1.910880 1 7 1.000000
  7 3.108869 8.803995 -1.811382 -0.378576 -0.925337 -0.020792 0.528221 1.910140 1 7 1.000000
  7 2.256449 8.919039 -1.828004 -0.462080 -0.852513 -0.244343 0.554320 1.974550 1 7 1.000000
..\..\..\Desktop\General\noesis\ds_body
  7 2.369884 10.356230 -0.983125 -0.434228 -0.667082 -0.605349 0.634170 1.935780 1 7 1.000000
  7 2.524579 8.926649 -1.515511 -0.204558 -0.777868 -0.594203 0.563630 1.910880 1 7 1.000000
  7 2.256449 8.919039 -1.828004 -0.462080 -0.852513 -0.244343 0.554320 1.974550 1 7 1.000000
..\..\..\Desktop\General\noesis\ds_body
  7 1.594753 10.362137 -1.321402 -0.314346 -0.402210 -0.859892 0.669638 1.975290 1 7 1.000000
  7 2.369884 10.356230 -0.983125 -0.434228 -0.667082 -0.605349 0.634170 1.935780 1 7 1.000000
  7 2.256449 8.919039 -1.828004 -0.462080 -0.852513 -0.244343 0.554320 1.974550 1 7 1.000000
..\..\..\Desktop\General\noesis\ds_body
  7 2.369884 10.356230 -0.983125 -0.434228 -0.667082 -0.605349 0.634170 1.935780 1 7 1.000000
  7 1.594753 10.362137 -1.321402 -0.314346 -0.402210 -0.859892 0.669638 1.975290 1 7 1.000000
  7 1.615652 10.854807 -0.154738 0.082608 -0.200665 -0.976171 0.694633 1.844110 1 7 1.000000
..\..\..\Desktop\General\noesis\ds_body
  7 2.369884 10.356230 -0.983125 -0.434228 -0.667082 -0.605349 0.634170 1.935780 1 7 1.000000
  7 2.563174 10.057940 -0.045744 0.179600 -0.919730 -0.349056 0.622968 1.818920 1 7 1.000000
  7 2.524579 8.926649 -1.515511 -0.204558 -0.777868 -0.594203 0.563630 1.910880 1 7 1.000000
..\..\..\Desktop\General\noesis\ds_body
  7 2.369884 10.356230 -0.983125 -0.434228 -0.667082 -0.605349 0.634170 1.935780 1 7 1.000000
  7 1.615652 10.854807 -0.154738 0.082608 -0.200665 -0.976171 0.694633 1.844110 1 7 1.000000
  7 2.563174 10.057940 -0.045744 0.179600 -0.919730 -0.349056 0.622968 1.818920 1 7 1.000000
..\..\..\Desktop\General\noesis\ds_body
  7 2.563174 10.057940 -0.045744 0.179600 -0.919730 -0.349056 0.622968 1.818920 1 7 1.000000
  7 2.462469 8.826364 0.032227 0.444321 -0.895568 0.023188 0.576305 1.763610 1 7 1.000000
  7 2.524579 8.926649 -1.515511 -0.204558 -0.777868 -0.594203 0.563630 1.910880 1 7 1.000000
..\..\..\Desktop\General\noesis\ds_body
  7 3.108869 8.803995 -1.811382 -0.378576 -0.925337 -0.020792 0.528221 1.910140 1 7 1.000000
  7 2.524579 8.926649 -1.515511 -0.204558 -0.777868 -0.594203 0.563630 1.910880 1 7 1.000000
  7 2.462469 8.826364 0.032227 0.444321 -0.895568 0.023188 0.576305 1.763610 1 7 1.000000
..\..\..\Desktop\General\noesis\ds_body
  7 1.615652 10.854807 -0.154738 0.082608 -0.200665 -0.976171 0.694633 1.844110 1 7 1.000000
  7 2.014685 10.018977 1.000096 0.734925 -0.596364 -0.322854 0.641000 1.727140 1 7 1.000000
  7 2.563174 10.057940 -0.045744 0.179600 -0.919730 -0.349056 0.622968 1.818920 1 7 1.000000
..\..\..\Desktop\General\noesis\ds_body
  7 2.014685 10.018977 1.000096 0.734925 -0.596364 -0.322854 0.641000 1.727140 1 7 1.000000
  7 2.462469 8.826364 0.032227 0.444321 -0.895568 0.023188 0.576305 1.763610 1 7 1.000000
  7 2.563174 10.057940 -0.045744 0.179600 -0.919730 -0.349056 0.622968 1.818920 1 7 1.000000
..\..\..\Desktop\General\noesis\ds_body
  7 2.014685 10.018977 1.000096 0.734925 -0.596364 -0.322854 0.641000 1.727140 1 7 1.000000
  7 1.336819 8.767591 1.210056 0.817289 -0.069345 0.572041 0.618096 1.612390 1 7 1.000000
  7 2.462469 8.826364 0.032227 0.444321 -0.895568 0.023188 0.576305 1.763610 1 7 1.000000
..\..\..\Desktop\General\noesis\ds_body
  7 2.014685 10.018977 1.000096 0.734925 -0.596364 -0.322854 0.641000 1.727140 1 7 1.000000
  7 0.642959 9.998606 1.245016 0.792405 0.267708 -0.548113 0.684960 1.634520 1 7 1.000000
  7 1.336819 8.767591 1.210056 0.817289 -0.069345 0.572041 0.618096 1.612390 1 7 1.000000
..\..\..\Desktop\General\noesis\ds_body
  7 1.615652 10.854807 -0.154738 0.082608 -0.200665 -0.976171 0.694633 1.844110 1 7 1.000000
  7 0.642959 9.998606 1.245016 0.792405 0.267708 -0.548113 0.684960 1.634520 1 7 1.000000
  7 2.014685 10.018977 1.000096 0.734925 -0.596364 -0.322854 0.641000 1.727140 1 7 1.000000
..\..\..\Desktop\General\noesis\ds_body
  7 0.686715 10.737762 -0.037289 0.212963 0.301679 -0.929320 0.736508 1.793990 1 7 1.000000
  7 0.642959 9.998606 1.245016 0.792405 0.267708 -0.548113 0.684960 1.634520 1 7 1.000000
  7 1.615652 10.854807 -0.154738 0.082608 -0.200665 -0.976171 0.694633 1.844110 1 7 1.000000
..\..\..\Desktop\General\noesis\ds_body
  7 0.642959 9.998606 1.245016 0.792405 0.267708 -0.548113 0.684960 1.634520 1 7 1.000000
  7 0.686715 10.737762 -0.037289 0.212963 0.301679 -0.929320 0.736508 1.793990 1 7 1.000000
  7 -0.000026 10.283971 0.165168 0.464019 -0.000000 -0.885825 0.757832 1.636410 1 7 1.000000
..\..\..\Desktop\General\noesis\ds_body
  7 -0.000023 9.443053 0.787002 0.983069 -0.000017 0.183238 0.684582 1.535690 1 7 1.000000
  7 0.642959 9.998606 1.245016 0.792405 0.267708 -0.548113 0.684960 1.634520 1 7 1.000000
  7 -0.000026 10.283971 0.165168 0.464019 -0.000000 -0.885825 0.757832 1.636410 1 7 1.000000
..\..\..\Desktop\General\noesis\ds_body
  7 1.336819 8.767591 1.210056 0.817289 -0.069345 0.572041 0.618096 1.612390 1 7 1.000000
  7 0.642959 9.998606 1.245016 0.792405 0.267708 -0.548113 0.684960 1.634520 1 7 1.000000
  7 -0.000023 9.443053 0.787002 0.983069 -0.000017 0.183238 0.684582 1.535690 1 7 1.000000
..\..\..\Desktop\General\noesis\ds_body
  7 0.787192 8.540040 0.410845 0.916913 -0.203396 0.343367 0.616636 1.538460 1 7 1.000000
  7 1.336819 8.767591 1.210056 0.817289 -0.069345 0.572041 0.618096 1.612390 1 7 1.000000
  7 -0.000023 9.443053 0.787002 0.983069 -0.000017 0.183238 0.684582 1.535690 1 7 1.000000
..\..\..\Desktop\General\noesis\ds_body
  7 0.787192 8.540040 0.410845 0.916913 -0.203396 0.343367 0.616636 1.538460 1 7 1.000000
  7 1.429842 8.051726 -0.154348 0.345330 0.077978 0.935236 0.556203 1.582990 1 7 1.000000
  7 1.336819 8.767591 1.210056 0.817289 -0.069345 0.572041 0.618096 1.612390 1 7 1.000000
..\..\..\Desktop\General\noesis\ds_body
  7 1.336819 8.767591 1.210056 0.817289 -0.069345 0.572041 0.618096 1.612390 1 7 1.000000
  7 2.232312 8.078612 -0.128928 0.321280 -0.479100 0.816849 0.543566 1.709380 1 7 1.000000
  7 2.462469 8.826364 0.032227 0.444321 -0.895568 0.023188 0.576305 1.763610 1 7 1.000000
..\..\..\Desktop\General\noesis\ds_body
  7 2.462469 8.826364 0.032227 0.444321 -0.895568 0.023188 0.576305 1.763610 1 7 1.000000
  7 2.232312 8.078612 -0.128928 0.321280 -0.479100 0.816849 0.543566 1.709380 1 7 1.000000
  7 3.108869 8.803995 -1.811382 -0.378576 -0.925337 -0.020792 0.528221 1.910140 1 7 1.000000
..\..\..\Desktop\General\noesis\ds_body
  7 1.336819 8.767591 1.210056 0.817289 -0.069345 0.572041 0.618096 1.612390 1 7 1.000000
  7 1.429842 8.051726 -0.154348 0.345330 0.077978 0.935236 0.556203 1.582990 1 7 1.000000
  7 2.232312 8.078612 -0.128928 0.321280 -0.479100 0.816849 0.543566 1.709380 1 7 1.000000
..\..\..\Desktop\General\noesis\ds_body
  7 1.695382 7.975512 -0.893045 -0.290795 -0.135159 0.947191 0.510797 1.686250 1 7 1.000000
  7 3.108869 8.803995 -1.811382 -0.378576 -0.925337 -0.020792 0.528221 1.910140 1 7 1.000000
  7 2.232312 8.078612 -0.128928 0.321280 -0.479100 0.816849 0.543566 1.709380 1 7 1.000000
..\..\..\Desktop\General\noesis\ds_body
  7 2.232312 8.078612 -0.128928 0.321280 -0.479100 0.816849 0.543566 1.709380 1 7 1.000000
  7 1.429842 8.051726 -0.154348 0.345330 0.077978 0.935236 0.556203 1.582990 1 7 1.000000
  7 1.695382 7.975512 -0.893045 -0.290795 -0.135159 0.947191 0.510797 1.686250 1 7 1.000000
..\..\..\Desktop\General\noesis\ds_body
  7 2.256449 8.919039 -1.828004 -0.462080 -0.852513 -0.244343 0.496198 1.875690 1 7 1.000000
  7 3.108869 8.803995 -1.811382 -0.378576 -0.925337 -0.020792 0.528221 1.910140 1 7 1.000000
  7 1.695382 7.975512 -0.893045 -0.290795 -0.135159 0.947191 0.510797 1.686250 1 7 1.000000
..\..\..\Desktop\General\noesis\ds_body
  7 2.191785 7.168746 -1.688687 0.173649 -0.849855 -0.497587 0.650128 1.163130 1 7 1.000000
  7 2.256449 8.919039 -1.828004 -0.462080 -0.852513 -0.244343 0.639807 1.455630 1 7 1.000000
  7 1.695382 7.975512 -0.893045 0.561464 -0.826259 0.045333 0.723561 1.313670 1 7 1.000000
..\..\..\Desktop\General\noesis\ds_body
  7 1.564586 6.938556 -0.893315 0.876822 -0.480533 -0.016469 0.746267 1.143130 1 7 1.000000
  7 2.191785 7.168746 -1.688687 0.173649 -0.849855 -0.497587 0.650128 1.163130 1 7 1.000000
  7 1.695382 7.975512 -0.893045 0.561464 -0.826259 0.045333 0.723561 1.313670 1 7 1.000000
..\..\..\Desktop\General\noesis\ds_body
  7 2.191785 7.168746 -1.688687 0.173649 -0.849855 -0.497587 0.650128 1.163130 1 7 1.000000
  7 1.564586 6.938556 -0.893315 0.876822 -0.480533 -0.016469 0.746267 1.143130 1 7 1.000000
  6 1.761059 6.629651 -0.888879 -0.984579 -0.046763 0.168573 0.729358 1.085220 1 6 1.000000
..\..\..\Desktop\General\noesis\ds_body
  7 -0.000026 10.256541 -3.058962 -0.639555 0.000000 -0.768746 0.991927 1.681590 1 7 1.000000
  7 -0.000027 10.395431 -1.022735 0.102317 0.000000 -0.994752 0.899421 1.874970 1 7 1.000000
  7 0.919336 10.697184 -2.403859 -0.197398 -0.140732 -0.970169 0.939524 1.715380 1 7 1.000000
..\..\..\Desktop\General\noesis\ds_body
  7 -0.000026 10.256541 -3.058962 -0.639555 0.000000 -0.768746 0.991927 1.681590 1 7 1.000000
  7 0.919336 10.697184 -2.403859 -0.197398 -0.140732 -0.970169 0.939524 1.715380 1 7 1.000000
  7 1.532694 10.064507 -2.882454 -0.621741 -0.584414 -0.521439 0.920529 1.646060 1 7 1.000000
..\..\..\Desktop\General\noesis\ds_body
  7 -0.000021 8.831380 -3.683172 -0.989875 0.000000 -0.141939 0.991927 1.517690 1 7 1.000000
  7 -0.000026 10.256541 -3.058962 -0.639555 0.000000 -0.768746 0.991927 1.681590 1 7 1.000000
  7 1.532694 10.064507 -2.882454 -0.621741 -0.584414 -0.521439 0.920529 1.646060 1 7 1.000000
..\..\..\Desktop\General\noesis\ds_body
  7 1.676449 8.765570 -3.165703 -0.743037 -0.667103 -0.053571 0.916455 1.529570 1 7 1.000000
  7 -0.000021 8.831380 -3.683172 -0.989875 0.000000 -0.141939 0.991927 1.517690 1 7 1.000000
  7 1.532694 10.064507 -2.882454 -0.621741 -0.584414 -0.521439 0.920529 1.646060 1 7 1.000000
..\..\..\Desktop\General\noesis\ds_body
  7 1.532694 10.064507 -2.882454 -0.621741 -0.584414 -0.521439 0.920529 1.646060 1 7 1.000000
  7 2.256449 8.919039 -1.828004 -0.462080 -0.852513 -0.244343 0.853647 1.576070 1 7 1.000000
  7 1.676449 8.765570 -3.165703 -0.743037 -0.667103 -0.053571 0.916455 1.529570 1 7 1.000000
..\..\..\Desktop\General\noesis\ds_body
  7 0.919336 10.697184 -2.403859 -0.197398 -0.140732 -0.970169 0.939524 1.715380 1 7 1.000000
  7 -0.000027 10.395431 -1.022735 0.102317 0.000000 -0.994752 0.899421 1.874970 1 7 1.000000
  7 1.594753 10.362137 -1.321402 -0.314346 -0.402210 -0.859892 0.873958 1.734880 1 7 1.000000
..\..\..\Desktop\General\noesis\ds_body
  7 1.594753 10.362137 -1.321402 -0.314346 -0.402210 -0.859892 0.873958 1.734880 1 7 1.000000
  7 2.256449 8.919039 -1.828004 -0.462080 -0.852513 -0.244343 0.853647 1.576070 1 7 1.000000
  7 1.532694 10.064507 -2.882454 -0.621741 -0.584414 -0.521439 0.920529 1.646060 1 7 1.000000
..\..\..\Desktop\General\noesis\ds_body
  7 0.919336 10.697184 -2.403859 -0.197398 -0.140732 -0.970169 0.939524 1.715380 1 7 1.000000
  7 1.594753 10.362137 -1.321402 -0.314346 -0.402210 -0.859892 0.873958 1.734880 1 7 1.000000
  7 1.532694 10.064507 -2.882454 -0.621741 -0.584414 -0.521439 0.920529 1.646060 1 7 1.000000
..\..\..\Desktop\General\noesis\ds_body
  7 -0.000026 10.256541 -3.058962 -0.639555 0.000000 -0.768746 0.991927 1.681590 1 7 1.000000
  7 -0.919392 10.697167 -2.403859 -0.197398 0.140733 -0.970169 0.939524 1.715380 1 7 1.000000
  7 -0.000027 10.395431 -1.022735 0.102317 0.000000 -0.994752 0.899421 1.874970 1 7 1.000000
..\..\..\Desktop\General\noesis\ds_body
  7 -0.000026 10.256541 -3.058962 -0.639555 0.000000 -0.768746 0.991927 1.681590 1 7 1.000000
  7 -1.532745 10.064486 -2.882454 -0.621741 0.584414 -0.521439 0.920529 1.646060 1 7 1.000000
  7 -0.919392 10.697167 -2.403859 -0.197398 0.140733 -0.970169 0.939524 1.715380 1 7 1.000000
..\..\..\Desktop\General\noesis\ds_body
  7 -0.000021 8.831380 -3.683172 -0.989875 0.000000 -0.141939 0.991927 1.517690 1 7 1.000000
  7 -1.532745 10.064486 -2.882454 -0.621741 0.584414 -0.521439 0.920529 1.646060 1 7 1.000000
  7 -0.000026 10.256541 -3.058962 -0.639555 0.000000 -0.768746 0.991927 1.681590 1 7 1.000000
..\..\..\Desktop\General\noesis\ds_body
  7 -1.676491 8.765545 -3.165703 -0.743037 0.667103 -0.053571 0.916455 1.529570 1 7 1.000000
  7 -1.532745 10.064486 -2.882454 -0.621741 0.584414 -0.521439 0.920529 1.646060 1 7 1.000000
  7 -0.000021 8.831380 -3.683172 -0.989875 0.000000 -0.141939 0.991927 1.517690 1 7 1.000000
..\..\..\Desktop\General\noesis\ds_body
  7 -1.532745 10.064486 -2.882454 -0.621741 0.584414 -0.521439 0.920529 1.646060 1 7 1.000000
  7 -1.676491 8.765545 -3.165703 -0.743037 0.667103 -0.053571 0.916455 1.529570 1 7 1.000000
  7 -2.256491 8.919006 -1.828004 -0.462080 0.852513 -0.244343 0.853647 1.576070 1 7 1.000000
..\..\..\Desktop\General\noesis\ds_body
  7 -0.919392 10.697167 -2.403859 -0.197398 0.140733 -0.970169 0.939524 1.715380 1 7 1.000000
  7 -1.594807 10.362105 -1.321402 -0.314345 0.402210 -0.859892 0.873958 1.734880 1 7 1.000000
  7 -0.000027 10.395431 -1.022735 0.102317 0.000000 -0.994752 0.899421 1.874970 1 7 1.000000
..\..\..\Desktop\General\noesis\ds_body
  7 -1.594807 10.362105 -1.321402 -0.314345 0.402210 -0.859892 0.873958 1.734880 1 7 1.000000
  7 -1.532745 10.064486 -2.882454 -0.621741 0.584414 -0.521439 0.920529 1.646060 1 7 1.000000
  7 -2.256491 8.919006 -1.828004 -0.462080 0.852513 -0.244343 0.853647 1.576070 1 7 1.000000
..\..\..\Desktop\General\noesis\ds_body
  7 -0.919392 10.697167 -2.403859 -0.197398 0.140733 -0.970169 0.939524 1.715380 1 7 1.000000
  7 -1.532745 10.064486 -2.882454 -0.621741 0.584414 -0.521439 0.920529 1.646060 1 7 1.000000
  7 -1.594807 10.362105 -1.321402 -0.314345 0.402210 -0.859892 0.873958 1.734880 1 7 1.000000
..\..\..\Desktop\General\noesis\ds_body
  7 -0.000027 10.395431 -1.022735 -0.187291 0.256469 -0.948233 0.784919 1.801940 1 7 1.000000
  7 -0.000026 10.283971 0.165168 0.464019 -0.000000 -0.885825 0.757832 1.636410 1 7 1.000000
  7 0.686715 10.737762 -0.037289 0.212963 0.301679 -0.929320 0.736508 1.793990 1 7 1.000000
..\..\..\Desktop\General\noesis\ds_body
  7 -0.000027 10.395431 -1.022735 -0.187291 -0.256469 -0.948233 0.784919 1.801940 1 7 1.000000
  7 -0.686771 10.737748 -0.037289 0.212962 -0.301680 -0.929320 0.736508 1.793990 1 7 1.000000
  7 -0.000026 10.283971 0.165168 0.464019 -0.000000 -0.885825 0.757832 1.636410 1 7 1.000000
..\..\..\Desktop\General\noesis\ds_body
  7 -0.643009 9.998596 1.245016 0.792405 -0.267708 -0.548112 0.684960 1.634520 1 7 1.000000
  7 -0.000026 10.283971 0.165168 0.464019 -0.000000 -0.885825 0.757832 1.636410 1 7 1.000000
  7 -0.686771 10.737748 -0.037289 0.212962 -0.301680 -0.929320 0.736508 1.793990 1 7 1.000000
..\..\..\Desktop\General\noesis\ds_body
  7 -0.000023 9.443053 0.787002 0.983069 -0.000017 0.183238 0.684582 1.535690 1 7 1.000000
  7 -0.000026 10.283971 0.165168 0.464019 -0.000000 -0.885825 0.757832 1.636410 1 7 1.000000
  7 -0.643009 9.998596 1.245016 0.792405 -0.267708 -0.548112 0.684960 1.634520 1 7 1.000000
..\..\..\Desktop\General\noesis\ds_body
  7 -0.686771 10.737748 -0.037289 0.212962 -0.301680 -0.929320 0.736508 1.793990 1 7 1.000000
  7 -1.615708 10.854785 -0.154738 0.082608 0.200665 -0.976171 0.694633 1.844110 1 7 1.000000
  7 -0.643009 9.998596 1.245016 0.792405 -0.267708 -0.548112 0.684960 1.634520 1 7 1.000000
..\..\..\Desktop\General\noesis\ds_body
  7 -0.000027 10.395431 -1.022735 -0.187291 -0.256469 -0.948233 0.775320 1.945590 1 7 1.000000
  7 -1.615708 10.854785 -0.154738 0.082608 0.200665 -0.976171 0.694633 1.844110 1 7 1.000000
  7 -0.686771 10.737748 -0.037289 0.212962 -0.301680 -0.929320 0.736508 1.793990 1 7 1.000000
..\..\..\Desktop\General\noesis\ds_body
  7 -1.594807 10.362105 -1.321402 -0.314345 0.402210 -0.859892 0.669638 1.975290 1 7 1.000000
  7 -1.615708 10.854785 -0.154738 0.082608 0.200665 -0.976171 0.694633 1.844110 1 7 1.000000
  7 -0.000027 10.395431 -1.022735 -0.187291 -0.256469 -0.948233 0.775320 1.945590 1 7 1.000000
..\..\..\Desktop\General\noesis\ds_body
  7 -2.369936 10.356193 -0.983125 -0.434228 0.667082 -0.605350 0.634170 1.935780 1 7 1.000000
  7 -1.615708 10.854785 -0.154738 0.082608 0.200665 -0.976171 0.694633 1.844110 1 7 1.000000
  7 -1.594807 10.362105 -1.321402 -0.314345 0.402210 -0.859892 0.669638 1.975290 1 7 1.000000
..\..\..\Desktop\General\noesis\ds_body
  7 -1.594807 10.362105 -1.321402 -0.314345 0.402210 -0.859892 0.669638 1.975290 1 7 1.000000
  7 -2.256491 8.919006 -1.828004 -0.462080 0.852513 -0.244343 0.554320 1.974550 1 7 1.000000
  7 -2.369936 10.356193 -0.983125 -0.434228 0.667082 -0.605350 0.634170 1.935780 1 7 1.000000
..\..\..\Desktop\General\noesis\ds_body
  7 -2.369936 10.356193 -0.983125 -0.434228 0.667082 -0.605350 0.634170 1.935780 1 7 1.000000
  7 -2.256491 8.919006 -1.828004 -0.462080 0.852513 -0.244343 0.554320 1.974550 1 7 1.000000
  7 -2.524621 8.926613 -1.515511 -0.204558 0.777868 -0.594203 0.563630 1.910880 1 7 1.000000
..\..\..\Desktop\General\noesis\ds_body
  7 -2.369936 10.356193 -0.983125 -0.434228 0.667082 -0.605350 0.634170 1.935780 1 7 1.000000
  7 -2.563226 10.057912 -0.045744 0.179600 0.919730 -0.349056 0.622968 1.818920 1 7 1.000000
  7 -1.615708 10.854785 -0.154738 0.082608 0.200665 -0.976171 0.694633 1.844110 1 7 1.000000
..\..\..\Desktop\General\noesis\ds_body
  7 -2.369936 10.356193 -0.983125 -0.434228 0.667082 -0.605350 0.634170 1.935780 1 7 1.000000
  7 -2.524621 8.926613 -1.515511 -0.204558 0.777868 -0.594203 0.563630 1.910880 1 7 1.000000
  7 -2.563226 10.057912 -0.045744 0.179600 0.919730 -0.349056 0.622968 1.818920 1 7 1.000000
..\..\..\Desktop\General\noesis\ds_body
  7 -1.615708 10.854785 -0.154738 0.082608 0.200665 -0.976171 0.694633 1.844110 1 7 1.000000
  7 -2.563226 10.057912 -0.045744 0.179600 0.919730 -0.349056 0.622968 1.818920 1 7 1.000000
  7 -2.014735 10.018944 1.000096 0.734925 0.596364 -0.322854 0.641000 1.727140 1 7 1.000000
..\..\..\Desktop\General\noesis\ds_body
  7 -1.615708 10.854785 -0.154738 0.082608 0.200665 -0.976171 0.694633 1.844110 1 7 1.000000
  7 -2.014735 10.018944 1.000096 0.734925 0.596364 -0.322854 0.641000 1.727140 1 7 1.000000
  7 -0.643009 9.998596 1.245016 0.792405 -0.267708 -0.548112 0.684960 1.634520 1 7 1.000000
..\..\..\Desktop\General\noesis\ds_body
  7 -2.014735 10.018944 1.000096 0.734925 0.596364 -0.322854 0.641000 1.727140 1 7 1.000000
  7 -1.336861 8.767572 1.210056 0.817288 0.069345 0.572041 0.618096 1.612390 1 7 1.000000
  7 -0.643009 9.998596 1.245016 0.792405 -0.267708 -0.548112 0.684960 1.634520 1 7 1.000000
..\..\..\Desktop\General\noesis\ds_body
  7 -1.336861 8.767572 1.210056 0.817288 0.069345 0.572041 0.618096 1.612390 1 7 1.000000
  7 -0.000023 9.443053 0.787002 0.983069 -0.000017 0.183238 0.684582 1.535690 1 7 1.000000
  7 -0.643009 9.998596 1.245016 0.792405 -0.267708 -0.548112 0.684960 1.634520 1 7 1.000000
..\..\..\Desktop\General\noesis\ds_body
  7 -2.563226 10.057912 -0.045744 0.179600 0.919730 -0.349056 0.622968 1.818920 1 7 1.000000
  7 -2.524621 8.926613 -1.515511 -0.204558 0.777868 -0.594203 0.563630 1.910880 1 7 1.000000
  7 -2.462511 8.826327 0.032227 0.444321 0.895568 0.023188 0.576305 1.763610 1 7 1.000000
..\..\..\Desktop\General\noesis\ds_body
  7 -2.014735 10.018944 1.000096 0.734925 0.596364 -0.322854 0.641000 1.727140 1 7 1.000000
  7 -2.563226 10.057912 -0.045744 0.179600 0.919730 -0.349056 0.622968 1.818920 1 7 1.000000
  7 -2.462511 8.826327 0.032227 0.444321 0.895568 0.023188 0.576305 1.763610 1 7 1.000000
..\..\..\Desktop\General\noesis\ds_body
  7 -2.014735 10.018944 1.000096 0.734925 0.596364 -0.322854 0.641000 1.727140 1 7 1.000000
  7 -2.462511 8.826327 0.032227 0.444321 0.895568 0.023188 0.576305 1.763610 1 7 1.000000
  7 -1.336861 8.767572 1.210056 0.817288 0.069345 0.572041 0.618096 1.612390 1 7 1.000000
..\..\..\Desktop\General\noesis\ds_body
  7 -2.524621 8.926613 -1.515511 -0.204558 0.777868 -0.594203 0.563630 1.910880 1 7 1.000000
  7 -2.256491 8.919006 -1.828004 -0.462080 0.852513 -0.244343 0.554320 1.974550 1 7 1.000000
  7 -3.108911 8.803950 -1.811382 -0.378577 0.925336 -0.020792 0.528221 1.910140 1 7 1.000000
..\..\..\Desktop\General\noesis\ds_body
  7 -3.108911 8.803950 -1.811382 -0.378577 0.925336 -0.020792 0.528221 1.910140 1 7 1.000000
  7 -2.462511 8.826327 0.032227 0.444321 0.895568 0.023188 0.576305 1.763610 1 7 1.000000
  7 -2.524621 8.926613 -1.515511 -0.204558 0.777868 -0.594203 0.563630 1.910880 1 7 1.000000
..\..\..\Desktop\General\noesis\ds_body
  7 -2.462511 8.826327 0.032227 0.444321 0.895568 0.023188 0.576305 1.763610 1 7 1.000000
  7 -3.108911 8.803950 -1.811382 -0.378577 0.925336 -0.020792 0.528221 1.910140 1 7 1.000000
  7 -2.232348 8.078580 -0.128928 0.321280 0.479100 0.816849 0.543566 1.709380 1 7 1.000000
..\..\..\Desktop\General\noesis\ds_body
  7 -1.336861 8.767572 1.210056 0.817288 0.069345 0.572041 0.618096 1.612390 1 7 1.000000
  7 -2.462511 8.826327 0.032227 0.444321 0.895568 0.023188 0.576305 1.763610 1 7 1.000000
  7 -2.232348 8.078580 -0.128928 0.321280 0.479100 0.816849 0.543566 1.709380 1 7 1.000000
..\..\..\Desktop\General\noesis\ds_body
  7 -1.695418 7.975487 -0.893045 -0.290795 0.135159 0.947191 0.510797 1.686250 1 7 1.000000
  7 -2.232348 8.078580 -0.128928 0.321280 0.479100 0.816849 0.543566 1.709380 1 7 1.000000
  7 -3.108911 8.803950 -1.811382 -0.378577 0.925336 -0.020792 0.528221 1.910140 1 7 1.000000
..\..\..\Desktop\General\noesis\ds_body
  7 -2.256491 8.919006 -1.828004 -0.462080 0.852513 -0.244343 0.496198 1.875690 1 7 1.000000
  7 -1.695418 7.975487 -0.893045 -0.290795 0.135159 0.947191 0.510797 1.686250 1 7 1.000000
  7 -3.108911 8.803950 -1.811382 -0.378577 0.925336 -0.020792 0.528221 1.910140 1 7 1.000000
..\..\..\Desktop\General\noesis\ds_body
  7 -1.336861 8.767572 1.210056 0.817288 0.069345 0.572041 0.618096 1.612390 1 7 1.000000
  7 -2.232348 8.078580 -0.128928 0.321280 0.479100 0.816849 0.543566 1.709380 1 7 1.000000
  7 -1.429878 8.051706 -0.154348 0.345330 -0.077978 0.935236 0.556203 1.582990 1 7 1.000000
..\..\..\Desktop\General\noesis\ds_body
  7 -2.232348 8.078580 -0.128928 0.321280 0.479100 0.816849 0.543566 1.709380 1 7 1.000000
  7 -1.695418 7.975487 -0.893045 -0.290795 0.135159 0.947191 0.510797 1.686250 1 7 1.000000
  7 -1.429878 8.051706 -0.154348 0.345330 -0.077978 0.935236 0.556203 1.582990 1 7 1.000000
..\..\..\Desktop\General\noesis\ds_body
  7 -0.787232 8.540030 0.410845 0.916824 0.203301 0.343661 0.616636 1.538460 1 7 1.000000
  7 -1.336861 8.767572 1.210056 0.817288 0.069345 0.572041 0.618096 1.612390 1 7 1.000000
  7 -1.429878 8.051706 -0.154348 0.345330 -0.077978 0.935236 0.556203 1.582990 1 7 1.000000
..\..\..\Desktop\General\noesis\ds_body
  7 -0.787232 8.540030 0.410845 0.916824 0.203301 0.343661 0.616636 1.538460 1 7 1.000000
  7 -0.000023 9.443053 0.787002 0.983069 -0.000017 0.183238 0.684582 1.535690 1 7 1.000000
  7 -1.336861 8.767572 1.210056 0.817288 0.069345 0.572041 0.618096 1.612390 1 7 1.000000
..\..\..\Desktop\General\noesis\ds_body
  7 -0.000011 6.031258 -0.680754 -0.161883 0.000108 0.986810 0.779317 1.454050 1 7 1.000000
  7 1.013258 6.218841 -0.173931 0.188089 -0.577772 0.794231 0.808727 1.549490 1 7 1.000000
  7 0.000717 5.920296 0.295886 0.573980 0.000033 0.818869 0.824707 1.455640 1 7 1.000000
..\..\..\Desktop\General\noesis\ds_body
  7 -0.000011 6.031258 -0.680754 -0.161883 0.000108 0.986810 0.779317 1.454050 1 7 1.000000
  7 0.656015 6.360241 -1.313228 -0.247268 -0.448633 0.858829 0.747137 1.527090 1 7 1.000000
  7 1.013258 6.218841 -0.173931 0.188089 -0.577772 0.794231 0.808727 1.549490 1 7 1.000000
..\..\..\Desktop\General\noesis\ds_body
  7 1.013258 6.218841 -0.173931 0.188089 -0.577772 0.794231 0.808727 1.549490 1 7 1.000000
  7 0.656015 6.360241 -1.313228 -0.247268 -0.448633 0.858829 0.747137 1.527090 1 7 1.000000
  7 1.564586 6.938556 -0.893315 0.178694 -0.902650 0.391524 0.769125 1.626730 1 7 1.000000
..\..\..\Desktop\General\noesis\ds_body
  7 1.013258 6.218841 -0.173931 0.188089 -0.577772 0.794231 0.808727 1.549490 1 7 1.000000
  7 1.564586 6.938556 -0.893315 0.178694 -0.902650 0.391524 0.769125 1.626730 1 7 1.000000
  7 1.116816 6.768865 0.199003 0.606172 -0.773916 0.183329 0.824100 1.593750 1 7 1.000000
..\..\..\Desktop\General\noesis\ds_body
  7 1.377284 7.320910 -0.150234 0.502843 -0.862304 0.059841 0.824707 1.648180 1 7 1.000000
  7 1.116816 6.768865 0.199003 0.606172 -0.773916 0.183329 0.824100 1.593750 1 7 1.000000
  7 1.564586 6.938556 -0.893315 0.178694 -0.902650 0.391524 0.769125 1.626730 1 7 1.000000
..\..\..\Desktop\General\noesis\ds_body
  7 1.377284 7.320910 -0.150234 0.502843 -0.862304 0.059841 0.824707 1.648180 1 7 1.000000
  7 1.564586 6.938556 -0.893315 0.178694 -0.902650 0.391524 0.769125 1.626730 1 7 1.000000
  7 1.695382 7.975512 -0.893045 0.321974 -0.942218 0.092511 0.789883 1.716130 1 7 1.000000
..\..\..\Desktop\General\noesis\ds_body
  7 -0.000027 10.395431 -1.022735 -0.187291 0.256469 -0.948233 0.775320 1.945590 1 7 1.000000
  7 0.686715 10.737762 -0.037289 0.212963 0.301679 -0.929320 0.736508 1.793990 1 7 1.000000
  7 1.615652 10.854807 -0.154738 0.082608 -0.200665 -0.976171 0.694633 1.844110 1 7 1.000000
..\..\..\Desktop\General\noesis\ds_body
  7 1.594753 10.362137 -1.321402 -0.314346 -0.402210 -0.859892 0.669638 1.975290 1 7 1.000000
  7 -0.000027 10.395431 -1.022735 -0.187291 0.256469 -0.948233 0.775320 1.945590 1 7 1.000000
  7 1.615652 10.854807 -0.154738 0.082608 -0.200665 -0.976171 0.694633 1.844110 1 7 1.000000
..\..\..\Desktop\General\noesis\ds_body
  7 -2.191815 7.168715 -1.688687 0.171361 0.851893 -0.494888 0.650128 1.163130 1 7 1.000000
  7 -1.695418 7.975487 -0.893045 0.558616 0.828402 0.041207 0.723561 1.313670 1 7 1.000000
  7 -2.256491 8.919006 -1.828004 -0.462080 0.852513 -0.244343 0.639807 1.455630 1 7 1.000000
..\..\..\Desktop\General\noesis\ds_body
  7 -1.576044 6.938534 -0.893315 0.873407 0.486709 -0.016551 0.746267 1.143130 1 7 1.000000
  7 -1.695418 7.975487 -0.893045 0.558616 0.828402 0.041207 0.723561 1.313670 1 7 1.000000
  7 -2.191815 7.168715 -1.688687 0.171361 0.851893 -0.494888 0.650128 1.163130 1 7 1.000000
..\..\..\Desktop\General\noesis\ds_body
  7 -2.191815 7.168715 -1.688687 0.171361 0.851893 -0.494888 0.650128 1.163130 1 7 1.000000
  6 -1.761081 6.629624 -0.888897 -0.984105 -0.048473 -0.170844 0.729358 1.085220 1 6 1.000000
  7 -1.576044 6.938534 -0.893315 0.873407 0.486709 -0.016551 0.746267 1.143130 1 7 1.000000
..\..\..\Desktop\General\noesis\ds_body
  7 -0.000011 6.031258 -0.680754 -0.161883 0.000108 0.986810 0.779317 1.454050 1 7 1.000000
  7 0.000717 5.920296 0.295886 0.573980 0.000033 0.818869 0.824707 1.455640 1 7 1.000000
  7 -1.011832 6.218826 -0.173931 0.189892 0.575549 0.795415 0.808727 1.549490 1 7 1.000000
..\..\..\Desktop\General\noesis\ds_body
  7 -0.000011 6.031258 -0.680754 -0.161883 0.000108 0.986810 0.779317 1.454050 1 7 1.000000
  7 -1.011832 6.218826 -0.173931 0.189892 0.575549 0.795415 0.808727 1.549490 1 7 1.000000
  7 -0.656039 6.360231 -1.313228 -0.246025 0.445757 0.860681 0.747137 1.527090 1 7 1.000000
..\..\..\Desktop\General\noesis\ds_body
  7 -1.011832 6.218826 -0.173931 0.189892 0.575549 0.795415 0.808727 1.549490 1 7 1.000000
  7 -1.576044 6.938534 -0.893315 0.187606 0.901453 0.390110 0.769125 1.626730 1 7 1.000000
  7 -0.656039 6.360231 -1.313228 -0.246025 0.445757 0.860681 0.747137 1.527090 1 7 1.000000
..\..\..\Desktop\General\noesis\ds_body
  7 -1.011832 6.218826 -0.173931 0.189892 0.575549 0.795415 0.808727 1.549490 1 7 1.000000
  7 -1.115384 6.768849 0.199003 0.609510 0.771530 0.182318 0.824100 1.593750 1 7 1.000000
  7 -1.576044 6.938534 -0.893315 0.187606 0.901453 0.390110 0.769125 1.626730 1 7 1.000000
..\..\..\Desktop\General\noesis\ds_body
  7 -1.375856 7.320889 -0.150234 0.506594 0.860327 0.056563 0.824707 1.648180 1 7 1.000000
  7 -1.576044 6.938534 -0.893315 0.187606 0.901453 0.390110 0.769125 1.626730 1 7 1.000000
  7 -1.115384 6.768849 0.199003 0.609510 0.771530 0.182318 0.824100 1.593750 1 7 1.000000
..\..\..\Desktop\General\noesis\ds_body
  7 -1.375856 7.320889 -0.150234 0.506594 0.860327 0.056563 0.824707 1.648180 1 7 1.000000
  7 -1.695418 7.975487 -0.893045 0.327141 0.940862 0.088080 0.789883 1.716130 1 7 1.000000
  7 -1.576044 6.938534 -0.893315 0.187606 0.901453 0.390110 0.769125 1.626730 1 7 1.000000
..\..\..\Desktop\General\noesis\ds_body
  6 1.761059 6.629651 -0.888879 -0.984579 -0.046763 0.168573 0.767494 1.195170 1 6 1.000000
  7 0.656015 6.360241 -1.313228 0.810832 0.212258 0.545434 0.795551 1.054590 1 7 1.000000
  6 1.747563 5.129465 -2.186869 -0.425040 -0.882760 0.200187 0.835132 1.139910 1 6 1.000000
..\..\..\Desktop\General\noesis\ds_body
  6 1.761059 6.629651 -0.888879 -0.984579 -0.046763 0.168573 0.767494 1.195170 1 6 1.000000
  7 1.564586 6.938556 -0.893315 0.876822 -0.480533 -0.016469 0.761645 1.151890 1 7 1.000000
  7 0.656015 6.360241 -1.313228 0.810832 0.212258 0.545434 0.795551 1.054590 1 7 1.000000
..\..\..\Desktop\General\noesis\ds_body
  6 1.747563 5.129465 -2.186869 -0.425040 -0.882760 0.200187 0.835132 1.139910 1 6 1.000000
  6 2.978664 6.067740 -1.261327 -0.329428 -0.541235 0.773655 0.779836 1.294990 1 6 1.000000
  6 1.761059 6.629651 -0.888879 -0.984579 -0.046763 0.168573 0.767494 1.195170 1 6 1.000000
..\..\..\Desktop\General\noesis\ds_body
  6 1.747563 5.129465 -2.186869 -0.425040 -0.882760 0.200187 0.835132 1.139910 1 6 1.000000
  6 2.653680 5.788224 -2.751469 0.270732 -0.442332 0.855013 0.839427 1.230260 1 6 1.000000
  6 2.978664 6.067740 -1.261327 -0.329428 -0.541235 0.773655 0.779836 1.294990 1 6 1.000000
..\..\..\Desktop\General\noesis\ds_body
  6 1.747563 5.129465 -2.186869 -0.425040 -0.882760 0.200187 0.835132 1.139910 1 6 1.000000
  6 1.945596 5.295562 -3.636514 0.516916 -0.541024 0.663393 0.890640 1.175440 1 6 1.000000
  6 2.653680 5.788224 -2.751469 0.270732 -0.442332 0.855013 0.839427 1.230260 1 6 1.000000
..\..\..\Desktop\General\noesis\ds_body
  6 0.704759 4.807975 -4.134583 0.548735 -0.787222 0.281373 0.940841 1.123010 1 6 1.000000
  6 1.945596 5.295562 -3.636514 0.516916 -0.541024 0.663393 0.890640 1.175440 1 6 1.000000
  6 1.747563 5.129465 -2.186869 -0.425040 -0.882760 0.200187 0.835132 1.139910 1 6 1.000000
..\..\..\Desktop\General\noesis\ds_body
  6 0.000010 4.499175 -2.920067 -0.145635 -0.989338 -0.000000 0.927246 1.039330 1 6 1.000000
  6 0.704759 4.807975 -4.134583 0.548735 -0.787222 0.281373 0.940841 1.123010 1 6 1.000000
  6 1.747563 5.129465 -2.186869 -0.425040 -0.882760 0.200187 0.835132 1.139910 1 6 1.000000
..\..\..\Desktop\General\noesis\ds_body
  6 1.747563 5.129465 -2.186869 -0.425040 -0.882760 0.200187 0.835132 1.139910 1 6 1.000000
  7 0.656015 6.360241 -1.313228 0.810832 0.212258 0.545434 0.795551 1.054590 1 7 1.000000
  7 -0.000011 6.091108 -1.810722 0.764712 -0.000000 0.644373 0.838089 1.024330 1 7 1.000000
..\..\..\Desktop\General\noesis\ds_body
  6 0.000010 4.499175 -2.920067 -0.145635 -0.989338 -0.000000 0.927246 1.039330 1 6 1.000000
  6 1.747563 5.129465 -2.186869 -0.425040 -0.882760 0.200187 0.835132 1.139910 1 6 1.000000
  7 -0.000011 6.091108 -1.810722 0.764712 -0.000000 0.644373 0.838089 1.024330 1 7 1.000000
..\..\..\Desktop\General\noesis\ds_body
  6 0.000010 4.499175 -2.920067 -0.145635 -0.989338 -0.000000 0.927246 1.039330 1 6 1.000000
  7 -0.000011 6.091108 -1.810722 0.764712 -0.000000 0.644373 0.838089 1.024330 1 7 1.000000
  6 -1.747557 5.129440 -2.186887 -0.425040 -0.882760 -0.200187 0.835132 1.139910 1 6 1.000000
..\..\..\Desktop\General\noesis\ds_body
  6 0.000010 4.499175 -2.920067 -0.145635 -0.989338 -0.000000 0.927246 1.039330 1 6 1.000000
  6 -1.747557 5.129440 -2.186887 -0.425040 -0.882760 -0.200187 0.835132 1.139910 1 6 1.000000
  6 -0.704739 4.807964 -4.134590 0.548735 -0.787222 -0.281373 0.940841 1.123010 1 6 1.000000
..\..\..\Desktop\General\noesis\ds_body
  6 -0.704739 4.807964 -4.134590 0.548735 -0.787222 -0.281373 0.940841 1.123010 1 6 1.000000
  6 0.000008 5.260020 -4.362115 0.917033 -0.398812 0.000000 0.991927 1.172320 1 6 1.000000
  6 0.000010 4.499175 -2.920067 -0.145635 -0.989338 -0.000000 0.927246 1.039330 1 6 1.000000
..\..\..\Desktop\General\noesis\ds_body
  6 0.704759 4.807975 -4.134583 0.548735 -0.787222 0.281373 0.940841 1.123010 1 6 1.000000
  6 0.000010 4.499175 -2.920067 -0.145635 -0.989338 -0.000000 0.927246 1.039330 1 6 1.000000
  6 0.000008 5.260020 -4.362115 0.917033 -0.398812 0.000000 0.991927 1.172320 1 6 1.000000
..\..\..\Desktop\General\noesis\ds_body
  6 -0.770764 5.655866 -4.739927 0.883886 0.404654 -0.234522 0.949172 1.187030 1 6 1.000000
  6 0.000008 5.260020 -4.362115 0.917033 -0.398812 0.000000 0.991927 1.172320 1 6 1.000000
  6 -0.704739 4.807964 -4.134590 0.548735 -0.787222 -0.281373 0.940841 1.123010 1 6 1.000000
..\..\..\Desktop\General\noesis\ds_body
  6 0.000008 5.260020 -4.362115 0.917033 -0.398812 0.000000 0.991927 1.172320 1 6 1.000000
  6 -0.770764 5.655866 -4.739927 0.883886 0.404654 -0.234522 0.949172 1.187030 1 6 1.000000
  6 -0.000000 6.055177 -3.450611 0.778643 0.627467 0.000000 0.991927 1.276780 1 6 1.000000
..\..\..\Desktop\General\noesis\ds_body
  6 0.000008 5.260020 -4.362115 0.917033 -0.398812 0.000000 0.991927 1.172320 1 6 1.000000
  6 -0.000000 6.055177 -3.450611 0.778643 0.627467 0.000000 0.991927 1.276780 1 6 1.000000
  6 0.770776 5.655877 -4.739919 0.883886 0.404654 0.234522 0.949172 1.187030 1 6 1.000000
..\..\..\Desktop\General\noesis\ds_body
  6 0.770776 5.655877 -4.739919 0.883886 0.404654 0.234522 0.949172 1.187030 1 6 1.000000
  6 0.704759 4.807975 -4.134583 0.548735 -0.787222 0.281373 0.940841 1.123010 1 6 1.000000
  6 0.000008 5.260020 -4.362115 0.917033 -0.398812 0.000000 0.991927 1.172320 1 6 1.000000
..\..\..\Desktop\General\noesis\ds_body
  6 1.194325 5.545438 -4.088127 0.890501 0.002308 0.454976 0.928433 1.206700 1 6 1.000000
  6 1.945596 5.295562 -3.636514 0.516916 -0.541024 0.663393 0.890640 1.175440 1 6 1.000000
  6 0.704759 4.807975 -4.134583 0.548735 -0.787222 0.281373 0.940841 1.123010 1 6 1.000000
..\..\..\Desktop\General\noesis\ds_body
  6 0.770776 5.655877 -4.739919 0.883886 0.404654 0.234522 0.949172 1.187030 1 6 1.000000
  6 1.194325 5.545438 -4.088127 0.890501 0.002308 0.454976 0.928433 1.206700 1 6 1.000000
  6 0.704759 4.807975 -4.134583 0.548735 -0.787222 0.281373 0.940841 1.123010 1 6 1.000000
..\..\..\Desktop\General\noesis\ds_body
  6 -0.000000 6.055177 -3.450611 0.778643 0.627467 0.000000 0.991927 1.276780 1 6 1.000000
  7 -0.000021 8.831380 -3.683172 -0.989875 0.000000 -0.141939 0.991927 1.517690 1 7 1.000000
  6 1.033268 6.165793 -3.292105 0.808005 0.557615 0.190245 0.928375 1.290690 1 6 1.000000
..\..\..\Desktop\General\noesis\ds_body
  7 1.676449 8.765570 -3.165703 -0.743037 -0.667103 -0.053571 0.916455 1.529570 1 7 1.000000
  6 1.033268 6.165793 -3.292105 0.808005 0.557615 0.190245 0.928375 1.290690 1 6 1.000000
  7 -0.000021 8.831380 -3.683172 -0.989875 0.000000 -0.141939 0.991927 1.517690 1 7 1.000000
..\..\..\Desktop\General\noesis\ds_body
  6 -0.000000 6.055177 -3.450611 0.778643 0.627467 0.000000 0.991927 1.276780 1 6 1.000000
  6 1.033268 6.165793 -3.292105 0.808005 0.557615 0.190245 0.928375 1.290690 1 6 1.000000
  6 0.770776 5.655877 -4.739919 0.883886 0.404654 0.234522 0.949172 1.187030 1 6 1.000000
..\..\..\Desktop\General\noesis\ds_body
  6 0.770776 5.655877 -4.739919 0.883886 0.404654 0.234522 0.949172 1.187030 1 6 1.000000
  6 1.033268 6.165793 -3.292105 0.808005 0.557615 0.190245 0.928375 1.290690 1 6 1.000000
  6 1.194325 5.545438 -4.088127 0.890501 0.002308 0.454976 0.928433 1.206700 1 6 1.000000
..\..\..\Desktop\General\noesis\ds_body
  6 -0.000000 6.055177 -3.450611 0.778643 0.627467 0.000000 0.991927 1.276780 1 6 1.000000
  6 -0.770764 5.655866 -4.739927 0.883886 0.404654 -0.234522 0.949172 1.187030 1 6 1.000000
  6 -1.033272 6.165779 -3.292117 0.808005 0.557615 -0.190245 0.928375 1.290690 1 6 1.000000
..\..\..\Desktop\General\noesis\ds_body
  6 -0.000000 6.055177 -3.450611 0.778643 0.627467 0.000000 0.991927 1.276780 1 6 1.000000
  6 -1.033272 6.165779 -3.292117 0.808005 0.557615 -0.190245 0.928375 1.290690 1 6 1.000000
  7 -0.000021 8.831380 -3.683172 -0.989875 0.000000 -0.141939 0.991927 1.517690 1 7 1.000000
..\..\..\Desktop\General\noesis\ds_body
  7 -1.676491 8.765545 -3.165703 -0.743037 0.667103 -0.053571 0.916455 1.529570 1 7 1.000000
  7 -0.000021 8.831380 -3.683172 -0.989875 0.000000 -0.141939 0.991927 1.517690 1 7 1.000000
  6 -1.033272 6.165779 -3.292117 0.808005 0.557615 -0.190245 0.928375 1.290690 1 6 1.000000
..\..\..\Desktop\General\noesis\ds_body
  6 -0.770764 5.655866 -4.739927 0.883886 0.404654 -0.234522 0.949172 1.187030 1 6 1.000000
  6 -0.704739 4.807964 -4.134590 0.548735 -0.787222 -0.281373 0.940841 1.123010 1 6 1.000000
  6 -1.194315 5.545421 -4.088139 0.890501 0.002308 -0.454976 0.928433 1.206700 1 6 1.000000
..\..\..\Desktop\General\noesis\ds_body
  6 -0.770764 5.655866 -4.739927 0.883886 0.404654 -0.234522 0.949172 1.187030 1 6 1.000000
  6 -1.194315 5.545421 -4.088139 0.890501 0.002308 -0.454976 0.928433 1.206700 1 6 1.000000
  6 -1.033272 6.165779 -3.292117 0.808005 0.557615 -0.190245 0.928375 1.290690 1 6 1.000000
..\..\..\Desktop\General\noesis\ds_body
  6 -0.704739 4.807964 -4.134590 0.548735 -0.787222 -0.281373 0.940841 1.123010 1 6 1.000000
  6 -1.747557 5.129440 -2.186887 -0.425040 -0.882760 -0.200187 0.835132 1.139910 1 6 1.000000
  6 -1.945584 5.295534 -3.636534 0.516916 -0.541024 -0.663393 0.890640 1.175440 1 6 1.000000
..\..\..\Desktop\General\noesis\ds_body
  6 -1.194315 5.545421 -4.088139 0.890501 0.002308 -0.454976 0.928433 1.206700 1 6 1.000000
  6 -0.704739 4.807964 -4.134590 0.548735 -0.787222 -0.281373 0.940841 1.123010 1 6 1.000000
  6 -1.945584 5.295534 -3.636534 0.516916 -0.541024 -0.663393 0.890640 1.175440 1 6 1.000000
..\..\..\Desktop\General\noesis\ds_body
  6 -1.921709 6.116666 -4.200991 0.751296 0.557267 -0.353564 0.902421 1.231370 1 6 1.000000
  6 -1.194315 5.545421 -4.088139 0.890501 0.002308 -0.454976 0.928433 1.206700 1 6 1.000000
  6 -1.945584 5.295534 -3.636534 0.516916 -0.541024 -0.663393 0.890640 1.175440 1 6 1.000000
..\..\..\Desktop\General\noesis\ds_body
  6 -1.921709 6.116666 -4.200991 0.751296 0.557267 -0.353564 0.902421 1.231370 1 6 1.000000
  6 -1.033272 6.165779 -3.292117 0.808005 0.557615 -0.190245 0.928375 1.290690 1 6 1.000000
  6 -1.194315 5.545421 -4.088139 0.890501 0.002308 -0.454976 0.928433 1.206700 1 6 1.000000
..\..\..\Desktop\General\noesis\ds_body
  6 -1.791756 6.527040 -2.661746 0.525367 0.679771 -0.511763 0.879046 1.339850 1 6 1.000000
  6 -1.033272 6.165779 -3.292117 0.808005 0.557615 -0.190245 0.928375 1.290690 1 6 1.000000
  6 -1.921709 6.116666 -4.200991 0.751296 0.557267 -0.353564 0.902421 1.231370 1 6 1.000000
..\..\..\Desktop\General\noesis\ds_body
  6 -1.791756 6.527040 -2.661746 0.525367 0.679771 -0.511763 0.879046 1.339850 1 6 1.000000
  7 -1.676491 8.765545 -3.165703 -0.743037 0.667103 -0.053571 0.916455 1.529570 1 7 1.000000
  6 -1.033272 6.165779 -3.292117 0.808005 0.557615 -0.190245 0.928375 1.290690 1 6 1.000000
..\..\..\Desktop\General\noesis\ds_body
  7 -1.676491 8.765545 -3.165703 -0.743037 0.667103 -0.053571 0.916455 1.529570 1 7 1.000000
  6 -1.791756 6.527040 -2.661746 0.525367 0.679771 -0.511763 0.879046 1.339850 1 6 1.000000
  7 -2.256491 8.919006 -1.828004 -0.462080 0.852513 -0.244343 0.853647 1.576070 1 7 1.000000
..\..\..\Desktop\General\noesis\ds_body
  7 -2.256491 8.919006 -1.828004 -0.462080 0.852513 -0.244343 0.853647 1.576070 1 7 1.000000
  6 -1.791756 6.527040 -2.661746 0.525367 0.679771 -0.511763 0.879046 1.339850 1 6 1.000000
  7 -2.191815 7.168715 -1.688687 0.171361 0.851893 -0.494888 0.829706 1.424200 1 7 1.000000
..\..\..\Desktop\General\noesis\ds_body
  6 -1.791756 6.527040 -2.661746 0.525367 0.679771 -0.511763 0.879046 1.339850 1 6 1.000000
  6 -2.794776 6.433292 -2.211273 0.397568 0.397544 -0.826981 0.826439 1.329970 1 6 1.000000
  7 -2.191815 7.168715 -1.688687 0.171361 0.851893 -0.494888 0.829706 1.424200 1 7 1.000000
..\..\..\Desktop\General\noesis\ds_body
  6 -1.791756 6.527040 -2.661746 0.525367 0.679771 -0.511763 0.879046 1.339850 1 6 1.000000
  6 -2.819985 6.553875 -3.086234 0.558004 0.511596 -0.653376 0.853297 1.288220 1 6 1.000000
  6 -2.794776 6.433292 -2.211273 0.397568 0.397544 -0.826981 0.826439 1.329970 1 6 1.000000
..\..\..\Desktop\General\noesis\ds_body
  6 -2.228301 6.070741 -3.352193 0.656351 0.220319 -0.721570 0.880969 1.270380 1 6 1.000000
  6 -2.819985 6.553875 -3.086234 0.558004 0.511596 -0.653376 0.853297 1.288220 1 6 1.000000
  6 -1.791756 6.527040 -2.661746 0.525367 0.679771 -0.511763 0.879046 1.339850 1 6 1.000000
..\..\..\Desktop\General\noesis\ds_body
  6 -1.945584 5.295534 -3.636534 0.516916 -0.541024 -0.663393 0.890640 1.175440 1 6 1.000000
  6 -2.228301 6.070741 -3.352193 0.656351 0.220319 -0.721570 0.880969 1.270380 1 6 1.000000
  6 -1.921709 6.116666 -4.200991 0.751296 0.557267 -0.353564 0.902421 1.231370 1 6 1.000000
..\..\..\Desktop\General\noesis\ds_body
  6 -1.921709 6.116666 -4.200991 0.751296 0.557267 -0.353564 0.902421 1.231370 1 6 1.000000
  6 -2.228301 6.070741 -3.352193 0.656351 0.220319 -0.721570 0.880969 1.270380 1 6 1.000000
  6 -1.791756 6.527040 -2.661746 0.525367 0.679771 -0.511763 0.879046 1.339850 1 6 1.000000
..\..\..\Desktop\General\noesis\ds_body
  6 -1.747557 5.129440 -2.186887 -0.425040 -0.882760 -0.200187 0.835132 1.139910 1 6 1.000000
  6 -2.653680 5.788185 -2.751496 0.270732 -0.442332 -0.855013 0.839427 1.230260 1 6 1.000000
  6 -1.945584 5.295534 -3.636534 0.516916 -0.541024 -0.663393 0.890640 1.175440 1 6 1.000000
..\..\..\Desktop\General\noesis\ds_body
  6 -2.228301 6.070741 -3.352193 0.656351 0.220319 -0.721570 0.880969 1.270380 1 6 1.000000
  6 -1.945584 5.295534 -3.636534 0.516916 -0.541024 -0.663393 0.890640 1.175440 1 6 1.000000
  6 -2.653680 5.788185 -2.751496 0.270732 -0.442332 -0.855013 0.839427 1.230260 1 6 1.000000
..\..\..\Desktop\General\noesis\ds_body
  6 -2.819985 6.553875 -3.086234 0.558004 0.511596 -0.653376 0.853297 1.288220 1 6 1.000000
  6 -2.228301 6.070741 -3.352193 0.656351 0.220319 -0.721570 0.880969 1.270380 1 6 1.000000
  6 -2.653680 5.788185 -2.751496 0.270732 -0.442332 -0.855013 0.839427 1.230260 1 6 1.000000
..\..\..\Desktop\General\noesis\ds_body
  6 -2.653680 5.788185 -2.751496 0.270732 -0.442332 -0.855013 0.839427 1.230260 1 6 1.000000
  6 -2.794776 6.433292 -2.211273 0.397568 0.397544 -0.826981 0.826439 1.329970 1 6 1.000000
  6 -2.819985 6.553875 -3.086234 0.558004 0.511596 -0.653376 0.853297 1.288220 1 6 1.000000
..\..\..\Desktop\General\noesis\ds_body
  6 -1.747557 5.129440 -2.186887 -0.425040 -0.882760 -0.200187 0.835132 1.139910 1 6 1.000000
  6 -2.978676 6.067697 -1.261357 -0.329428 -0.541235 -0.773655 0.779836 1.294990 1 6 1.000000
  6 -2.653680 5.788185 -2.751496 0.270732 -0.442332 -0.855013 0.839427 1.230260 1 6 1.000000
..\..\..\Desktop\General\noesis\ds_body
  6 -2.794776 6.433292 -2.211273 0.397568 0.397544 -0.826981 0.826439 1.329970 1 6 1.000000
  6 -2.653680 5.788185 -2.751496 0.270732 -0.442332 -0.855013 0.839427 1.230260 1 6 1.000000
  6 -2.978676 6.067697 -1.261357 -0.329428 -0.541235 -0.773655 0.779836 1.294990 1 6 1.000000
..\..\..\Desktop\General\noesis\ds_body
  6 -2.978676 6.067697 -1.261357 -0.329428 -0.541235 -0.773655 0.779836 1.294990 1 6 1.000000
  6 -3.330050 6.749906 -1.553794 -0.275486 0.536140 -0.797910 0.798903 1.341760 1 6 1.000000
  6 -2.794776 6.433292 -2.211273 0.397568 0.397544 -0.826981 0.826439 1.329970 1 6 1.000000
..\..\..\Desktop\General\noesis\ds_body
  6 -2.794776 6.433292 -2.211273 0.397568 0.397544 -0.826981 0.826439 1.329970 1 6 1.000000
  6 -3.330050 6.749906 -1.553794 -0.275486 0.536140 -0.797910 0.798903 1.341760 1 6 1.000000
  7 -2.191815 7.168715 -1.688687 0.171361 0.851893 -0.494888 0.829706 1.424200 1 7 1.000000
..\..\..\Desktop\General\noesis\ds_body
  7 -2.191815 7.168715 -1.688687 0.171361 0.851893 -0.494888 0.829706 1.424200 1 7 1.000000
  6 -3.330050 6.749906 -1.553794 -0.275486 0.536140 -0.797910 0.798903 1.341760 1 6 1.000000
  6 -1.761081 6.629624 -0.888897 -0.984105 -0.048473 -0.170844 0.782938 1.403090 1 6 1.000000
..\..\..\Desktop\General\noesis\ds_body
  6 -1.761081 6.629624 -0.888897 -0.984105 -0.048473 -0.170844 0.782938 1.403090 1 6 1.000000
  6 -3.330050 6.749906 -1.553794 -0.275486 0.536140 -0.797910 0.798903 1.341760 1 6 1.000000
  6 -2.978676 6.067697 -1.261357 -0.329428 -0.541235 -0.773655 0.779836 1.294990 1 6 1.000000
..\..\..\Desktop\General\noesis\ds_body
  6 1.761059 6.629651 -0.888879 -0.984579 -0.046763 0.168573 0.782938 1.403090 1 6 1.000000
  6 2.978664 6.067740 -1.261327 -0.329428 -0.541235 0.773655 0.779836 1.294990 1 6 1.000000
  6 3.330030 6.749954 -1.553760 -0.275487 0.536140 0.797910 0.798903 1.341760 1 6 1.000000
..\..\..\Desktop\General\noesis\ds_body
  7 2.191785 7.168746 -1.688687 0.173649 -0.849855 -0.497587 0.829706 1.424200 1 7 1.000000
  6 1.761059 6.629651 -0.888879 -0.984579 -0.046763 0.168573 0.782938 1.403090 1 6 1.000000
  6 3.330030 6.749954 -1.553760 -0.275487 0.536140 0.797910 0.798903 1.341760 1 6 1.000000
..\..\..\Desktop\General\noesis\ds_body
  6 2.794764 6.433332 -2.211245 0.397568 0.397544 0.826981 0.826439 1.329970 1 6 1.000000
  6 2.978664 6.067740 -1.261327 -0.329428 -0.541235 0.773655 0.779836 1.294990 1 6 1.000000
  6 2.653680 5.788224 -2.751469 0.270732 -0.442332 0.855013 0.839427 1.230260 1 6 1.000000
..\..\..\Desktop\General\noesis\ds_body
  6 2.978664 6.067740 -1.261327 -0.329428 -0.541235 0.773655 0.779836 1.294990 1 6 1.000000
  6 2.794764 6.433332 -2.211245 0.397568 0.397544 0.826981 0.826439 1.329970 1 6 1.000000
  6 3.330030 6.749954 -1.553760 -0.275487 0.536140 0.797910 0.798903 1.341760 1 6 1.000000
..\..\..\Desktop\General\noesis\ds_body
  6 2.794764 6.433332 -2.211245 0.397568 0.397544 0.826981 0.826439 1.329970 1 6 1.000000
  7 2.191785 7.168746 -1.688687 0.173649 -0.849855 -0.497587 0.829706 1.424200 1 7 1.000000
  6 3.330030 6.749954 -1.553760 -0.275487 0.536140 0.797910 0.798903 1.341760 1 6 1.000000
..\..\..\Desktop\General\noesis\ds_body
  6 1.791744 6.527067 -2.661727 0.521171 0.682064 0.513001 0.879046 1.339850 1 6 1.000000
  7 2.191785 7.168746 -1.688687 0.173649 -0.849855 -0.497587 0.829706 1.424200 1 7 1.000000
  6 2.794764 6.433332 -2.211245 0.397568 0.397544 0.826981 0.826439 1.329970 1 6 1.000000
..\..\..\Desktop\General\noesis\ds_body
  7 1.676449 8.765570 -3.165703 -0.743037 -0.667103 -0.053571 0.916455 1.529570 1 7 1.000000
  7 2.256449 8.919039 -1.828004 -0.462080 -0.852513 -0.244343 0.853647 1.576070 1 7 1.000000
  6 1.791744 6.527067 -2.661727 0.521171 0.682064 0.513001 0.879046 1.339850 1 6 1.000000
..\..\..\Desktop\General\noesis\ds_body
  6 1.791744 6.527067 -2.661727 0.521171 0.682064 0.513001 0.879046 1.339850 1 6 1.000000
  6 1.033268 6.165793 -3.292105 0.808005 0.557615 0.190245 0.928375 1.290690 1 6 1.000000
  7 1.676449 8.765570 -3.165703 -0.743037 -0.667103 -0.053571 0.916455 1.529570 1 7 1.000000
..\..\..\Desktop\General\noesis\ds_body
  7 2.256449 8.919039 -1.828004 -0.462080 -0.852513 -0.244343 0.853647 1.576070 1 7 1.000000
  7 2.191785 7.168746 -1.688687 0.173649 -0.849855 -0.497587 0.829706 1.424200 1 7 1.000000
  6 1.791744 6.527067 -2.661727 0.521171 0.682064 0.513001 0.879046 1.339850 1 6 1.000000
..\..\..\Desktop\General\noesis\ds_body
  6 1.791744 6.527067 -2.661727 0.521171 0.682064 0.513001 0.879046 1.339850 1 6 1.000000
  6 1.921711 6.116693 -4.200971 0.751296 0.557267 0.353565 0.902421 1.231370 1 6 1.000000
  6 1.033268 6.165793 -3.292105 0.808005 0.557615 0.190245 0.928375 1.290690 1 6 1.000000
..\..\..\Desktop\General\noesis\ds_body
  6 1.921711 6.116693 -4.200971 0.751296 0.557267 0.353565 0.902421 1.231370 1 6 1.000000
  6 1.194325 5.545438 -4.088127 0.890501 0.002308 0.454976 0.928433 1.206700 1 6 1.000000
  6 1.033268 6.165793 -3.292105 0.808005 0.557615 0.190245 0.928375 1.290690 1 6 1.000000
..\..\..\Desktop\General\noesis\ds_body
  6 1.921711 6.116693 -4.200971 0.751296 0.557267 0.353565 0.902421 1.231370 1 6 1.000000
  6 1.945596 5.295562 -3.636514 0.516916 -0.541024 0.663393 0.890640 1.175440 1 6 1.000000
  6 1.194325 5.545438 -4.088127 0.890501 0.002308 0.454976 0.928433 1.206700 1 6 1.000000
..\..\..\Desktop\General\noesis\ds_body
  6 2.228299 6.070773 -3.352170 0.656351 0.220319 0.721570 0.880969 1.270380 1 6 1.000000
  6 2.653680 5.788224 -2.751469 0.270732 -0.442332 0.855013 0.839427 1.230260 1 6 1.000000
  6 1.945596 5.295562 -3.636514 0.516916 -0.541024 0.663393 0.890640 1.175440 1 6 1.000000
..\..\..\Desktop\General\noesis\ds_body
  6 1.921711 6.116693 -4.200971 0.751296 0.557267 0.353565 0.902421 1.231370 1 6 1.000000
  6 1.791744 6.527067 -2.661727 0.521171 0.682064 0.513001 0.879046 1.339850 1 6 1.000000
  6 2.228299 6.070773 -3.352170 0.656351 0.220319 0.721570 0.880969 1.270380 1 6 1.000000
..\..\..\Desktop\General\noesis\ds_body
  6 1.945596 5.295562 -3.636514 0.516916 -0.541024 0.663393 0.890640 1.175440 1 6 1.000000
  6 1.921711 6.116693 -4.200971 0.751296 0.557267 0.353565 0.902421 1.231370 1 6 1.000000
  6 2.228299 6.070773 -3.352170 0.656351 0.220319 0.721570 0.880969 1.270380 1 6 1.000000
..\..\..\Desktop\General\noesis\ds_body
  6 2.819975 6.553916 -3.086205 0.558004 0.511596 0.653376 0.853297 1.288220 1 6 1.000000
  6 2.653680 5.788224 -2.751469 0.270732 -0.442332 0.855013 0.839427 1.230260 1 6 1.000000
  6 2.228299 6.070773 -3.352170 0.656351 0.220319 0.721570 0.880969 1.270380 1 6 1.000000
..\..\..\Desktop\General\noesis\ds_body
  6 2.228299 6.070773 -3.352170 0.656351 0.220319 0.721570 0.880969 1.270380 1 6 1.000000
  6 1.791744 6.527067 -2.661727 0.521171 0.682064 0.513001 0.879046 1.339850 1 6 1.000000
  6 2.819975 6.553916 -3.086205 0.558004 0.511596 0.653376 0.853297 1.288220 1 6 1.000000
..\..\..\Desktop\General\noesis\ds_body
  6 1.791744 6.527067 -2.661727 0.521171 0.682064 0.513001 0.879046 1.339850 1 6 1.000000
  6 2.794764 6.433332 -2.211245 0.397568 0.397544 0.826981 0.826439 1.329970 1 6 1.000000
  6 2.819975 6.553916 -3.086205 0.558004 0.511596 0.653376 0.853297 1.288220 1 6 1.000000
..\..\..\Desktop\General\noesis\ds_body
  6 2.653680 5.788224 -2.751469 0.270732 -0.442332 0.855013 0.839427 1.230260 1 6 1.000000
  6 2.819975 6.553916 -3.086205 0.558004 0.511596 0.653376 0.853297 1.288220 1 6 1.000000
  6 2.794764 6.433332 -2.211245 0.397568 0.397544 0.826981 0.826439 1.329970 1 6 1.000000
..\..\..\Desktop\General\noesis\ds_body
  6 -1.747557 5.129440 -2.186887 -0.425040 -0.882760 -0.200187 0.835132 1.139910 1 6 1.000000
  7 -0.000011 6.091108 -1.810722 0.764712 -0.000000 0.644373 0.838089 1.024330 1 7 1.000000
  7 -0.656039 6.360231 -1.313228 0.812146 -0.213370 0.543040 0.795551 1.054590 1 7 1.000000
..\..\..\Desktop\General\noesis\ds_body
  6 -1.747557 5.129440 -2.186887 -0.425040 -0.882760 -0.200187 0.835132 1.139910 1 6 1.000000
  6 -1.761081 6.629624 -0.888897 -0.984105 -0.048473 -0.170844 0.767494 1.195170 1 6 1.000000
  6 -2.978676 6.067697 -1.261357 -0.329428 -0.541235 -0.773655 0.779836 1.294990 1 6 1.000000
..\..\..\Desktop\General\noesis\ds_body
  6 -1.761081 6.629624 -0.888897 -0.984105 -0.048473 -0.170844 0.767494 1.195170 1 6 1.000000
  6 -1.747557 5.129440 -2.186887 -0.425040 -0.882760 -0.200187 0.835132 1.139910 1 6 1.000000
  7 -0.656039 6.360231 -1.313228 0.812146 -0.213370 0.543040 0.795551 1.054590 1 7 1.000000
..\..\..\Desktop\General\noesis\ds_body
  6 -1.761081 6.629624 -0.888897 -0.984105 -0.048473 -0.170844 0.767494 1.195170 1 6 1.000000
  7 -0.656039 6.360231 -1.313228 0.812146 -0.213370 0.543040 0.795551 1.054590 1 7 1.000000
  7 -1.576044 6.938534 -0.893315 0.873407 0.486709 -0.016551 0.761645 1.151890 1 7 1.000000
end
