version 1
nodes
  0 "wristL"  1
  1 "armL2"  2
  2 "armL1"  7
  3 "wristR"  4
  4 "armR2"  5
  5 "armR1"  7
  6 "head"  7
  7 "spine"  9
  8 "waist"  9
  9 "skl_root"  10
  10 "all_root"  -1
end
skeleton
time 0
  0 1.400000 0.000000 0.000000 0.000000 -0.000000 0.000000
  1 1.700000 0.000000 0.000000 0.000000 -0.000000 0.000000
  2 3.000000 -1.700000 0.000000 0.000000 -0.000000 -1.570800
  3 1.400000 -0.000000 0.000000 -0.000000 -0.000000 0.000000
  4 1.700000 -0.000000 -0.000000 -0.000000 -0.000000 0.000000
  5 3.000000 1.700000 0.000000 -3.141590 -0.000000 1.570800
  6 4.000000 0.000000 0.000000 -0.000000 -1.570796 -0.000000
  7 0.000000 0.000000 0.000000 0.000000 -0.000000 1.570800
  8 0.000000 0.000000 0.000000 -0.000000 -1.570796 -0.000000
  9 0.000000 0.000000 0.000000 0.000000 -0.000000 0.000000
  10 0.000000 0.000000 0.000000 0.000000 -0.000000 0.000000
end
triangles
..\..\..\Desktop\General\noesis\lg_eye.0
  6 -1.270587 7.528936 1.177736 0.803504 0.593948 0.040079 0.183205 0.776298 1 6 1.000000
  6 -0.000027 7.595684 1.698746 0.997572 -0.000000 -0.069645 1.000000 0.786847 1 6 1.000000
  6 -0.000031 8.472354 1.580762 0.999116 -0.000000 -0.042035 1.000000 0.996922 1 6 1.000000
..\..\..\Desktop\General\noesis\lg_eye.0
  6 -1.351130 8.171796 1.184570 0.846089 0.527725 0.075098 0.091743 0.942183 1 6 1.000000
  6 -1.270587 7.528936 1.177736 0.803504 0.593948 0.040079 0.183205 0.776298 1 6 1.000000
  6 -0.000031 8.472354 1.580762 0.999116 -0.000000 -0.042035 1.000000 0.996922 1 6 1.000000
..\..\..\Desktop\General\noesis\lg_eye.0
  6 -0.000023 6.339754 1.677197 0.969654 -0.000000 -0.244480 1.000000 0.510556 1 6 1.000000
  6 -0.000027 7.595684 1.698746 0.997572 -0.000000 -0.069645 1.000000 0.786847 1 6 1.000000
  6 -1.270587 7.528936 1.177736 0.803504 0.593948 0.040079 0.183205 0.776298 1 6 1.000000
..\..\..\Desktop\General\noesis\lg_eye.0
  6 -1.173813 6.435207 1.251308 0.743240 0.667176 -0.049700 0.271463 0.530086 1 6 1.000000
  6 -0.000023 6.339754 1.677197 0.969654 -0.000000 -0.244480 1.000000 0.510556 1 6 1.000000
  6 -1.270587 7.528936 1.177736 0.803504 0.593948 0.040079 0.183205 0.776298 1 6 1.000000
..\..\..\Desktop\General\noesis\lg_eye.0
  6 -0.000023 6.339754 1.677197 0.969654 -0.000000 -0.244480 1.000000 0.510556 1 6 1.000000
  6 -1.173813 6.435207 1.251308 0.743240 0.667176 -0.049700 0.271463 0.530086 1 6 1.000000
  6 -0.000020 5.536422 2.095690 1.000000 -0.000000 0.000749 1.000000 0.390379 1 6 1.000000
..\..\..\Desktop\General\noesis\lg_eye.0
  6 -0.000020 5.536422 2.095690 1.000000 -0.000000 0.000749 1.000000 0.390379 1 6 1.000000
  6 1.173767 6.435224 1.251308 0.743240 -0.667176 -0.049700 1.728540 0.530086 1 6 1.000000
  6 -0.000023 6.339754 1.677197 0.969654 -0.000000 -0.244480 1.000000 0.510556 1 6 1.000000
..\..\..\Desktop\General\noesis\lg_eye.0
  6 0.721636 4.949203 1.483326 0.745026 -0.606034 0.278675 1.504780 0.266725 1 6 1.000000
  6 1.173767 6.435224 1.251308 0.743240 -0.667176 -0.049700 1.728540 0.530086 1 6 1.000000
  6 -0.000020 5.536422 2.095690 1.000000 -0.000000 0.000749 1.000000 0.390379 1 6 1.000000
..\..\..\Desktop\General\noesis\lg_eye.0
  6 -0.000018 4.906004 1.807106 0.878705 -0.000107 0.477365 1.000000 0.260056 1 6 1.000000
  6 0.721636 4.949203 1.483326 0.745026 -0.606034 0.278675 1.504780 0.266725 1 6 1.000000
  6 -0.000020 5.536422 2.095690 1.000000 -0.000000 0.000749 1.000000 0.390379 1 6 1.000000
..\..\..\Desktop\General\noesis\lg_eye.0
  6 -0.000020 5.536422 2.095690 1.000000 -0.000000 0.000749 1.000000 0.390379 1 6 1.000000
  6 -1.173813 6.435207 1.251308 0.743240 0.667176 -0.049700 0.271463 0.530086 1 6 1.000000
  6 -0.721672 4.949193 1.483326 0.736573 0.612025 0.287899 0.495217 0.266725 1 6 1.000000
..\..\..\Desktop\General\noesis\lg_eye.0
  6 -0.000018 4.906004 1.807106 0.878705 -0.000107 0.477365 1.000000 0.260056 1 6 1.000000
  6 -0.000020 5.536422 2.095690 1.000000 -0.000000 0.000749 1.000000 0.390379 1 6 1.000000
  6 -0.721672 4.949193 1.483326 0.736573 0.612025 0.287899 0.495217 0.266725 1 6 1.000000
..\..\..\Desktop\General\noesis\lg_eye.0
  6 -0.000018 4.906004 1.807106 0.878705 -0.000107 0.477365 1.000000 0.260056 1 6 1.000000
  6 -0.721672 4.949193 1.483326 0.736573 0.612025 0.287899 0.495217 0.266725 1 6 1.000000
  6 -0.374171 4.122623 1.213400 0.529682 0.438174 0.726251 0.707834 0.005355 1 6 1.000000
..\..\..\Desktop\General\noesis\lg_eye.0
  6 0.721636 4.949203 1.483326 0.745026 -0.606034 0.278675 1.504780 0.266725 1 6 1.000000
  6 -0.000018 4.906004 1.807106 0.878705 -0.000107 0.477365 1.000000 0.260056 1 6 1.000000
  6 0.382916 4.122630 1.213400 0.543098 -0.425153 0.724079 1.292170 0.005355 1 6 1.000000
..\..\..\Desktop\General\noesis\lg_eye.0
  6 -0.374171 4.122623 1.213400 0.529682 0.438174 0.726251 0.707834 0.005355 1 6 1.000000
  6 0.382916 4.122630 1.213400 0.543098 -0.425153 0.724079 1.292170 0.005355 1 6 1.000000
  6 -0.000018 4.906004 1.807106 0.878705 -0.000107 0.477365 1.000000 0.260056 1 6 1.000000
..\..\..\Desktop\General\noesis\lg_eye.0
  6 0.382916 4.122630 1.213400 0.543098 -0.425153 0.724079 1.292170 0.005355 1 6 1.000000
  6 1.048063 4.822768 1.057696 0.365698 -0.818095 0.443830 1.788560 0.249298 1 6 1.000000
  6 0.721636 4.949203 1.483326 0.745026 -0.606034 0.278675 1.504780 0.266725 1 6 1.000000
..\..\..\Desktop\General\noesis\lg_eye.0
  6 1.270533 7.528955 1.177736 0.803504 -0.593948 0.040079 1.816800 0.776298 1 6 1.000000
  6 -0.000031 8.472354 1.580762 0.999116 -0.000000 -0.042035 1.000000 0.996922 1 6 1.000000
  6 -0.000027 7.595684 1.698746 0.997572 -0.000000 -0.069645 1.000000 0.786847 1 6 1.000000
..\..\..\Desktop\General\noesis\lg_eye.0
  6 1.173767 6.435224 1.251308 0.743240 -0.667176 -0.049700 1.728540 0.530086 1 6 1.000000
  6 1.270533 7.528955 1.177736 0.803504 -0.593948 0.040079 1.816800 0.776298 1 6 1.000000
  6 -0.000023 6.339754 1.677197 0.969654 -0.000000 -0.244480 1.000000 0.510556 1 6 1.000000
..\..\..\Desktop\General\noesis\lg_eye.0
  6 1.270533 7.528955 1.177736 0.803504 -0.593948 0.040079 1.816800 0.776298 1 6 1.000000
  6 -0.000027 7.595684 1.698746 0.997572 -0.000000 -0.069645 1.000000 0.786847 1 6 1.000000
  6 -0.000023 6.339754 1.677197 0.969654 -0.000000 -0.244480 1.000000 0.510556 1 6 1.000000
..\..\..\Desktop\General\noesis\lg_eye.0
  6 1.351070 8.171816 1.184570 0.846089 -0.527725 0.075098 1.908260 0.942183 1 6 1.000000
  6 -0.000031 8.472354 1.580762 0.999116 -0.000000 -0.042035 1.000000 0.996922 1 6 1.000000
  6 1.270533 7.528955 1.177736 0.803504 -0.593948 0.040079 1.816800 0.776298 1 6 1.000000
..\..\..\Desktop\General\noesis\lg_eye.0
  6 -1.020787 4.822752 1.057696 0.339973 0.815080 0.469108 0.210352 0.249298 1 6 1.000000
  6 -0.374171 4.122623 1.213400 0.529682 0.438174 0.726251 0.707834 0.005355 1 6 1.000000
  6 -0.721672 4.949193 1.483326 0.736573 0.612025 0.287899 0.495217 0.266725 1 6 1.000000
..\..\..\Desktop\General\noesis\lg_all
  6 -0.638993 4.688533 -0.732126 -0.234124 0.669770 0.704695 1.000520 0.063789 1 6 1.000000
  6 -0.000016 4.387640 -0.913786 -0.506666 -0.000198 0.862143 1.001770 0.063789 1 6 1.000000
  7 -0.009048 1.071530 -0.050807 -0.821701 0.042432 -0.568338 0.999527 0.231027 1 7 1.000000
..\..\..\Desktop\General\noesis\lg_all
  6 -0.931517 4.437537 0.114794 0.041226 0.821332 0.568958 0.996269 0.134498 1 6 1.000000
  6 -0.638993 4.688533 -0.732126 -0.234124 0.669770 0.704695 1.000520 0.063789 1 6 1.000000
  7 -0.009048 1.071530 -0.050807 -0.821701 0.042432 -0.568338 0.999527 0.231027 1 7 1.000000
..\..\..\Desktop\General\noesis\lg_all
  6 -0.000014 3.824164 0.505342 0.606596 0.015674 0.794856 0.993583 0.139215 1 6 1.000000
  6 -0.931517 4.437537 0.114794 0.041226 0.821332 0.568958 0.996269 0.134498 1 6 1.000000
  7 -0.009048 1.071530 -0.050807 -0.821701 0.042432 -0.568338 0.999527 0.231027 1 7 1.000000
..\..\..\Desktop\General\noesis\lg_all
  6 1.013414 4.437551 0.114794 0.036110 -0.825568 0.563146 0.996269 0.134498 1 6 1.000000
  6 -0.000014 3.824164 0.505342 0.606596 0.015674 0.794856 0.993583 0.139215 1 6 1.000000
  7 -0.009048 1.071530 -0.050807 -0.821701 0.042432 -0.568338 0.999527 0.231027 1 7 1.000000
..\..\..\Desktop\General\noesis\lg_all
  6 -0.000016 4.387640 -0.913786 -0.506666 -0.000198 0.862143 1.001770 0.063789 1 6 1.000000
  6 0.638959 4.688542 -0.732126 -0.263957 -0.658847 0.704448 1.000520 0.063789 1 6 1.000000
  7 -0.009048 1.071530 -0.050807 -0.821701 0.042432 -0.568338 0.999527 0.231027 1 7 1.000000
..\..\..\Desktop\General\noesis\lg_all
  6 0.638959 4.688542 -0.732126 -0.263957 -0.658847 0.704448 1.000520 0.063789 1 6 1.000000
  6 1.013414 4.437551 0.114794 0.036110 -0.825568 0.563146 0.996269 0.134498 1 6 1.000000
  7 -0.009048 1.071530 -0.050807 -0.821701 0.042432 -0.568338 0.999527 0.231027 1 7 1.000000
..\..\..\Desktop\General\noesis\lg_all
  7 0.944442 -0.993484 0.870723 -0.979685 -0.200511 0.003577 0.480339 0.495324 1 7 1.000000
  7 0.000004 -1.046330 -0.565754 -0.985621 0.000000 -0.168972 0.532206 0.511228 1 7 1.000000
  7 0.993037 -0.539753 -1.166770 -0.632711 -0.380413 -0.674509 0.481216 0.511228 1 7 1.000000
..\..\..\Desktop\General\noesis\lg_all
  7 0.993037 -0.539753 -1.166770 -0.632711 -0.380413 -0.674509 0.481216 0.511228 1 7 1.000000
  7 1.883512 -0.515082 0.440631 -0.575346 -0.813382 -0.085945 0.437570 0.481711 1 7 1.000000
  7 0.944442 -0.993484 0.870723 -0.979685 -0.200511 0.003577 0.480339 0.495324 1 7 1.000000
..\..\..\Desktop\General\noesis\lg_all
  7 1.883512 -0.515082 0.440631 -0.575346 -0.813382 -0.085945 0.437570 0.481711 1 7 1.000000
  7 0.993037 -0.539753 -1.166770 -0.632711 -0.380413 -0.674509 0.481216 0.511228 1 7 1.000000
  7 1.895429 0.139313 -0.634891 -0.291939 -0.915820 -0.275762 0.442425 0.501736 1 7 1.000000
..\..\..\Desktop\General\noesis\lg_all
  7 1.883512 -0.515082 0.440631 -0.575346 -0.813382 -0.085945 0.437570 0.481711 1 7 1.000000
  7 1.895429 0.139313 -0.634891 -0.291939 -0.915820 -0.275762 0.442425 0.501736 1 7 1.000000
  7 2.058880 0.000500 0.592432 -0.563149 -0.818762 -0.111768 0.402222 0.502120 1 7 1.000000
..\..\..\Desktop\General\noesis\lg_all
  8 1.978229 0.599545 0.183391 -0.192816 0.159018 -0.968264 0.404275 0.485423 1 8 1.000000
  7 1.883512 -0.515082 0.440631 -0.575346 -0.813382 -0.085945 0.437570 0.481711 1 7 1.000000
  7 2.058880 0.000500 0.592432 -0.563149 -0.818762 -0.111768 0.402222 0.502120 1 7 1.000000
..\..\..\Desktop\General\noesis\lg_all
  8 1.072258 1.439440 0.492887 -0.880701 0.187323 0.435058 0.354878 0.495321 1 8 1.000000
  8 1.978229 0.599545 0.183391 -0.192816 0.159018 -0.968264 0.404275 0.485423 1 8 1.000000
  7 2.058880 0.000500 0.592432 -0.563149 -0.818762 -0.111768 0.402222 0.502120 1 7 1.000000
..\..\..\Desktop\General\noesis\lg_all
  7 2.058880 0.000500 0.592432 -0.563149 -0.818762 -0.111768 0.402222 0.502120 1 7 1.000000
  7 1.150251 -0.352370 1.533370 -0.729278 -0.532851 0.429212 0.356733 0.511228 1 7 1.000000
  8 1.072258 1.439440 0.492887 -0.880701 0.187323 0.435058 0.354878 0.495321 1 8 1.000000
..\..\..\Desktop\General\noesis\lg_all
  7 0.000004 -1.003960 1.020450 -0.806180 0.000000 -0.591670 0.310642 0.511228 1 7 1.000000
  8 1.072258 1.439440 0.492887 -0.880701 0.187323 0.435058 0.354878 0.495321 1 8 1.000000
  7 1.150251 -0.352370 1.533370 -0.729278 -0.532851 0.429212 0.356733 0.511228 1 7 1.000000
..\..\..\Desktop\General\noesis\lg_all
  7 0.000004 -1.003960 1.020450 -0.806180 0.000000 -0.591670 0.310642 0.511228 1 7 1.000000
  8 0.074624 1.109640 2.136640 0.020669 0.735233 0.677499 0.299831 0.447314 1 8 1.000000
  8 1.072258 1.439440 0.492887 -0.880701 0.187323 0.435058 0.354878 0.495321 1 8 1.000000
..\..\..\Desktop\General\noesis\lg_all
  8 1.032592 1.649300 2.254678 0.052737 0.947105 -0.316560 0.355252 0.403165 1 8 1.000000
  8 1.978229 0.599545 0.183391 -0.192816 0.159018 -0.968264 0.404275 0.485423 1 8 1.000000
  8 1.072258 1.439440 0.492887 -0.880701 0.187323 0.435058 0.354878 0.495321 1 8 1.000000
..\..\..\Desktop\General\noesis\lg_all
  8 1.072258 1.439440 0.492887 -0.880701 0.187323 0.435058 0.354878 0.495321 1 8 1.000000
  8 0.074624 1.109640 2.136640 0.020669 0.735233 0.677499 0.299831 0.447314 1 8 1.000000
  8 1.032592 1.649300 2.254678 0.052737 0.947105 -0.316560 0.355252 0.403165 1 8 1.000000
..\..\..\Desktop\General\noesis\lg_all
  8 2.011512 0.432039 2.250444 0.078037 0.324898 -0.942524 0.417907 0.439314 1 8 1.000000
  7 1.883512 -0.515082 0.440631 -0.575346 -0.813382 -0.085945 0.437570 0.481711 1 7 1.000000
  8 1.978229 0.599545 0.183391 -0.192816 0.159018 -0.968264 0.404275 0.485423 1 8 1.000000
..\..\..\Desktop\General\noesis\lg_all
  8 2.011512 0.432039 2.250444 0.078037 0.324898 -0.942524 0.417907 0.439314 1 8 1.000000
  8 1.978229 0.599545 0.183391 -0.192816 0.159018 -0.968264 0.404275 0.485423 1 8 1.000000
  8 1.032592 1.649300 2.254678 0.052737 0.947105 -0.316560 0.355252 0.403165 1 8 1.000000
..\..\..\Desktop\General\noesis\lg_all
  8 0.074624 1.109640 2.136640 0.020669 0.735233 0.677499 0.299831 0.447314 1 8 1.000000
  8 1.032579 1.454590 3.053388 0.372223 0.909942 -0.182906 0.355274 0.398993 1 8 1.000000
  8 1.032592 1.649300 2.254678 0.052737 0.947105 -0.316560 0.355252 0.403165 1 8 1.000000
..\..\..\Desktop\General\noesis\lg_all
  8 1.032579 1.454590 3.053388 0.372223 0.909942 -0.182906 0.355274 0.398993 1 8 1.000000
  8 2.011512 0.432039 2.250444 0.078037 0.324898 -0.942524 0.417907 0.439314 1 8 1.000000
  8 1.032592 1.649300 2.254678 0.052737 0.947105 -0.316560 0.355252 0.403165 1 8 1.000000
..\..\..\Desktop\General\noesis\lg_all
  8 1.032579 1.454590 3.053388 0.372223 0.909942 -0.182906 0.355274 0.398993 1 8 1.000000
  8 2.122187 -0.452648 3.506176 -0.014095 0.111734 -0.993638 0.418571 0.252678 1 8 1.000000
  8 2.011512 0.432039 2.250444 0.078037 0.324898 -0.942524 0.417907 0.439314 1 8 1.000000
..\..\..\Desktop\General\noesis\lg_all
  8 1.032579 1.454590 3.053388 0.372223 0.909942 -0.182906 0.355274 0.398993 1 8 1.000000
  8 1.032586 1.015630 3.878558 -0.314926 0.947720 -0.051469 0.355387 0.252678 1 8 1.000000
  8 2.122187 -0.452648 3.506176 -0.014095 0.111734 -0.993638 0.418571 0.252678 1 8 1.000000
..\..\..\Desktop\General\noesis\lg_all
  8 0.066389 0.378866 3.925740 0.049083 0.319983 0.946151 0.299831 0.252678 1 8 1.000000
  8 1.032586 1.015630 3.878558 -0.314926 0.947720 -0.051469 0.355387 0.252678 1 8 1.000000
  8 1.032579 1.454590 3.053388 0.372223 0.909942 -0.182906 0.355274 0.398993 1 8 1.000000
..\..\..\Desktop\General\noesis\lg_all
  8 0.066389 0.378866 3.925740 0.049083 0.319983 0.946151 0.299831 0.252678 1 8 1.000000
  8 1.032579 1.454590 3.053388 0.372223 0.909942 -0.182906 0.355274 0.398993 1 8 1.000000
  8 0.074624 1.109640 2.136640 0.020669 0.735233 0.677499 0.299831 0.447314 1 8 1.000000
..\..\..\Desktop\General\noesis\lg_all
  7 -1.501288 2.338979 1.469130 0.372983 0.698667 0.610531 0.841781 0.692595 1 7 1.000000
  7 -0.000010 2.671130 1.805340 0.563871 0.000000 0.825863 0.968678 0.728499 1 7 1.000000
  7 -1.366172 3.270580 0.705335 0.628352 0.278457 0.726385 0.851714 0.867122 1 7 1.000000
..\..\..\Desktop\General\noesis\lg_all
  7 -1.835467 2.090296 -0.041978 -0.396381 0.917839 0.021324 0.735458 0.662976 1 7 1.000000
  7 -1.501288 2.338979 1.469130 0.372983 0.698667 0.610531 0.841781 0.692595 1 7 1.000000
  7 -1.366172 3.270580 0.705335 0.628352 0.278457 0.726385 0.851714 0.867122 1 7 1.000000
..\..\..\Desktop\General\noesis\lg_all
  7 -1.835467 2.090296 -0.041978 -0.396381 0.917839 0.021324 0.735458 0.662976 1 7 1.000000
  7 -2.113695 1.311944 0.477160 0.130131 0.986752 0.096880 0.762210 0.580685 1 7 1.000000
  7 -1.501288 2.338979 1.469130 0.372983 0.698667 0.610531 0.841781 0.692595 1 7 1.000000
..\..\..\Desktop\General\noesis\lg_all
  7 -1.880094 1.139666 -1.040070 0.083116 0.697488 -0.711760 0.694121 0.490402 1 7 1.000000
  7 -2.113695 1.311944 0.477160 0.130131 0.986752 0.096880 0.762210 0.580685 1 7 1.000000
  7 -1.835467 2.090296 -0.041978 -0.396381 0.917839 0.021324 0.735458 0.662976 1 7 1.000000
..\..\..\Desktop\General\noesis\lg_all
  7 -1.835467 2.090296 -0.041978 -0.396381 0.917839 0.021324 0.735458 0.662976 1 7 1.000000
  7 -1.485341 2.965760 -0.836196 0.358392 0.295172 -0.885680 0.694140 0.746955 1 7 1.000000
  7 -1.880094 1.139666 -1.040070 0.083116 0.697488 -0.711760 0.694121 0.490402 1 7 1.000000
..\..\..\Desktop\General\noesis\lg_all
  7 -0.000008 2.099140 -1.234300 0.166033 0.000000 -0.986120 0.587056 0.642871 1 7 1.000000
  7 -1.880094 1.139666 -1.040070 0.083116 0.697488 -0.711760 0.694121 0.490402 1 7 1.000000
  7 -1.485341 2.965760 -0.836196 0.358392 0.295172 -0.885680 0.694140 0.746955 1 7 1.000000
..\..\..\Desktop\General\noesis\lg_all
  7 -0.000002 0.637929 -1.482360 -0.051379 0.000000 -0.998679 0.587056 0.345378 1 7 1.000000
  7 -1.880094 1.139666 -1.040070 0.083116 0.697488 -0.711760 0.694121 0.490402 1 7 1.000000
  7 -0.000008 2.099140 -1.234300 0.166033 0.000000 -0.986120 0.587056 0.642871 1 7 1.000000
..\..\..\Desktop\General\noesis\lg_all
  7 -0.993033 -0.539767 -1.166770 -0.635859 0.366939 -0.678998 0.641152 0.300064 1 7 1.000000
  7 -1.880094 1.139666 -1.040070 0.083116 0.697488 -0.711760 0.694121 0.490402 1 7 1.000000
  7 -0.000002 0.637929 -1.482360 -0.051379 0.000000 -0.998679 0.587056 0.345378 1 7 1.000000
..\..\..\Desktop\General\noesis\lg_all
  7 -0.000002 0.637929 -1.482360 -0.051379 0.000000 -0.998679 0.587056 0.345378 1 7 1.000000
  7 0.000002 -0.539761 -1.166770 -0.536381 0.000000 -0.843976 0.587056 0.300064 1 7 1.000000
  7 -0.993033 -0.539767 -1.166770 -0.635859 0.366939 -0.678998 0.641152 0.300064 1 7 1.000000
..\..\..\Desktop\General\noesis\lg_all
  7 -0.000002 0.637929 -1.482360 -0.051379 0.000000 -0.998679 0.587056 0.345378 1 7 1.000000
  7 0.993037 -0.539753 -1.166770 -0.632711 -0.380413 -0.674509 0.641152 0.300064 1 7 1.000000
  7 0.000002 -0.539761 -1.166770 -0.536381 0.000000 -0.843976 0.587056 0.300064 1 7 1.000000
..\..\..\Desktop\General\noesis\lg_all
  7 0.993037 -0.539753 -1.166770 -0.632711 -0.380413 -0.674509 0.641152 0.300064 1 7 1.000000
  7 -0.000002 0.637929 -1.482360 -0.051379 0.000000 -0.998679 0.587056 0.345378 1 7 1.000000
  7 1.880086 1.139694 -1.040080 0.065506 -0.707221 -0.703951 0.694121 0.490402 1 7 1.000000
..\..\..\Desktop\General\noesis\lg_all
  7 -0.000002 0.637929 -1.482360 -0.051379 0.000000 -0.998679 0.587056 0.345378 1 7 1.000000
  7 -0.000008 2.099140 -1.234300 0.166033 0.000000 -0.986120 0.587056 0.642871 1 7 1.000000
  7 1.880086 1.139694 -1.040080 0.065506 -0.707221 -0.703951 0.694121 0.490402 1 7 1.000000
..\..\..\Desktop\General\noesis\lg_all
  7 1.880086 1.139694 -1.040080 0.065506 -0.707221 -0.703951 0.694121 0.490402 1 7 1.000000
  7 1.895429 0.139313 -0.634891 -0.291939 -0.915820 -0.275762 0.723485 0.378198 1 7 1.000000
  7 0.993037 -0.539753 -1.166770 -0.632711 -0.380413 -0.674509 0.641152 0.300064 1 7 1.000000
..\..\..\Desktop\General\noesis\lg_all
  7 1.895429 0.139313 -0.634891 -0.291939 -0.915820 -0.275762 0.723485 0.378198 1 7 1.000000
  7 1.880086 1.139694 -1.040080 0.065506 -0.707221 -0.703951 0.694121 0.490402 1 7 1.000000
  7 2.113685 1.311976 0.477160 0.116256 -0.989377 0.087274 0.762210 0.580685 1 7 1.000000
..\..\..\Desktop\General\noesis\lg_all
  7 1.895429 0.139313 -0.634891 -0.291939 -0.915820 -0.275762 0.723485 0.378198 1 7 1.000000
  7 2.113685 1.311976 0.477160 0.116256 -0.989377 0.087274 0.762210 0.580685 1 7 1.000000
  7 2.058880 0.000500 0.592432 -0.563149 -0.818762 -0.111768 0.777715 0.413192 1 7 1.000000
..\..\..\Desktop\General\noesis\lg_all
  7 2.113685 1.311976 0.477160 0.116256 -0.989377 0.087274 0.762210 0.580685 1 7 1.000000
  7 1.561126 1.042352 1.732590 -0.045591 -0.711173 0.701538 0.833644 0.585109 1 7 1.000000
  7 2.058880 0.000500 0.592432 -0.563149 -0.818762 -0.111768 0.777715 0.413192 1 7 1.000000
..\..\..\Desktop\General\noesis\lg_all
  7 2.113685 1.311976 0.477160 0.116256 -0.989377 0.087274 0.762210 0.580685 1 7 1.000000
  7 1.501271 2.339000 1.469130 0.372983 -0.698667 0.610531 0.841781 0.692595 1 7 1.000000
  7 1.561126 1.042352 1.732590 -0.045591 -0.711173 0.701538 0.833644 0.585109 1 7 1.000000
..\..\..\Desktop\General\noesis\lg_all
  7 1.835452 2.090324 -0.041978 -0.396381 -0.917839 0.021324 0.735458 0.662976 1 7 1.000000
  7 1.501271 2.339000 1.469130 0.372983 -0.698667 0.610531 0.841781 0.692595 1 7 1.000000
  7 2.113685 1.311976 0.477160 0.116256 -0.989377 0.087274 0.762210 0.580685 1 7 1.000000
..\..\..\Desktop\General\noesis\lg_all
  7 1.880086 1.139694 -1.040080 0.065506 -0.707221 -0.703951 0.694121 0.490402 1 7 1.000000
  7 1.835452 2.090324 -0.041978 -0.396381 -0.917839 0.021324 0.735458 0.662976 1 7 1.000000
  7 2.113685 1.311976 0.477160 0.116256 -0.989377 0.087274 0.762210 0.580685 1 7 1.000000
..\..\..\Desktop\General\noesis\lg_all
  7 1.835452 2.090324 -0.041978 -0.396381 -0.917839 0.021324 0.735458 0.662976 1 7 1.000000
  7 1.366148 3.270600 0.705335 0.628352 -0.278457 0.726385 0.851714 0.867122 1 7 1.000000
  7 1.501271 2.339000 1.469130 0.372983 -0.698667 0.610531 0.841781 0.692595 1 7 1.000000
..\..\..\Desktop\General\noesis\lg_all
  7 1.501271 2.339000 1.469130 0.372983 -0.698667 0.610531 0.841781 0.692595 1 7 1.000000
  7 1.366148 3.270600 0.705335 0.628352 -0.278457 0.726385 0.851714 0.867122 1 7 1.000000
  7 -0.000010 2.671130 1.805340 0.563871 0.000000 0.825863 0.968678 0.728499 1 7 1.000000
..\..\..\Desktop\General\noesis\lg_all
  7 -0.000010 2.671130 1.805340 0.563871 0.000000 0.825863 0.968678 0.728499 1 7 1.000000
  7 -0.000004 1.178990 2.362450 0.032644 0.000000 0.999467 0.970453 0.566493 1 7 1.000000
  7 1.501271 2.339000 1.469130 0.372983 -0.698667 0.610531 0.841781 0.692595 1 7 1.000000
..\..\..\Desktop\General\noesis\lg_all
  7 1.501271 2.339000 1.469130 0.372983 -0.698667 0.610531 0.841781 0.692595 1 7 1.000000
  7 -0.000004 1.178990 2.362450 0.032644 0.000000 0.999467 0.970453 0.566493 1 7 1.000000
  7 1.561126 1.042352 1.732590 -0.045591 -0.711173 0.701538 0.833644 0.585109 1 7 1.000000
..\..\..\Desktop\General\noesis\lg_all
  7 -0.000010 2.671130 1.805340 0.563871 0.000000 0.825863 0.968678 0.728499 1 7 1.000000
  7 -1.501288 2.338979 1.469130 0.372983 0.698667 0.610531 0.841781 0.692595 1 7 1.000000
  7 -0.000004 1.178990 2.362450 0.032644 0.000000 0.999467 0.970453 0.566493 1 7 1.000000
..\..\..\Desktop\General\noesis\lg_all
  7 -2.113695 1.311944 0.477160 0.130131 0.986752 0.096880 0.762210 0.580685 1 7 1.000000
  7 -1.561134 1.042328 1.732590 -0.045591 0.711173 0.701538 0.833644 0.585109 1 7 1.000000
  7 -1.501288 2.338979 1.469130 0.372983 0.698667 0.610531 0.841781 0.692595 1 7 1.000000
..\..\..\Desktop\General\noesis\lg_all
  7 -1.501288 2.338979 1.469130 0.372983 0.698667 0.610531 0.841781 0.692595 1 7 1.000000
  7 -1.561134 1.042328 1.732590 -0.045591 0.711173 0.701538 0.833644 0.585109 1 7 1.000000
  7 -0.000004 1.178990 2.362450 0.032644 0.000000 0.999467 0.970453 0.566493 1 7 1.000000
..\..\..\Desktop\General\noesis\lg_all
  7 -2.113695 1.311944 0.477160 0.130131 0.986752 0.096880 0.762210 0.580685 1 7 1.000000
  7 -2.058880 0.000470 0.592432 -0.572868 0.817924 -0.053131 0.777715 0.413192 1 7 1.000000
  7 -1.561134 1.042328 1.732590 -0.045591 0.711173 0.701538 0.833644 0.585109 1 7 1.000000
..\..\..\Desktop\General\noesis\lg_all
  7 -2.113695 1.311944 0.477160 0.130131 0.986752 0.096880 0.762210 0.580685 1 7 1.000000
  7 -1.976581 0.139285 -0.634891 -0.292012 0.921954 -0.254421 0.723485 0.378198 1 7 1.000000
  7 -2.058880 0.000470 0.592432 -0.572868 0.817924 -0.053131 0.777715 0.413192 1 7 1.000000
..\..\..\Desktop\General\noesis\lg_all
  7 -1.976581 0.139285 -0.634891 -0.292012 0.921954 -0.254421 0.723485 0.378198 1 7 1.000000
  7 -1.880094 1.139666 -1.040070 0.083116 0.697488 -0.711760 0.694121 0.490402 1 7 1.000000
  7 -0.993033 -0.539767 -1.166770 -0.635859 0.366939 -0.678998 0.641152 0.300064 1 7 1.000000
..\..\..\Desktop\General\noesis\lg_all
  7 -1.976581 0.139285 -0.634891 -0.292012 0.921954 -0.254421 0.723485 0.378198 1 7 1.000000
  7 -2.113695 1.311944 0.477160 0.130131 0.986752 0.096880 0.762210 0.580685 1 7 1.000000
  7 -1.880094 1.139666 -1.040070 0.083116 0.697488 -0.711760 0.694121 0.490402 1 7 1.000000
..\..\..\Desktop\General\noesis\lg_all
  7 -0.993033 -0.539767 -1.166770 -0.635859 0.366939 -0.678998 0.641152 0.300064 1 7 1.000000
  7 0.000002 -0.539761 -1.166770 -0.536381 0.000000 -0.843976 0.587056 0.300064 1 7 1.000000
  7 0.000004 -1.046330 -0.565754 -0.985621 0.000000 -0.168972 0.587056 0.279382 1 7 1.000000
..\..\..\Desktop\General\noesis\lg_all
  7 0.000004 -1.046330 -0.565754 -0.985621 0.000000 -0.168972 0.587056 0.279382 1 7 1.000000
  7 0.000002 -0.539761 -1.166770 -0.536381 0.000000 -0.843976 0.587056 0.300064 1 7 1.000000
  7 0.993037 -0.539753 -1.166770 -0.632711 -0.380413 -0.674509 0.641152 0.300064 1 7 1.000000
..\..\..\Desktop\General\noesis\lg_all
  7 -0.000014 3.782940 -0.923140 0.749613 0.000000 -0.661876 0.589587 0.808266 1 7 1.000000
  7 -0.000008 2.099140 -1.234300 0.166033 0.000000 -0.986120 0.587056 0.642871 1 7 1.000000
  7 -1.485341 2.965760 -0.836196 0.358392 0.295172 -0.885680 0.694140 0.746955 1 7 1.000000
..\..\..\Desktop\General\noesis\lg_all
  7 -1.478534 3.769140 -0.026967 0.977843 0.202048 -0.054773 0.701142 0.983008 1 7 1.000000
  7 -0.000014 3.782940 -0.923140 0.749613 0.000000 -0.661876 0.589587 0.808266 1 7 1.000000
  7 -1.485341 2.965760 -0.836196 0.358392 0.295172 -0.885680 0.694140 0.746955 1 7 1.000000
..\..\..\Desktop\General\noesis\lg_all
  7 -0.000014 3.782940 -0.923140 0.749613 0.000000 -0.661876 0.589587 0.808266 1 7 1.000000
  7 1.485319 2.965780 -0.836196 0.358392 -0.295172 -0.885680 0.694140 0.746955 1 7 1.000000
  7 -0.000008 2.099140 -1.234300 0.166033 0.000000 -0.986120 0.587056 0.642871 1 7 1.000000
..\..\..\Desktop\General\noesis\lg_all
  7 1.835452 2.090324 -0.041978 -0.396381 -0.917839 0.021324 0.735458 0.662976 1 7 1.000000
  7 1.880086 1.139694 -1.040080 0.065506 -0.707221 -0.703951 0.694121 0.490402 1 7 1.000000
  7 1.485319 2.965780 -0.836196 0.358392 -0.295172 -0.885680 0.694140 0.746955 1 7 1.000000
..\..\..\Desktop\General\noesis\lg_all
  7 -0.000008 2.099140 -1.234300 0.166033 0.000000 -0.986120 0.587056 0.642871 1 7 1.000000
  7 1.485319 2.965780 -0.836196 0.358392 -0.295172 -0.885680 0.694140 0.746955 1 7 1.000000
  7 1.880086 1.139694 -1.040080 0.065506 -0.707221 -0.703951 0.694121 0.490402 1 7 1.000000
..\..\..\Desktop\General\noesis\lg_all
  7 1.478506 3.769160 -0.026967 0.977843 -0.202048 -0.054773 0.701142 0.983008 1 7 1.000000
  7 1.485319 2.965780 -0.836196 0.358392 -0.295172 -0.885680 0.694140 0.746955 1 7 1.000000
  7 -0.000014 3.782940 -0.923140 0.749613 0.000000 -0.661876 0.589587 0.808266 1 7 1.000000
..\..\..\Desktop\General\noesis\lg_all
  7 -0.000010 2.671130 1.805340 0.563871 0.000000 0.825863 0.968678 0.728499 1 7 1.000000
  7 -0.000014 3.785850 0.831559 0.880632 0.000000 0.473801 0.974579 0.915565 1 7 1.000000
  7 -1.366172 3.270580 0.705335 0.628352 0.278457 0.726385 0.851714 0.867122 1 7 1.000000
..\..\..\Desktop\General\noesis\lg_all
  7 -0.000010 2.671130 1.805340 0.563871 0.000000 0.825863 0.968678 0.728499 1 7 1.000000
  7 1.366148 3.270600 0.705335 0.628352 -0.278457 0.726385 0.851714 0.867122 1 7 1.000000
  7 -0.000014 3.785850 0.831559 0.880632 0.000000 0.473801 0.974579 0.915565 1 7 1.000000
..\..\..\Desktop\General\noesis\lg_all
  7 -1.366172 3.270580 0.705335 0.628352 0.278457 0.726385 0.851714 0.867122 1 7 1.000000
  7 -0.000014 3.785850 0.831559 0.880632 0.000000 0.473801 0.974579 0.915565 1 7 1.000000
  7 -1.478534 3.769140 -0.026967 0.977843 0.202048 -0.054773 0.854065 0.981066 1 7 1.000000
..\..\..\Desktop\General\noesis\lg_all
  7 1.366148 3.270600 0.705335 0.628352 -0.278457 0.726385 0.851714 0.867122 1 7 1.000000
  7 1.478506 3.769160 -0.026967 0.977843 -0.202048 -0.054773 0.854065 0.981066 1 7 1.000000
  7 -0.000014 3.785850 0.831559 0.880632 0.000000 0.473801 0.974579 0.915565 1 7 1.000000
..\..\..\Desktop\General\noesis\lg_all
  7 -0.000014 3.785850 0.831559 0.880632 0.000000 0.473801 0.974579 0.915565 1 7 1.000000
  7 -0.000014 3.782940 -0.923140 0.749613 0.000000 -0.661876 0.976394 1.054340 1 7 1.000000
  7 -1.478534 3.769140 -0.026967 0.977843 0.202048 -0.054773 0.854065 0.981066 1 7 1.000000
..\..\..\Desktop\General\noesis\lg_all
  7 -0.000014 3.785850 0.831559 0.880632 0.000000 0.473801 0.974579 0.915565 1 7 1.000000
  7 1.478506 3.769160 -0.026967 0.977843 -0.202048 -0.054773 0.854065 0.981066 1 7 1.000000
  7 -0.000014 3.782940 -0.923140 0.749613 0.000000 -0.661876 0.976394 1.054340 1 7 1.000000
..\..\..\Desktop\General\noesis\lg_all
  7 -1.150249 -0.352386 1.533370 -0.729278 0.532852 0.429212 0.861966 0.348625 1 7 1.000000
  7 -1.561134 1.042328 1.732590 -0.045591 0.711173 0.701538 0.833644 0.585109 1 7 1.000000
  7 -2.058880 0.000470 0.592432 -0.572868 0.817924 -0.053131 0.777715 0.413192 1 7 1.000000
..\..\..\Desktop\General\noesis\lg_all
  7 -1.150249 -0.352386 1.533370 -0.729278 0.532852 0.429212 0.861966 0.348625 1 7 1.000000
  7 -0.000004 1.178990 2.362450 0.032644 0.000000 0.999467 0.970453 0.566493 1 7 1.000000
  7 -1.561134 1.042328 1.732590 -0.045591 0.711173 0.701538 0.833644 0.585109 1 7 1.000000
..\..\..\Desktop\General\noesis\lg_all
  7 -1.150249 -0.352386 1.533370 -0.729278 0.532852 0.429212 0.861966 0.348625 1 7 1.000000
  7 0.000002 -0.483174 2.015740 -0.611279 0.000000 0.791415 0.970453 0.324554 1 7 1.000000
  7 -0.000004 1.178990 2.362450 0.032644 0.000000 0.999467 0.970453 0.566493 1 7 1.000000
..\..\..\Desktop\General\noesis\lg_all
  7 0.000004 -1.003960 1.020450 -0.806180 0.000000 -0.591670 0.970453 0.299896 1 7 1.000000
  7 0.000002 -0.483174 2.015740 -0.611279 0.000000 0.791415 0.970453 0.324554 1 7 1.000000
  7 -1.150249 -0.352386 1.533370 -0.729278 0.532852 0.429212 0.861966 0.348625 1 7 1.000000
..\..\..\Desktop\General\noesis\lg_all
  7 -0.000004 1.178990 2.362450 0.032644 0.000000 0.999467 0.970453 0.566493 1 7 1.000000
  7 1.150251 -0.352370 1.533370 -0.729278 -0.532851 0.429212 0.861966 0.348625 1 7 1.000000
  7 1.561126 1.042352 1.732590 -0.045591 -0.711173 0.701538 0.833644 0.585109 1 7 1.000000
..\..\..\Desktop\General\noesis\lg_all
  7 0.000004 -1.003960 1.020450 -0.806180 0.000000 -0.591670 0.970453 0.299896 1 7 1.000000
  7 1.150251 -0.352370 1.533370 -0.729278 -0.532851 0.429212 0.861966 0.348625 1 7 1.000000
  7 0.000002 -0.483174 2.015740 -0.611279 0.000000 0.791415 0.970453 0.324554 1 7 1.000000
..\..\..\Desktop\General\noesis\lg_all
  7 1.150251 -0.352370 1.533370 -0.729278 -0.532851 0.429212 0.861966 0.348625 1 7 1.000000
  7 2.058880 0.000500 0.592432 -0.563149 -0.818762 -0.111768 0.777715 0.413192 1 7 1.000000
  7 1.561126 1.042352 1.732590 -0.045591 -0.711173 0.701538 0.833644 0.585109 1 7 1.000000
..\..\..\Desktop\General\noesis\lg_all
  7 0.000002 -0.483174 2.015740 -0.611279 0.000000 0.791415 0.970453 0.324554 1 7 1.000000
  7 1.150251 -0.352370 1.533370 -0.729278 -0.532851 0.429212 0.861966 0.348625 1 7 1.000000
  7 -0.000004 1.178990 2.362450 0.032644 0.000000 0.999467 0.970453 0.566493 1 7 1.000000
..\..\..\Desktop\General\noesis\lg_all
  7 -1.883508 -0.515110 0.440631 -0.590172 0.804813 -0.063038 0.437570 0.481711 1 7 1.000000
  7 -1.976581 0.139285 -0.634891 -0.292012 0.921954 -0.254421 0.442425 0.501736 1 7 1.000000
  7 -0.993033 -0.539767 -1.166770 -0.635859 0.366939 -0.678998 0.481216 0.511228 1 7 1.000000
..\..\..\Desktop\General\noesis\lg_all
  7 -1.883508 -0.515110 0.440631 -0.590172 0.804813 -0.063038 0.437570 0.481711 1 7 1.000000
  7 -0.993033 -0.539767 -1.166770 -0.635859 0.366939 -0.678998 0.481216 0.511228 1 7 1.000000
  7 -0.944434 -0.993498 0.870724 -0.979685 0.200511 0.003577 0.480339 0.495324 1 7 1.000000
..\..\..\Desktop\General\noesis\lg_all
  7 -0.944434 -0.993498 0.870724 -0.979685 0.200511 0.003577 0.480339 0.495324 1 7 1.000000
  7 -0.993033 -0.539767 -1.166770 -0.635859 0.366939 -0.678998 0.481216 0.511228 1 7 1.000000
  7 0.000004 -1.046330 -0.565754 -0.985621 0.000000 -0.168972 0.532206 0.511228 1 7 1.000000
..\..\..\Desktop\General\noesis\lg_all
  7 -1.883508 -0.515110 0.440631 -0.590172 0.804813 -0.063038 0.437570 0.481711 1 7 1.000000
  7 -0.944434 -0.993498 0.870724 -0.979685 0.200511 0.003577 0.480339 0.495324 1 7 1.000000
  8 -1.745768 -0.651846 2.095237 0.517830 -0.772819 0.366881 0.451682 0.457790 1 8 1.000000
..\..\..\Desktop\General\noesis\lg_all
  7 -1.883508 -0.515110 0.440631 -0.590172 0.804813 -0.063038 0.437570 0.481711 1 7 1.000000
  8 -1.745768 -0.651846 2.095237 0.517830 -0.772819 0.366881 0.451682 0.457790 1 8 1.000000
  8 -2.011528 0.432039 2.250416 0.079177 0.318502 0.944610 0.417907 0.439314 1 8 1.000000
..\..\..\Desktop\General\noesis\lg_all
  8 -2.011528 0.432039 2.250416 0.079177 0.318502 0.944610 0.417907 0.439314 1 8 1.000000
  8 -1.978231 0.599545 0.183363 -0.158137 0.153761 0.975372 0.404275 0.485423 1 8 1.000000
  7 -1.883508 -0.515110 0.440631 -0.590172 0.804813 -0.063038 0.437570 0.481711 1 7 1.000000
..\..\..\Desktop\General\noesis\lg_all
  7 -1.883508 -0.515110 0.440631 -0.590172 0.804813 -0.063038 0.437570 0.481711 1 7 1.000000
  8 -1.978231 0.599545 0.183363 -0.158137 0.153761 0.975372 0.404275 0.485423 1 8 1.000000
  7 -1.976581 0.139285 -0.634891 -0.292012 0.921954 -0.254421 0.442425 0.501736 1 7 1.000000
..\..\..\Desktop\General\noesis\lg_all
  8 -2.011528 0.432039 2.250416 0.079177 0.318502 0.944610 0.417907 0.439314 1 8 1.000000
  8 -1.032598 1.649300 2.254662 0.052737 0.947105 0.316560 0.355252 0.403165 1 8 1.000000
  8 -1.978231 0.599545 0.183363 -0.158137 0.153761 0.975372 0.404275 0.485423 1 8 1.000000
..\..\..\Desktop\General\noesis\lg_all
  8 -2.011528 0.432039 2.250416 0.079177 0.318502 0.944610 0.417907 0.439314 1 8 1.000000
  8 -1.032611 1.454590 3.053372 0.372224 0.909942 0.182906 0.355274 0.398993 1 8 1.000000
  8 -1.032598 1.649300 2.254662 0.052737 0.947105 0.316560 0.355252 0.403165 1 8 1.000000
..\..\..\Desktop\General\noesis\lg_all
  8 -2.122213 -0.452647 3.506144 -0.025525 0.104845 0.994161 0.418571 0.252678 1 8 1.000000
  8 -1.032611 1.454590 3.053372 0.372224 0.909942 0.182906 0.355274 0.398993 1 8 1.000000
  8 -2.011528 0.432039 2.250416 0.079177 0.318502 0.944610 0.417907 0.439314 1 8 1.000000
..\..\..\Desktop\General\noesis\lg_all
  8 -2.122213 -0.452647 3.506144 -0.025525 0.104845 0.994161 0.418571 0.252678 1 8 1.000000
  8 -1.032614 1.015630 3.878542 -0.314926 0.947720 0.051469 0.355387 0.252678 1 8 1.000000
  8 -1.032611 1.454590 3.053372 0.372224 0.909942 0.182906 0.355274 0.398993 1 8 1.000000
..\..\..\Desktop\General\noesis\lg_all
  8 -1.032611 1.454590 3.053372 0.372224 0.909942 0.182906 0.355274 0.398993 1 8 1.000000
  8 -1.032614 1.015630 3.878542 -0.314926 0.947720 0.051469 0.355387 0.252678 1 8 1.000000
  8 -0.066418 0.378865 3.925740 0.049083 0.319982 -0.946151 0.299831 0.252678 1 8 1.000000
..\..\..\Desktop\General\noesis\lg_all
  8 -1.032611 1.454590 3.053372 0.372224 0.909942 0.182906 0.355274 0.398993 1 8 1.000000
  8 -0.066418 0.378865 3.925740 0.049083 0.319982 -0.946151 0.299831 0.252678 1 8 1.000000
  8 -0.074639 1.109640 2.136640 0.020669 0.735232 -0.677500 0.299831 0.447314 1 8 1.000000
..\..\..\Desktop\General\noesis\lg_all
  8 -1.032611 1.454590 3.053372 0.372224 0.909942 0.182906 0.355274 0.398993 1 8 1.000000
  8 -0.074639 1.109640 2.136640 0.020669 0.735232 -0.677500 0.299831 0.447314 1 8 1.000000
  8 -1.032598 1.649300 2.254662 0.052737 0.947105 0.316560 0.355252 0.403165 1 8 1.000000
..\..\..\Desktop\General\noesis\lg_all
  8 -1.072262 1.439440 0.492871 -0.880701 0.187323 -0.435059 0.354878 0.495321 1 8 1.000000
  8 -1.032598 1.649300 2.254662 0.052737 0.947105 0.316560 0.355252 0.403165 1 8 1.000000
  8 -0.074639 1.109640 2.136640 0.020669 0.735232 -0.677500 0.299831 0.447314 1 8 1.000000
..\..\..\Desktop\General\noesis\lg_all
  8 -1.072262 1.439440 0.492871 -0.880701 0.187323 -0.435059 0.354878 0.495321 1 8 1.000000
  8 -0.074639 1.109640 2.136640 0.020669 0.735232 -0.677500 0.299831 0.447314 1 8 1.000000
  7 0.000004 -1.003960 1.020450 -0.806180 0.000000 -0.591670 0.310642 0.511228 1 7 1.000000
..\..\..\Desktop\General\noesis\lg_all
  8 -1.032598 1.649300 2.254662 0.052737 0.947105 0.316560 0.355252 0.403165 1 8 1.000000
  8 -1.072262 1.439440 0.492871 -0.880701 0.187323 -0.435059 0.354878 0.495321 1 8 1.000000
  8 -1.978231 0.599545 0.183363 -0.158137 0.153761 0.975372 0.404275 0.485423 1 8 1.000000
..\..\..\Desktop\General\noesis\lg_all
  8 -1.978231 0.599545 0.183363 -0.158137 0.153761 0.975372 0.404275 0.485423 1 8 1.000000
  7 -2.058880 0.000470 0.592432 -0.572868 0.817924 -0.053131 0.402222 0.502120 1 7 1.000000
  7 -1.976581 0.139285 -0.634891 -0.292012 0.921954 -0.254421 0.442425 0.501736 1 7 1.000000
..\..\..\Desktop\General\noesis\lg_all
  8 -1.978231 0.599545 0.183363 -0.158137 0.153761 0.975372 0.404275 0.485423 1 8 1.000000
  8 -1.072262 1.439440 0.492871 -0.880701 0.187323 -0.435059 0.354878 0.495321 1 8 1.000000
  7 -2.058880 0.000470 0.592432 -0.572868 0.817924 -0.053131 0.402222 0.502120 1 7 1.000000
..\..\..\Desktop\General\noesis\lg_all
  8 -0.403019 -0.651845 2.095247 0.696731 -0.703014 -0.142609 0.525384 0.458449 1 8 1.000000
  7 -0.944434 -0.993498 0.870724 -0.979685 0.200511 0.003577 0.480339 0.495324 1 7 1.000000
  7 0.000004 -1.046330 -0.565754 -0.985621 0.000000 -0.168972 0.532206 0.511228 1 7 1.000000
..\..\..\Desktop\General\noesis\lg_all
  8 -1.745768 -0.651846 2.095237 0.517830 -0.772819 0.366881 0.451682 0.457790 1 8 1.000000
  7 -0.944434 -0.993498 0.870724 -0.979685 0.200511 0.003577 0.480339 0.495324 1 7 1.000000
  8 -0.403019 -0.651845 2.095247 0.696731 -0.703014 -0.142609 0.525384 0.458449 1 8 1.000000
..\..\..\Desktop\General\noesis\lg_all
  8 -0.403019 -0.651845 2.095247 0.696731 -0.703014 -0.142609 0.525384 0.458449 1 8 1.000000
  7 0.000004 -1.046330 -0.565754 -0.985621 0.000000 -0.168972 0.532206 0.511228 1 7 1.000000
  8 -0.074639 1.109640 2.136640 0.020669 0.735232 -0.677500 0.559560 0.447314 1 8 1.000000
..\..\..\Desktop\General\noesis\lg_all
  8 -1.745768 -0.651846 2.095237 0.517830 -0.772819 0.366881 0.451682 0.457790 1 8 1.000000
  8 -0.403019 -0.651845 2.095247 0.696731 -0.703014 -0.142609 0.525384 0.458449 1 8 1.000000
  8 -0.401027 -0.572440 1.839688 -0.851992 0.522959 -0.024969 0.525384 0.431949 1 8 1.000000
..\..\..\Desktop\General\noesis\lg_all
  8 -0.401027 -0.572440 1.839688 -0.851992 0.522959 -0.024969 0.525384 0.431949 1 8 1.000000
  8 -0.403019 -0.651845 2.095247 0.696731 -0.703014 -0.142609 0.525384 0.458449 1 8 1.000000
  8 -0.074639 1.109640 2.136640 0.020669 0.735232 -0.677500 0.559560 0.447314 1 8 1.000000
..\..\..\Desktop\General\noesis\lg_all
  8 -2.011528 0.432039 2.250416 0.079177 0.318502 0.944610 0.417907 0.439314 1 8 1.000000
  8 -1.745768 -0.651846 2.095237 0.517830 -0.772819 0.366881 0.451682 0.457790 1 8 1.000000
  8 -1.758937 -0.569018 1.830928 -0.917231 0.396122 -0.042126 0.452002 0.432141 1 8 1.000000
..\..\..\Desktop\General\noesis\lg_all
  8 -1.758937 -0.569018 1.830928 -0.917231 0.396122 -0.042126 0.452002 0.432141 1 8 1.000000
  8 -1.745768 -0.651846 2.095237 0.517830 -0.772819 0.366881 0.451682 0.457790 1 8 1.000000
  8 -0.401027 -0.572440 1.839688 -0.851992 0.522959 -0.024969 0.525384 0.431949 1 8 1.000000
..\..\..\Desktop\General\noesis\lg_all
  8 -2.011528 0.432039 2.250416 0.079177 0.318502 0.944610 0.417907 0.439314 1 8 1.000000
  8 -1.758937 -0.569018 1.830928 -0.917231 0.396122 -0.042126 0.452002 0.432141 1 8 1.000000
  8 -2.122213 -0.452647 3.506144 -0.025525 0.104845 0.994161 0.418571 0.252678 1 8 1.000000
..\..\..\Desktop\General\noesis\lg_all
  8 -1.758937 -0.569018 1.830928 -0.917231 0.396122 -0.042126 0.452002 0.432141 1 8 1.000000
  8 -1.673110 -1.440140 2.739168 -0.471716 -0.662206 0.582209 0.453605 0.252678 1 8 1.000000
  8 -2.122213 -0.452647 3.506144 -0.025525 0.104845 0.994161 0.418571 0.252678 1 8 1.000000
..\..\..\Desktop\General\noesis\lg_all
  8 -1.673110 -1.440140 2.739168 -0.471716 -0.662206 0.582209 0.453605 0.252678 1 8 1.000000
  8 -1.758937 -0.569018 1.830928 -0.917231 0.396122 -0.042126 0.452002 0.432141 1 8 1.000000
  8 -0.391073 -1.460660 2.791638 -0.447836 -0.611320 -0.652481 0.525384 0.252678 1 8 1.000000
..\..\..\Desktop\General\noesis\lg_all
  8 -1.758937 -0.569018 1.830928 -0.917231 0.396122 -0.042126 0.452002 0.432141 1 8 1.000000
  8 -0.401027 -0.572440 1.839688 -0.851992 0.522959 -0.024969 0.525384 0.431949 1 8 1.000000
  8 -0.391073 -1.460660 2.791638 -0.447836 -0.611320 -0.652481 0.525384 0.252678 1 8 1.000000
..\..\..\Desktop\General\noesis\lg_all
  8 -0.391073 -1.460660 2.791638 -0.447836 -0.611320 -0.652481 0.525384 0.252678 1 8 1.000000
  8 -0.401027 -0.572440 1.839688 -0.851992 0.522959 -0.024969 0.525384 0.431949 1 8 1.000000
  8 -0.066418 0.378865 3.925740 0.049083 0.319982 -0.946151 0.559560 0.252678 1 8 1.000000
..\..\..\Desktop\General\noesis\lg_all
  8 -0.401027 -0.572440 1.839688 -0.851992 0.522959 -0.024969 0.525384 0.431949 1 8 1.000000
  8 -0.074639 1.109640 2.136640 0.020669 0.735232 -0.677500 0.559560 0.447314 1 8 1.000000
  8 -0.066418 0.378865 3.925740 0.049083 0.319982 -0.946151 0.559560 0.252678 1 8 1.000000
..\..\..\Desktop\General\noesis\lg_all
  7 0.000004 -1.003960 1.020450 -0.806180 0.000000 -0.591670 0.559561 0.510681 1 7 1.000000
  8 -0.074639 1.109640 2.136640 0.020669 0.735232 -0.677500 0.559560 0.447314 1 8 1.000000
  7 0.000004 -1.046330 -0.565754 -0.985621 0.000000 -0.168972 0.532206 0.511228 1 7 1.000000
..\..\..\Desktop\General\noesis\lg_all
  8 0.074624 1.109640 2.136640 0.020669 0.735233 0.677499 0.559560 0.447314 1 8 1.000000
  7 0.000004 -1.003960 1.020450 -0.806180 0.000000 -0.591670 0.559561 0.510681 1 7 1.000000
  7 0.000004 -1.046330 -0.565754 -0.985621 0.000000 -0.168972 0.532206 0.511228 1 7 1.000000
..\..\..\Desktop\General\noesis\lg_all
  8 0.403003 -0.651845 2.095253 0.696731 -0.703014 0.142609 0.525384 0.458449 1 8 1.000000
  8 0.074624 1.109640 2.136640 0.020669 0.735233 0.677499 0.559560 0.447314 1 8 1.000000
  7 0.000004 -1.046330 -0.565754 -0.985621 0.000000 -0.168972 0.532206 0.511228 1 7 1.000000
..\..\..\Desktop\General\noesis\lg_all
  8 0.403003 -0.651845 2.095253 0.696731 -0.703014 0.142609 0.525384 0.458449 1 8 1.000000
  7 0.000004 -1.046330 -0.565754 -0.985621 0.000000 -0.168972 0.532206 0.511228 1 7 1.000000
  7 0.944442 -0.993484 0.870723 -0.979685 -0.200511 0.003577 0.480339 0.495324 1 7 1.000000
..\..\..\Desktop\General\noesis\lg_all
  8 0.401012 -0.572440 1.839692 -0.852060 0.522871 0.024485 0.525384 0.431949 1 8 1.000000
  8 0.074624 1.109640 2.136640 0.020669 0.735233 0.677499 0.559560 0.447314 1 8 1.000000
  8 0.403003 -0.651845 2.095253 0.696731 -0.703014 0.142609 0.525384 0.458449 1 8 1.000000
..\..\..\Desktop\General\noesis\lg_all
  8 0.401012 -0.572440 1.839692 -0.852060 0.522871 0.024485 0.525384 0.431949 1 8 1.000000
  8 0.403003 -0.651845 2.095253 0.696731 -0.703014 0.142609 0.525384 0.458449 1 8 1.000000
  8 1.758923 -0.569019 1.830952 -0.897388 0.440229 0.029893 0.452002 0.432141 1 8 1.000000
..\..\..\Desktop\General\noesis\lg_all
  8 1.758923 -0.569019 1.830952 -0.897388 0.440229 0.029893 0.452002 0.432141 1 8 1.000000
  8 2.011512 0.432039 2.250444 0.078037 0.324898 -0.942524 0.417907 0.439314 1 8 1.000000
  8 2.122187 -0.452648 3.506176 -0.014095 0.111734 -0.993638 0.418571 0.252678 1 8 1.000000
..\..\..\Desktop\General\noesis\lg_all
  8 0.401012 -0.572440 1.839692 -0.852060 0.522871 0.024485 0.525384 0.431949 1 8 1.000000
  8 1.758923 -0.569019 1.830952 -0.897388 0.440229 0.029893 0.452002 0.432141 1 8 1.000000
  8 1.744730 -1.440140 2.739192 -0.457814 -0.659271 -0.596463 0.453605 0.252678 1 8 1.000000
..\..\..\Desktop\General\noesis\lg_all
  8 1.744730 -1.440140 2.739192 -0.457814 -0.659271 -0.596463 0.453605 0.252678 1 8 1.000000
  8 1.758923 -0.569019 1.830952 -0.897388 0.440229 0.029893 0.452002 0.432141 1 8 1.000000
  8 2.122187 -0.452648 3.506176 -0.014095 0.111734 -0.993638 0.418571 0.252678 1 8 1.000000
..\..\..\Desktop\General\noesis\lg_all
  8 0.391053 -1.460660 2.791642 -0.447823 -0.611403 0.652411 0.525384 0.252678 1 8 1.000000
  8 0.401012 -0.572440 1.839692 -0.852060 0.522871 0.024485 0.525384 0.431949 1 8 1.000000
  8 1.744730 -1.440140 2.739192 -0.457814 -0.659271 -0.596463 0.453605 0.252678 1 8 1.000000
..\..\..\Desktop\General\noesis\lg_all
  8 0.391053 -1.460660 2.791642 -0.447823 -0.611403 0.652411 0.525384 0.252678 1 8 1.000000
  8 0.066389 0.378866 3.925740 0.049083 0.319983 0.946151 0.559560 0.252678 1 8 1.000000
  8 0.401012 -0.572440 1.839692 -0.852060 0.522871 0.024485 0.525384 0.431949 1 8 1.000000
..\..\..\Desktop\General\noesis\lg_all
  8 0.066389 0.378866 3.925740 0.049083 0.319983 0.946151 0.559560 0.252678 1 8 1.000000
  8 0.074624 1.109640 2.136640 0.020669 0.735233 0.677499 0.559560 0.447314 1 8 1.000000
  8 0.401012 -0.572440 1.839692 -0.852060 0.522871 0.024485 0.525384 0.431949 1 8 1.000000
..\..\..\Desktop\General\noesis\lg_all
  6 -0.811830 6.657735 2.363729 -0.240363 0.873195 -0.423976 0.999902 0.092542 1 6 1.000000
  6 -0.000026 7.144852 2.343303 -0.158715 0.000000 -0.987324 1.006630 0.093491 1 6 1.000000
  6 -0.000024 6.578465 1.320728 -0.755525 0.000000 -0.655120 1.006630 -0.007397 1 6 1.000000
..\..\..\Desktop\General\noesis\lg_all
  6 -0.811830 6.657735 2.363729 -0.240363 0.873195 -0.423976 0.999902 0.092542 1 6 1.000000
  6 -0.000024 6.578465 1.320728 -0.755525 0.000000 -0.655120 1.006630 -0.007397 1 6 1.000000
  6 -0.245484 5.509303 1.400100 -0.289364 0.717200 0.633950 1.005130 -0.007397 1 6 1.000000
..\..\..\Desktop\General\noesis\lg_all
  6 -0.245484 5.509303 1.400100 -0.289364 0.717200 0.633950 1.005130 -0.007397 1 6 1.000000
  6 -0.785927 5.898564 2.812954 0.385017 0.857486 0.341291 0.999052 0.144602 1 6 1.000000
  6 -0.811830 6.657735 2.363729 -0.240363 0.873195 -0.423976 0.999902 0.092542 1 6 1.000000
..\..\..\Desktop\General\noesis\lg_all
  6 -0.000020 5.467709 3.043020 0.371572 -0.000000 0.928404 1.006630 0.099412 1 6 1.000000
  6 -0.785927 5.898564 2.812954 0.385017 0.857486 0.341291 0.999052 0.144602 1 6 1.000000
  6 -0.245484 5.509303 1.400100 -0.289364 0.717200 0.633950 1.005130 -0.007397 1 6 1.000000
..\..\..\Desktop\General\noesis\lg_all
  6 -0.245484 5.509303 1.400100 -0.289364 0.717200 0.633950 1.005130 -0.007397 1 6 1.000000
  6 0.245444 5.509307 1.400100 -0.289364 -0.717200 0.633950 1.008120 -0.007397 1 6 1.000000
  6 -0.000020 5.467709 3.043020 0.371572 -0.000000 0.928404 1.006630 0.099412 1 6 1.000000
..\..\..\Desktop\General\noesis\lg_all
  6 0.245444 5.509307 1.400100 -0.289364 -0.717200 0.633950 1.008120 -0.007397 1 6 1.000000
  6 0.785885 5.898575 2.812954 0.385017 -0.857486 0.341291 1.014200 0.144602 1 6 1.000000
  6 -0.000020 5.467709 3.043020 0.371572 -0.000000 0.928404 1.006630 0.099412 1 6 1.000000
..\..\..\Desktop\General\noesis\lg_all
  6 0.245444 5.509307 1.400100 -0.289364 -0.717200 0.633950 1.008120 -0.007397 1 6 1.000000
  6 0.811782 6.657747 2.363729 -0.240363 -0.873196 -0.423976 1.013350 0.092542 1 6 1.000000
  6 0.785885 5.898575 2.812954 0.385017 -0.857486 0.341291 1.014200 0.144602 1 6 1.000000
..\..\..\Desktop\General\noesis\lg_all
  6 0.811782 6.657747 2.363729 -0.240363 -0.873196 -0.423976 1.013350 0.092542 1 6 1.000000
  6 0.245444 5.509307 1.400100 -0.289364 -0.717200 0.633950 1.008120 -0.007397 1 6 1.000000
  6 -0.000024 6.578465 1.320728 -0.755525 0.000000 -0.655120 1.006630 -0.007397 1 6 1.000000
..\..\..\Desktop\General\noesis\lg_all
  6 0.811782 6.657747 2.363729 -0.240363 -0.873196 -0.423976 1.013350 0.092542 1 6 1.000000
  6 -0.000024 6.578465 1.320728 -0.755525 0.000000 -0.655120 1.006630 -0.007397 1 6 1.000000
  6 -0.000026 7.144852 2.343303 -0.158715 0.000000 -0.987324 1.006630 0.093491 1 6 1.000000
..\..\..\Desktop\General\noesis\lg_all
  6 0.785885 5.898575 2.812954 0.385017 -0.857486 0.341291 1.014200 0.144602 1 6 1.000000
  6 0.811782 6.657747 2.363729 -0.240363 -0.873196 -0.423976 1.013350 0.092542 1 6 1.000000
  6 0.402626 6.935611 3.185142 0.561382 -0.536467 -0.630122 1.010120 0.144602 1 6 1.000000
..\..\..\Desktop\General\noesis\lg_all
  6 0.811782 6.657747 2.363729 -0.240363 -0.873196 -0.423976 1.013350 0.092542 1 6 1.000000
  6 -0.000026 7.144852 2.343303 -0.158715 0.000000 -0.987324 1.006630 0.093491 1 6 1.000000
  6 0.402626 6.935611 3.185142 0.561382 -0.536467 -0.630122 1.010120 0.144602 1 6 1.000000
..\..\..\Desktop\General\noesis\lg_all
  6 0.785885 5.898575 2.812954 0.385017 -0.857486 0.341291 1.014200 0.144602 1 6 1.000000
  6 0.402626 6.935611 3.185142 0.561382 -0.536467 -0.630122 1.010120 0.144602 1 6 1.000000
  6 -0.000022 6.198937 3.563426 0.988844 -0.000000 0.148952 1.006630 0.182060 1 6 1.000000
..\..\..\Desktop\General\noesis\lg_all
  6 -0.000020 5.467709 3.043020 0.371572 -0.000000 0.928404 1.006630 0.099412 1 6 1.000000
  6 0.785885 5.898575 2.812954 0.385017 -0.857486 0.341291 1.014200 0.144602 1 6 1.000000
  6 -0.000022 6.198937 3.563426 0.988844 -0.000000 0.148952 1.006630 0.182060 1 6 1.000000
..\..\..\Desktop\General\noesis\lg_all
  6 -0.785927 5.898564 2.812954 0.385017 0.857486 0.341291 0.999052 0.144602 1 6 1.000000
  6 -0.000020 5.467709 3.043020 0.371572 -0.000000 0.928404 1.006630 0.099412 1 6 1.000000
  6 -0.000022 6.198937 3.563426 0.988844 -0.000000 0.148952 1.006630 0.182060 1 6 1.000000
..\..\..\Desktop\General\noesis\lg_all
  6 -0.811830 6.657735 2.363729 -0.240363 0.873195 -0.423976 0.999902 0.092542 1 6 1.000000
  6 -0.402676 6.935606 3.185142 0.561381 0.536467 -0.630123 1.003130 0.144602 1 6 1.000000
  6 -0.000026 7.144852 2.343303 -0.158715 0.000000 -0.987324 1.006630 0.093491 1 6 1.000000
..\..\..\Desktop\General\noesis\lg_all
  6 -0.000022 6.198937 3.563426 0.988844 -0.000000 0.148952 1.006630 0.182060 1 6 1.000000
  6 0.402626 6.935611 3.185142 0.561382 -0.536467 -0.630122 1.010120 0.144602 1 6 1.000000
  6 -0.402676 6.935606 3.185142 0.561381 0.536467 -0.630123 1.003130 0.144602 1 6 1.000000
..\..\..\Desktop\General\noesis\lg_all
  6 -0.402676 6.935606 3.185142 0.561381 0.536467 -0.630123 1.003130 0.144602 1 6 1.000000
  6 -0.785927 5.898564 2.812954 0.385017 0.857486 0.341291 0.999052 0.144602 1 6 1.000000
  6 -0.000022 6.198937 3.563426 0.988844 -0.000000 0.148952 1.006630 0.182060 1 6 1.000000
..\..\..\Desktop\General\noesis\lg_all
  6 -0.785927 5.898564 2.812954 0.385017 0.857486 0.341291 0.999052 0.144602 1 6 1.000000
  6 -0.402676 6.935606 3.185142 0.561381 0.536467 -0.630123 1.003130 0.144602 1 6 1.000000
  6 -0.811830 6.657735 2.363729 -0.240363 0.873195 -0.423976 0.999902 0.092542 1 6 1.000000
..\..\..\Desktop\General\noesis\lg_all
  6 -0.402676 6.935606 3.185142 0.561381 0.536467 -0.630123 1.003130 0.144602 1 6 1.000000
  6 0.402626 6.935611 3.185142 0.561382 -0.536467 -0.630122 1.010120 0.144602 1 6 1.000000
  6 -0.000026 7.144852 2.343303 -0.158715 0.000000 -0.987324 1.006630 0.093491 1 6 1.000000
..\..\..\Desktop\General\noesis\lg_all
  6 -1.800074 6.518332 -1.088602 -0.992431 0.120139 0.025453 0.983333 0.013297 1 6 1.000000
  6 -2.358596 7.032645 -0.830571 -0.035179 0.609420 -0.792067 0.986456 0.147541 1 6 1.000000
  6 -1.788286 7.079030 -0.597583 -0.132000 0.785653 -0.604422 0.981751 0.013297 1 6 1.000000
..\..\..\Desktop\General\noesis\lg_all
  6 -2.620993 6.248425 -0.850457 -0.162078 0.973882 0.159010 0.987128 0.195603 1 6 1.000000
  6 -2.358596 7.032645 -0.830571 -0.035179 0.609420 -0.792067 0.986456 0.147541 1 6 1.000000
  6 -1.800074 6.518332 -1.088602 -0.992431 0.120139 0.025453 0.983333 0.013297 1 6 1.000000
..\..\..\Desktop\General\noesis\lg_all
  6 -1.968059 5.362768 -0.498881 -0.305535 0.487652 0.817829 0.988443 0.110235 1 6 1.000000
  6 -2.620993 6.248425 -0.850457 -0.162078 0.973882 0.159010 0.987128 0.195603 1 6 1.000000
  6 -1.800074 6.518332 -1.088602 -0.992431 0.120139 0.025453 0.983333 0.013297 1 6 1.000000
..\..\..\Desktop\General\noesis\lg_all
  6 -1.237121 5.782835 -0.891633 -0.862455 0.195012 0.467057 0.989173 0.013297 1 6 1.000000
  6 -1.968059 5.362768 -0.498881 -0.305535 0.487652 0.817829 0.988443 0.110235 1 6 1.000000
  6 -1.800074 6.518332 -1.088602 -0.992431 0.120139 0.025453 0.983333 0.013297 1 6 1.000000
..\..\..\Desktop\General\noesis\lg_all
  6 -1.404120 5.442312 -0.651605 -0.391070 0.629802 0.671129 0.991691 0.013297 1 6 1.000000
  6 -1.968059 5.362768 -0.498881 -0.305535 0.487652 0.817829 0.988443 0.110235 1 6 1.000000
  6 -1.237121 5.782835 -0.891633 -0.862455 0.195012 0.467057 0.989173 0.013297 1 6 1.000000
..\..\..\Desktop\General\noesis\lg_all
  6 -1.968059 5.362768 -0.498881 -0.305535 0.487652 0.817829 0.988443 0.110235 1 6 1.000000
  6 -1.404120 5.442312 -0.651605 -0.391070 0.629802 0.671129 0.991691 0.013297 1 6 1.000000
  6 -1.523920 5.461279 -0.130095 0.198671 0.801928 0.563420 0.990846 0.077546 1 6 1.000000
..\..\..\Desktop\General\noesis\lg_all
  6 -1.788286 7.079030 -0.597583 -0.132000 0.785653 -0.604422 0.765083 0.172542 1 6 1.000000
  6 -2.358596 7.032645 -0.830571 -0.035179 0.609420 -0.792067 0.817492 0.145357 1 6 1.000000
  6 -1.713543 6.224808 -0.145017 0.502263 0.862927 0.055585 0.757642 0.114320 1 6 1.000000
..\..\..\Desktop\General\noesis\lg_all
  6 -1.949756 7.164586 -0.128604 0.229216 0.892761 0.387863 0.757642 0.174744 1 6 1.000000
  6 -1.788286 7.079030 -0.597583 -0.132000 0.785653 -0.604422 0.765083 0.172542 1 6 1.000000
  6 -1.713543 6.224808 -0.145017 0.502263 0.862927 0.055585 0.757642 0.114320 1 6 1.000000
..\..\..\Desktop\General\noesis\lg_all
  6 -2.620993 6.248425 -0.850457 -0.162078 0.973882 0.159010 0.825038 0.092857 1 6 1.000000
  6 -1.713543 6.224808 -0.145017 0.502263 0.862927 0.055585 0.757642 0.114320 1 6 1.000000
  6 -2.358596 7.032645 -0.830571 -0.035179 0.609420 -0.792067 0.817492 0.145357 1 6 1.000000
..\..\..\Desktop\General\noesis\lg_all
  6 -1.968059 5.362768 -0.498881 -0.305535 0.487652 0.817829 0.812678 0.022269 1 6 1.000000
  6 -1.713543 6.224808 -0.145017 0.502263 0.862927 0.055585 0.757642 0.114320 1 6 1.000000
  6 -2.620993 6.248425 -0.850457 -0.162078 0.973882 0.159010 0.825038 0.092857 1 6 1.000000
..\..\..\Desktop\General\noesis\lg_all
  6 -1.523920 5.461279 -0.130095 0.198671 0.801928 0.563420 0.756815 -0.003766 1 6 1.000000
  6 -1.713543 6.224808 -0.145017 0.502263 0.862927 0.055585 0.757642 0.114320 1 6 1.000000
  6 -1.968059 5.362768 -0.498881 -0.305535 0.487652 0.817829 0.812678 0.022269 1 6 1.000000
..\..\..\Desktop\General\noesis\lg_all
  6 1.800026 6.518358 -1.088602 -0.998590 -0.005302 0.052825 1.015420 0.013297 1 6 1.000000
  6 1.789174 7.080606 -0.598501 -0.152107 -0.809603 -0.566927 1.017010 0.013297 1 6 1.000000
  6 2.358545 7.032681 -0.944668 -0.108834 -0.602806 -0.790431 1.012230 0.147541 1 6 1.000000
..\..\..\Desktop\General\noesis\lg_all
  6 2.620947 6.248463 -0.964555 -0.258947 -0.949387 0.177796 1.011630 0.195603 1 6 1.000000
  6 1.800026 6.518358 -1.088602 -0.998590 -0.005302 0.052825 1.015420 0.013297 1 6 1.000000
  6 2.358545 7.032681 -0.944668 -0.108834 -0.602806 -0.790431 1.012230 0.147541 1 6 1.000000
..\..\..\Desktop\General\noesis\lg_all
  6 1.968021 5.362796 -0.498881 -0.321957 -0.470444 0.821600 1.010310 0.110235 1 6 1.000000
  6 1.800026 6.518358 -1.088602 -0.998590 -0.005302 0.052825 1.015420 0.013297 1 6 1.000000
  6 2.620947 6.248463 -0.964555 -0.258947 -0.949387 0.177796 1.011630 0.195603 1 6 1.000000
..\..\..\Desktop\General\noesis\lg_all
  6 1.237079 5.782852 -0.891633 -0.862455 -0.195011 0.467057 1.009580 0.013297 1 6 1.000000
  6 1.800026 6.518358 -1.088602 -0.998590 -0.005302 0.052825 1.015420 0.013297 1 6 1.000000
  6 1.968021 5.362796 -0.498881 -0.321957 -0.470444 0.821600 1.010310 0.110235 1 6 1.000000
..\..\..\Desktop\General\noesis\lg_all
  6 1.404080 5.442332 -0.651605 -0.404780 -0.634592 0.658366 1.007060 0.013297 1 6 1.000000
  6 1.237079 5.782852 -0.891633 -0.862455 -0.195011 0.467057 1.009580 0.013297 1 6 1.000000
  6 1.968021 5.362796 -0.498881 -0.321957 -0.470444 0.821600 1.010310 0.110235 1 6 1.000000
..\..\..\Desktop\General\noesis\lg_all
  6 1.968021 5.362796 -0.498881 -0.321957 -0.470444 0.821600 1.010310 0.110235 1 6 1.000000
  6 1.523880 5.461302 -0.130095 0.201569 -0.818051 0.538667 1.007910 0.077546 1 6 1.000000
  6 1.404080 5.442332 -0.651605 -0.404780 -0.634592 0.658366 1.007060 0.013297 1 6 1.000000
..\..\..\Desktop\General\noesis\lg_all
  6 1.789174 7.080606 -0.598501 -0.152107 -0.809603 -0.566927 0.765083 0.172542 1 6 1.000000
  6 1.713498 6.224833 -0.145017 0.472005 -0.880031 0.052504 0.757642 0.114320 1 6 1.000000
  6 2.358545 7.032681 -0.944668 -0.108834 -0.602806 -0.790431 0.817492 0.145357 1 6 1.000000
..\..\..\Desktop\General\noesis\lg_all
  6 1.949704 7.164625 -0.128604 0.229454 -0.892713 0.387833 0.757642 0.174744 1 6 1.000000
  6 1.713498 6.224833 -0.145017 0.472005 -0.880031 0.052504 0.757642 0.114320 1 6 1.000000
  6 1.789174 7.080606 -0.598501 -0.152107 -0.809603 -0.566927 0.765083 0.172542 1 6 1.000000
..\..\..\Desktop\General\noesis\lg_all
  6 2.620947 6.248463 -0.964555 -0.258947 -0.949387 0.177796 0.825038 0.092857 1 6 1.000000
  6 2.358545 7.032681 -0.944668 -0.108834 -0.602806 -0.790431 0.817492 0.145357 1 6 1.000000
  6 1.713498 6.224833 -0.145017 0.472005 -0.880031 0.052504 0.757642 0.114320 1 6 1.000000
..\..\..\Desktop\General\noesis\lg_all
  6 1.968021 5.362796 -0.498881 -0.321957 -0.470444 0.821600 0.812678 0.022269 1 6 1.000000
  6 2.620947 6.248463 -0.964555 -0.258947 -0.949387 0.177796 0.825038 0.092857 1 6 1.000000
  6 1.713498 6.224833 -0.145017 0.472005 -0.880031 0.052504 0.757642 0.114320 1 6 1.000000
..\..\..\Desktop\General\noesis\lg_all
  6 1.523880 5.461302 -0.130095 0.201569 -0.818051 0.538667 0.756815 -0.003766 1 6 1.000000
  6 1.968021 5.362796 -0.498881 -0.321957 -0.470444 0.821600 0.812678 0.022269 1 6 1.000000
  6 1.713498 6.224833 -0.145017 0.472005 -0.880031 0.052504 0.757642 0.114320 1 6 1.000000
..\..\..\Desktop\General\noesis\lg_all
  6 -0.000031 8.564877 3.571832 0.969247 -0.000000 0.246089 0.516043 0.525561 1 6 1.000000
  6 -1.595030 8.161019 2.609710 0.442574 0.833081 -0.331821 0.449183 0.686342 1 6 1.000000
  6 -0.000031 8.472354 1.580762 0.091039 -0.000000 0.995847 0.307686 0.525561 1 6 1.000000
..\..\..\Desktop\General\noesis\lg_all
  6 -0.000031 8.564877 3.571832 0.969247 -0.000000 0.246089 0.516043 0.525561 1 6 1.000000
  6 -0.000031 8.472354 1.580762 0.091039 -0.000000 0.995847 0.307686 0.525561 1 6 1.000000
  6 1.594970 8.161041 2.609710 0.442574 -0.833081 -0.331821 0.449183 0.686342 1 6 1.000000
..\..\..\Desktop\General\noesis\lg_all
  6 -0.000031 8.472354 1.580762 0.091039 -0.000000 0.995847 0.307686 0.525561 1 6 1.000000
  6 1.798592 7.831810 0.633340 0.178262 -0.796880 0.577239 0.294634 0.743300 1 6 1.000000
  6 1.594970 8.161041 2.609710 0.442574 -0.833081 -0.331821 0.449183 0.686342 1 6 1.000000
..\..\..\Desktop\General\noesis\lg_all
  6 -1.798648 7.831784 0.633340 0.178262 0.796880 0.577239 0.294634 0.743300 1 6 1.000000
  6 -0.000031 8.472354 1.580762 0.091039 -0.000000 0.995847 0.307686 0.525561 1 6 1.000000
  6 -1.595030 8.161019 2.609710 0.442574 0.833081 -0.331821 0.449183 0.686342 1 6 1.000000
..\..\..\Desktop\General\noesis\lg_all
  6 -0.000031 8.564877 3.571832 0.969247 -0.000000 0.246089 0.516043 0.525561 1 6 1.000000
  6 -0.000033 8.988934 1.755376 0.215358 -0.000000 -0.976535 0.310658 0.525561 1 6 1.000000
  6 -1.595030 8.161019 2.609710 0.442574 0.833081 -0.331821 0.449183 0.686342 1 6 1.000000
..\..\..\Desktop\General\noesis\lg_all
  6 -0.000031 8.564877 3.571832 0.969247 -0.000000 0.246089 0.516043 0.525561 1 6 1.000000
  6 1.594970 8.161041 2.609710 0.442574 -0.833081 -0.331821 0.449183 0.686342 1 6 1.000000
  6 -0.000033 8.988934 1.755376 0.215358 -0.000000 -0.976535 0.310658 0.525561 1 6 1.000000
..\..\..\Desktop\General\noesis\lg_all
  6 1.594970 8.161041 2.609710 0.442574 -0.833081 -0.331821 0.449183 0.686342 1 6 1.000000
  6 1.346519 8.539955 1.272752 0.097695 -0.638514 -0.763384 0.302102 0.649980 1 6 1.000000
  6 -0.000033 8.988934 1.755376 0.215358 -0.000000 -0.976535 0.310658 0.525561 1 6 1.000000
..\..\..\Desktop\General\noesis\lg_all
  6 1.798592 7.831810 0.633340 0.178262 -0.796880 0.577239 0.294634 0.743300 1 6 1.000000
  6 1.346519 8.539955 1.272752 0.097695 -0.638514 -0.763384 0.302102 0.649980 1 6 1.000000
  6 1.594970 8.161041 2.609710 0.442574 -0.833081 -0.331821 0.449183 0.686342 1 6 1.000000
..\..\..\Desktop\General\noesis\lg_all
  6 -1.595030 8.161019 2.609710 0.442574 0.833081 -0.331821 0.449183 0.686342 1 6 1.000000
  6 -0.000033 8.988934 1.755376 0.215358 -0.000000 -0.976535 0.310658 0.525561 1 6 1.000000
  6 -1.346581 8.539936 1.272752 0.097695 0.638514 -0.763384 0.302102 0.649980 1 6 1.000000
..\..\..\Desktop\General\noesis\lg_all
  6 -1.798648 7.831784 0.633340 0.178262 0.796880 0.577239 0.294634 0.743300 1 6 1.000000
  6 -1.595030 8.161019 2.609710 0.442574 0.833081 -0.331821 0.449183 0.686342 1 6 1.000000
  6 -1.346581 8.539936 1.272752 0.097695 0.638514 -0.763384 0.302102 0.649980 1 6 1.000000
..\..\..\Desktop\General\noesis\lg_all
  6 -0.000028 7.705151 -2.883934 -0.934505 0.000000 -0.355949 0.462273 1.000730 1 6 1.000000
  6 -0.000024 6.540801 -2.903992 -0.860296 0.000000 0.509795 0.516357 1.000570 1 6 1.000000
  6 -1.103844 6.529531 -2.596322 -0.737413 0.509634 0.443279 0.505983 1.124030 1 6 1.000000
..\..\..\Desktop\General\noesis\lg_all
  6 -1.341258 7.811528 -2.157012 -0.791826 0.406085 -0.456188 0.443886 1.139610 1 6 1.000000
  6 -0.000028 7.705151 -2.883934 -0.934505 0.000000 -0.355949 0.462273 1.000730 1 6 1.000000
  6 -1.103844 6.529531 -2.596322 -0.737413 0.509634 0.443279 0.505983 1.124030 1 6 1.000000
..\..\..\Desktop\General\noesis\lg_all
  6 -0.000028 7.705151 -2.883934 -0.934505 0.000000 -0.355949 0.462273 1.000730 1 6 1.000000
  6 -1.341258 7.811528 -2.157012 -0.791826 0.406085 -0.456188 0.443886 1.139610 1 6 1.000000
  6 1.341202 7.811548 -2.157012 -0.791826 -0.406085 -0.456188 0.443886 0.861523 1 6 1.000000
..\..\..\Desktop\General\noesis\lg_all
  6 -0.000024 6.540801 -2.903992 -0.860296 0.000000 0.509795 0.516357 1.000570 1 6 1.000000
  6 -0.000028 7.705151 -2.883934 -0.934505 0.000000 -0.355949 0.462273 1.000730 1 6 1.000000
  6 1.103796 6.529547 -2.596322 -0.737413 -0.509634 0.443279 0.505983 0.877102 1 6 1.000000
..\..\..\Desktop\General\noesis\lg_all
  6 1.103796 6.529547 -2.596322 -0.737413 -0.509634 0.443279 0.505983 0.877102 1 6 1.000000
  6 -0.000028 7.705151 -2.883934 -0.934505 0.000000 -0.355949 0.462273 1.000730 1 6 1.000000
  6 1.341202 7.811548 -2.157012 -0.791826 -0.406085 -0.456188 0.443886 0.861523 1 6 1.000000
..\..\..\Desktop\General\noesis\lg_all
  6 1.103796 6.529547 -2.596322 -0.737413 -0.509634 0.443279 0.505983 0.877102 1 6 1.000000
  6 1.341202 7.811548 -2.157012 -0.791826 -0.406085 -0.456188 0.443886 0.861523 1 6 1.000000
  6 2.277994 7.170442 -1.508028 -0.376647 -0.916561 0.134365 0.448192 0.739156 1 6 1.000000
..\..\..\Desktop\General\noesis\lg_all
  6 1.341202 7.811548 -2.157012 -0.791826 -0.406085 -0.456188 0.443886 0.861523 1 6 1.000000
  6 -1.341258 7.811528 -2.157012 -0.791826 0.406085 -0.456188 0.443886 1.139610 1 6 1.000000
  6 1.298115 9.593405 -1.502930 -0.664671 -0.475926 -0.575940 0.375844 0.889771 1 6 1.000000
..\..\..\Desktop\General\noesis\lg_all
  6 1.298115 9.593405 -1.502930 -0.664671 -0.475926 -0.575940 0.375844 0.889771 1 6 1.000000
  6 2.277994 7.170442 -1.508028 -0.376647 -0.916561 0.134365 0.448192 0.739156 1 6 1.000000
  6 1.341202 7.811548 -2.157012 -0.791826 -0.406085 -0.456188 0.443886 0.861523 1 6 1.000000
..\..\..\Desktop\General\noesis\lg_all
  6 2.081166 9.288757 -0.468950 -0.145647 -0.873540 -0.464452 0.319778 0.770585 1 6 1.000000
  6 2.277994 7.170442 -1.508028 -0.376647 -0.916561 0.134365 0.448192 0.739156 1 6 1.000000
  6 1.298115 9.593405 -1.502930 -0.664671 -0.475926 -0.575940 0.375844 0.889771 1 6 1.000000
..\..\..\Desktop\General\noesis\lg_all
  6 1.271643 10.318194 0.283099 0.014051 -0.536588 -0.843728 0.268614 0.870294 1 6 1.000000
  6 2.081166 9.288757 -0.468950 -0.145647 -0.873540 -0.464452 0.319778 0.770585 1 6 1.000000
  6 1.298115 9.593405 -1.502930 -0.664671 -0.475926 -0.575940 0.375844 0.889771 1 6 1.000000
..\..\..\Desktop\General\noesis\lg_all
  6 1.298115 9.593405 -1.502930 -0.664671 -0.475926 -0.575940 0.375844 0.889771 1 6 1.000000
  6 -0.000038 10.557370 -0.787728 -0.414472 0.000000 -0.910062 0.324067 1.000570 1 6 1.000000
  6 1.271643 10.318194 0.283099 0.014051 -0.536588 -0.843728 0.268614 0.870294 1 6 1.000000
..\..\..\Desktop\General\noesis\lg_all
  6 -1.341258 7.811528 -2.157012 -0.791826 0.406085 -0.456188 0.443886 1.139610 1 6 1.000000
  6 -1.298185 9.593386 -1.502930 -0.664671 0.475926 -0.575940 0.375844 1.111360 1 6 1.000000
  6 1.298115 9.593405 -1.502930 -0.664671 -0.475926 -0.575940 0.375844 0.889771 1 6 1.000000
..\..\..\Desktop\General\noesis\lg_all
  6 1.298115 9.593405 -1.502930 -0.664671 -0.475926 -0.575940 0.375844 0.889771 1 6 1.000000
  6 -1.298185 9.593386 -1.502930 -0.664671 0.475926 -0.575940 0.375844 1.111360 1 6 1.000000
  6 -0.000038 10.557370 -0.787728 -0.414472 0.000000 -0.910062 0.324067 1.000570 1 6 1.000000
..\..\..\Desktop\General\noesis\lg_all
  6 -1.103844 6.529531 -2.596322 -0.737413 0.509634 0.443279 0.505983 1.124030 1 6 1.000000
  6 -2.278046 7.170409 -1.508028 -0.376647 0.916560 0.134365 0.447707 1.256470 1 6 1.000000
  6 -1.341258 7.811528 -2.157012 -0.791826 0.406085 -0.456188 0.443886 1.139610 1 6 1.000000
..\..\..\Desktop\General\noesis\lg_all
  6 -1.298185 9.593386 -1.502930 -0.664671 0.475926 -0.575940 0.375844 1.111360 1 6 1.000000
  6 -1.341258 7.811528 -2.157012 -0.791826 0.406085 -0.456188 0.443886 1.139610 1 6 1.000000
  6 -2.278046 7.170409 -1.508028 -0.376647 0.916560 0.134365 0.447707 1.256470 1 6 1.000000
..\..\..\Desktop\General\noesis\lg_all
  6 -2.278046 7.170409 -1.508028 -0.376647 0.916560 0.134365 0.447707 1.256470 1 6 1.000000
  6 -2.081234 9.288727 -0.468950 -0.145647 0.873540 -0.464452 0.319778 1.230550 1 6 1.000000
  6 -1.298185 9.593386 -1.502930 -0.664671 0.475926 -0.575940 0.375844 1.111360 1 6 1.000000
..\..\..\Desktop\General\noesis\lg_all
  6 -2.081234 9.288727 -0.468950 -0.145647 0.873540 -0.464452 0.319778 1.230550 1 6 1.000000
  6 -2.278046 7.170409 -1.508028 -0.376647 0.916560 0.134365 0.447707 1.256470 1 6 1.000000
  6 -2.525699 7.965482 -0.114111 0.385107 0.916969 0.104210 0.407608 1.251890 1 6 1.000000
..\..\..\Desktop\General\noesis\lg_all
  6 -1.271717 10.318175 0.283099 0.014051 0.536588 -0.843728 0.268614 1.130840 1 6 1.000000
  6 -1.298185 9.593386 -1.502930 -0.664671 0.475926 -0.575940 0.375844 1.111360 1 6 1.000000
  6 -2.081234 9.288727 -0.468950 -0.145647 0.873540 -0.464452 0.319778 1.230550 1 6 1.000000
..\..\..\Desktop\General\noesis\lg_all
  6 -1.298185 9.593386 -1.502930 -0.664671 0.475926 -0.575940 0.375844 1.111360 1 6 1.000000
  6 -1.271717 10.318175 0.283099 0.014051 0.536588 -0.843728 0.268614 1.130840 1 6 1.000000
  6 -0.000038 10.557370 -0.787728 -0.414472 0.000000 -0.910062 0.324067 1.000570 1 6 1.000000
..\..\..\Desktop\General\noesis\lg_all
  6 -0.000038 10.557370 -0.787728 -0.414472 0.000000 -0.910062 0.324067 1.000570 1 6 1.000000
  6 -1.271717 10.318175 0.283099 0.014051 0.536588 -0.843728 0.268614 1.130840 1 6 1.000000
  6 -0.000039 10.814810 0.392558 0.091805 0.000000 -0.995777 0.249367 1.000570 1 6 1.000000
..\..\..\Desktop\General\noesis\lg_all
  6 -0.000038 10.557370 -0.787728 -0.414472 0.000000 -0.910062 0.324067 1.000570 1 6 1.000000
  6 -0.000039 10.814810 0.392558 0.091805 0.000000 -0.995777 0.249367 1.000570 1 6 1.000000
  6 1.271643 10.318194 0.283099 0.014051 -0.536588 -0.843728 0.268614 0.870294 1 6 1.000000
..\..\..\Desktop\General\noesis\lg_all
  6 -2.081234 9.288727 -0.468950 -0.145647 0.873540 -0.464452 0.139873 0.918361 1 6 1.000000
  6 -1.391196 9.919276 1.060643 0.527137 0.725879 -0.441844 0.129590 0.899694 1 6 1.000000
  6 -1.271717 10.318175 0.283099 0.014051 0.536588 -0.843728 0.115454 0.909825 1 6 1.000000
..\..\..\Desktop\General\noesis\lg_all
  6 -2.081234 9.288727 -0.468950 -0.145647 0.873540 -0.464452 0.139873 0.918361 1 6 1.000000
  6 -2.525699 7.965482 -0.114111 0.385107 0.916969 0.104210 0.143389 0.916660 1 6 1.000000
  6 -1.391196 9.919276 1.060643 0.527137 0.725879 -0.441844 0.129590 0.899694 1 6 1.000000
..\..\..\Desktop\General\noesis\lg_all
  6 -2.525699 7.965482 -0.114111 0.385107 0.916969 0.104210 0.143389 0.916660 1 6 1.000000
  6 -1.346581 8.539936 1.272752 0.815607 0.575879 -0.056110 0.129609 0.898613 1 6 1.000000
  6 -1.391196 9.919276 1.060643 0.527137 0.725879 -0.441844 0.129590 0.899694 1 6 1.000000
..\..\..\Desktop\General\noesis\lg_all
  6 -1.346581 8.539936 1.272752 0.815607 0.575879 -0.056110 0.129609 0.898613 1 6 1.000000
  6 -2.525699 7.965482 -0.114111 0.385107 0.916969 0.104210 0.143389 0.916660 1 6 1.000000
  6 -1.798648 7.831784 0.633340 0.588732 0.776951 0.223028 0.133160 0.909335 1 6 1.000000
..\..\..\Desktop\General\noesis\lg_all
  6 -1.949756 7.164586 -0.128604 0.229216 0.892761 0.387863 0.136151 0.922272 1 6 1.000000
  6 -1.798648 7.831784 0.633340 0.588732 0.776951 0.223028 0.133160 0.909335 1 6 1.000000
  6 -2.525699 7.965482 -0.114111 0.385107 0.916969 0.104210 0.143389 0.916660 1 6 1.000000
..\..\..\Desktop\General\noesis\lg_all
  6 -2.525699 7.965482 -0.114111 0.385107 0.916969 0.104210 0.143389 0.916660 1 6 1.000000
  6 -2.278046 7.170409 -1.508028 -0.376647 0.916560 0.134365 0.138957 0.931386 1 6 1.000000
  6 -1.949756 7.164586 -0.128604 0.229216 0.892761 0.387863 0.136151 0.922272 1 6 1.000000
..\..\..\Desktop\General\noesis\lg_all
  6 -1.949756 7.164586 -0.128604 0.229216 0.892761 0.387863 0.136151 0.922272 1 6 1.000000
  6 -2.278046 7.170409 -1.508028 -0.376647 0.916560 0.134365 0.138957 0.931386 1 6 1.000000
  6 -1.800074 6.518332 -1.088602 -0.364893 0.660239 0.656458 0.134827 0.933352 1 6 1.000000
..\..\..\Desktop\General\noesis\lg_all
  6 -1.103844 6.529531 -2.596322 -0.737413 0.509634 0.443279 0.133638 0.949058 1 6 1.000000
  6 -1.800074 6.518332 -1.088602 -0.364893 0.660239 0.656458 0.134827 0.933352 1 6 1.000000
  6 -2.278046 7.170409 -1.508028 -0.376647 0.916560 0.134365 0.138957 0.931386 1 6 1.000000
..\..\..\Desktop\General\noesis\lg_all
  6 -1.103844 6.529531 -2.596322 -0.737413 0.509634 0.443279 0.133638 0.949058 1 6 1.000000
  6 -0.000022 6.095178 -2.091394 -0.635494 0.000000 0.772106 0.112575 0.953692 1 6 1.000000
  6 -1.800074 6.518332 -1.088602 -0.364893 0.660239 0.656458 0.134827 0.933352 1 6 1.000000
..\..\..\Desktop\General\noesis\lg_all
  6 -1.103844 6.529531 -2.596322 -0.737413 0.509634 0.443279 0.133638 0.949058 1 6 1.000000
  6 -0.000024 6.540801 -2.903992 -0.860296 0.000000 0.509795 0.112575 0.961669 1 6 1.000000
  6 -0.000022 6.095178 -2.091394 -0.635494 0.000000 0.772106 0.112575 0.953692 1 6 1.000000
..\..\..\Desktop\General\noesis\lg_all
  6 1.103796 6.529547 -2.596322 -0.737413 -0.509634 0.443279 0.133638 0.949058 1 6 1.000000
  6 -0.000022 6.095178 -2.091394 -0.635494 0.000000 0.772106 0.112575 0.953692 1 6 1.000000
  6 -0.000024 6.540801 -2.903992 -0.860296 0.000000 0.509795 0.112575 0.961669 1 6 1.000000
..\..\..\Desktop\General\noesis\lg_all
  6 1.103796 6.529547 -2.596322 -0.737413 -0.509634 0.443279 0.133638 0.949058 1 6 1.000000
  6 1.800026 6.518358 -1.088602 -0.364893 -0.660239 0.656458 0.134827 0.933352 1 6 1.000000
  6 -0.000022 6.095178 -2.091394 -0.635494 0.000000 0.772106 0.112575 0.953692 1 6 1.000000
..\..\..\Desktop\General\noesis\lg_all
  6 1.103796 6.529547 -2.596322 -0.737413 -0.509634 0.443279 0.133638 0.949058 1 6 1.000000
  6 2.277994 7.170442 -1.508028 -0.376647 -0.916561 0.134365 0.138957 0.931386 1 6 1.000000
  6 1.800026 6.518358 -1.088602 -0.364893 -0.660239 0.656458 0.134827 0.933352 1 6 1.000000
..\..\..\Desktop\General\noesis\lg_all
  6 1.949704 7.164625 -0.128604 0.229454 -0.892713 0.387833 0.136151 0.922272 1 6 1.000000
  6 1.800026 6.518358 -1.088602 -0.364893 -0.660239 0.656458 0.134827 0.933352 1 6 1.000000
  6 2.277994 7.170442 -1.508028 -0.376647 -0.916561 0.134365 0.138957 0.931386 1 6 1.000000
..\..\..\Desktop\General\noesis\lg_all
  6 1.949704 7.164625 -0.128604 0.229454 -0.892713 0.387833 0.136151 0.922272 1 6 1.000000
  6 2.277994 7.170442 -1.508028 -0.376647 -0.916561 0.134365 0.138957 0.931386 1 6 1.000000
  6 2.525641 7.965519 -0.114111 0.385108 -0.916969 0.104211 0.143389 0.916660 1 6 1.000000
..\..\..\Desktop\General\noesis\lg_all
  6 1.949704 7.164625 -0.128604 0.229454 -0.892713 0.387833 0.136151 0.922272 1 6 1.000000
  6 2.525641 7.965519 -0.114111 0.385108 -0.916969 0.104211 0.143389 0.916660 1 6 1.000000
  6 1.798592 7.831810 0.633340 0.588732 -0.776951 0.223029 0.133160 0.909335 1 6 1.000000
..\..\..\Desktop\General\noesis\lg_all
  6 1.346519 8.539955 1.272752 0.815608 -0.575878 -0.056110 0.129609 0.898613 1 6 1.000000
  6 1.798592 7.831810 0.633340 0.588732 -0.776951 0.223029 0.133160 0.909335 1 6 1.000000
  6 2.525641 7.965519 -0.114111 0.385108 -0.916969 0.104211 0.143389 0.916660 1 6 1.000000
..\..\..\Desktop\General\noesis\lg_all
  6 1.346519 8.539955 1.272752 0.815608 -0.575878 -0.056110 0.129609 0.898613 1 6 1.000000
  6 2.525641 7.965519 -0.114111 0.385108 -0.916969 0.104211 0.143389 0.916660 1 6 1.000000
  6 1.391124 9.919295 1.060643 0.527137 -0.725879 -0.441844 0.129590 0.899694 1 6 1.000000
..\..\..\Desktop\General\noesis\lg_all
  6 1.391124 9.919295 1.060643 0.527137 -0.725879 -0.441844 0.129590 0.899694 1 6 1.000000
  6 2.525641 7.965519 -0.114111 0.385108 -0.916969 0.104211 0.143389 0.916660 1 6 1.000000
  6 2.081166 9.288757 -0.468950 -0.145647 -0.873540 -0.464452 0.139873 0.918361 1 6 1.000000
..\..\..\Desktop\General\noesis\lg_all
  6 1.391124 9.919295 1.060643 0.527137 -0.725879 -0.441844 0.129590 0.899694 1 6 1.000000
  6 2.081166 9.288757 -0.468950 -0.145647 -0.873540 -0.464452 0.139873 0.918361 1 6 1.000000
  6 1.271643 10.318194 0.283099 0.014051 -0.536588 -0.843728 0.115454 0.909825 1 6 1.000000
..\..\..\Desktop\General\noesis\lg_all
  6 -0.000037 10.337690 1.515486 0.790892 -0.000000 -0.611956 0.151446 0.869712 1 6 1.000000
  6 -1.391196 9.919276 1.060643 0.527137 0.725879 -0.441844 0.006626 0.791338 1 6 1.000000
  6 -1.346581 8.539936 1.272752 0.815607 0.575879 -0.056110 0.011270 0.514991 1 6 1.000000
..\..\..\Desktop\General\noesis\lg_all
  6 -0.000037 10.337690 1.515486 0.790892 -0.000000 -0.611956 0.151446 0.869712 1 6 1.000000
  6 -1.346581 8.539936 1.272752 0.815607 0.575879 -0.056110 0.011270 0.514991 1 6 1.000000
  6 -0.000033 8.988934 1.755376 0.984548 -0.000000 -0.175117 0.151446 0.612636 1 6 1.000000
..\..\..\Desktop\General\noesis\lg_all
  6 1.346519 8.539955 1.272752 0.815608 -0.575878 -0.056110 0.291623 0.514991 1 6 1.000000
  6 -0.000037 10.337690 1.515486 0.790892 -0.000000 -0.611956 0.151446 0.869712 1 6 1.000000
  6 -0.000033 8.988934 1.755376 0.984548 -0.000000 -0.175117 0.151446 0.612636 1 6 1.000000
..\..\..\Desktop\General\noesis\lg_all
  6 1.346519 8.539955 1.272752 0.815608 -0.575878 -0.056110 0.291623 0.514991 1 6 1.000000
  6 1.391124 9.919295 1.060643 0.527137 -0.725879 -0.441844 0.296266 0.791338 1 6 1.000000
  6 -0.000037 10.337690 1.515486 0.790892 -0.000000 -0.611956 0.151446 0.869712 1 6 1.000000
..\..\..\Desktop\General\noesis\lg_all
  6 1.391124 9.919295 1.060643 0.527137 -0.725879 -0.441844 0.296266 0.791338 1 6 1.000000
  6 1.271643 10.318194 0.283099 0.014051 -0.536588 -0.843728 0.283829 0.900667 1 6 1.000000
  6 -0.000037 10.337690 1.515486 0.790892 -0.000000 -0.611956 0.151446 0.869712 1 6 1.000000
..\..\..\Desktop\General\noesis\lg_all
  6 -0.000037 10.337690 1.515486 0.790892 -0.000000 -0.611956 0.151446 0.869712 1 6 1.000000
  6 1.271643 10.318194 0.283099 0.014051 -0.536588 -0.843728 0.283829 0.900667 1 6 1.000000
  6 -0.000039 10.814810 0.392558 0.091805 0.000000 -0.995777 0.151446 1.004690 1 6 1.000000
..\..\..\Desktop\General\noesis\lg_all
  6 -1.271717 10.318175 0.283099 0.014051 0.536588 -0.843728 0.019063 0.900667 1 6 1.000000
  6 -0.000037 10.337690 1.515486 0.790892 -0.000000 -0.611956 0.151446 0.869712 1 6 1.000000
  6 -0.000039 10.814810 0.392558 0.091805 0.000000 -0.995777 0.151446 1.004690 1 6 1.000000
..\..\..\Desktop\General\noesis\lg_all
  6 -1.391196 9.919276 1.060643 0.527137 0.725879 -0.441844 0.006626 0.791338 1 6 1.000000
  6 -0.000037 10.337690 1.515486 0.790892 -0.000000 -0.611956 0.151446 0.869712 1 6 1.000000
  6 -1.271717 10.318175 0.283099 0.014051 0.536588 -0.843728 0.019063 0.900667 1 6 1.000000
..\..\..\Desktop\General\noesis\lg_all
  6 -1.508670 5.674317 0.730768 0.379171 0.910121 0.167059 0.860582 0.043725 1 6 1.000000
  6 -0.721672 4.949193 1.483326 0.736573 0.612025 0.287899 0.822773 0.030342 1 6 1.000000
  6 -1.173813 6.435207 1.251308 0.743240 0.667176 -0.049700 0.831337 0.112055 1 6 1.000000
..\..\..\Desktop\General\noesis\lg_all
  6 -1.020787 4.822752 1.057696 0.339973 0.815080 0.469108 0.851985 0.028150 1 6 1.000000
  6 -0.721672 4.949193 1.483326 0.736573 0.612025 0.287899 0.822773 0.030342 1 6 1.000000
  6 -1.508670 5.674317 0.730768 0.379171 0.910121 0.167059 0.860582 0.043725 1 6 1.000000
..\..\..\Desktop\General\noesis\lg_all
  6 -1.508670 5.674317 0.730768 0.379171 0.910121 0.167059 0.860582 0.043725 1 6 1.000000
  6 -1.523920 5.461279 -0.130095 0.198671 0.801928 0.563420 0.937064 0.062458 1 6 1.000000
  6 -1.020787 4.822752 1.057696 0.339973 0.815080 0.469108 0.851985 0.028150 1 6 1.000000
..\..\..\Desktop\General\noesis\lg_all
  6 -1.508670 5.674317 0.730768 0.379171 0.910121 0.167059 0.860582 0.043725 1 6 1.000000
  6 -1.713543 6.224808 -0.145017 0.502263 0.862927 0.055585 0.918189 0.159266 1 6 1.000000
  6 -1.523920 5.461279 -0.130095 0.198671 0.801928 0.563420 0.937064 0.062458 1 6 1.000000
..\..\..\Desktop\General\noesis\lg_all
  6 -1.713543 6.224808 -0.145017 0.502263 0.862927 0.055585 0.918189 0.159266 1 6 1.000000
  6 -1.508670 5.674317 0.730768 0.379171 0.910121 0.167059 0.860582 0.043725 1 6 1.000000
  6 -1.541073 6.434846 0.570124 0.416428 0.904077 0.096081 0.869924 0.150751 1 6 1.000000
..\..\..\Desktop\General\noesis\lg_all
  6 -1.508670 5.674317 0.730768 0.379171 0.910121 0.167059 0.860582 0.043725 1 6 1.000000
  6 -1.173813 6.435207 1.251308 0.743240 0.667176 -0.049700 0.831337 0.112055 1 6 1.000000
  6 -1.541073 6.434846 0.570124 0.416428 0.904077 0.096081 0.869924 0.150751 1 6 1.000000
..\..\..\Desktop\General\noesis\lg_all
  6 -1.949756 7.164586 -0.128604 0.229216 0.892761 0.387863 0.916426 0.246311 1 6 1.000000
  6 -1.713543 6.224808 -0.145017 0.502263 0.862927 0.055585 0.918189 0.159266 1 6 1.000000
  6 -1.541073 6.434846 0.570124 0.416428 0.904077 0.096081 0.869924 0.150751 1 6 1.000000
..\..\..\Desktop\General\noesis\lg_all
  6 -1.541073 6.434846 0.570124 0.416428 0.904077 0.096081 0.869924 0.150751 1 6 1.000000
  6 -1.798648 7.831784 0.633340 0.588732 0.776951 0.223028 0.834688 0.245080 1 6 1.000000
  6 -1.949756 7.164586 -0.128604 0.229216 0.892761 0.387863 0.916426 0.246311 1 6 1.000000
..\..\..\Desktop\General\noesis\lg_all
  6 -1.541073 6.434846 0.570124 0.416428 0.904077 0.096081 0.869924 0.150751 1 6 1.000000
  6 -1.173813 6.435207 1.251308 0.743240 0.667176 -0.049700 0.831337 0.112055 1 6 1.000000
  6 -1.270587 7.528936 1.177736 0.803504 0.593948 0.040079 0.818812 0.211699 1 6 1.000000
..\..\..\Desktop\General\noesis\lg_all
  6 -1.798648 7.831784 0.633340 0.588732 0.776951 0.223028 0.834688 0.245080 1 6 1.000000
  6 -1.541073 6.434846 0.570124 0.416428 0.904077 0.096081 0.869924 0.150751 1 6 1.000000
  6 -1.270587 7.528936 1.177736 0.803504 0.593948 0.040079 0.818812 0.211699 1 6 1.000000
..\..\..\Desktop\General\noesis\lg_all
  6 -1.270587 7.528936 1.177736 0.803504 0.593948 0.040079 0.976180 0.183785 1 6 1.000000
  6 -1.351130 8.171796 1.184570 0.846089 0.527725 0.075098 0.964934 -0.114371 1 6 1.000000
  6 -1.798648 7.831784 0.633340 0.588732 0.776951 0.223028 0.957749 0.052654 1 6 1.000000
..\..\..\Desktop\General\noesis\lg_all
  6 -1.523920 5.461279 -0.130095 0.198671 0.801928 0.563420 0.990846 0.194884 1 6 1.000000
  6 -1.404120 5.442312 -0.651605 -0.391070 0.629802 0.671129 0.991691 0.013297 1 6 1.000000
  6 -0.931517 4.437537 0.114794 0.041226 0.821332 0.568958 0.992359 0.160781 1 6 1.000000
..\..\..\Desktop\General\noesis\lg_all
  6 -0.638993 4.688533 -0.732126 -0.234124 0.669770 0.704695 0.995301 0.083805 1 6 1.000000
  6 -0.931517 4.437537 0.114794 0.041226 0.821332 0.568958 0.992359 0.160781 1 6 1.000000
  6 -1.404120 5.442312 -0.651605 -0.391070 0.629802 0.671129 0.991691 0.013297 1 6 1.000000
..\..\..\Desktop\General\noesis\lg_all
  6 -0.000014 3.824164 0.505342 0.606596 0.015674 0.794856 0.999343 0.140325 1 6 1.000000
  6 -0.374171 4.122623 1.213400 0.529682 0.438174 0.726251 0.998076 0.146901 1 6 1.000000
  6 -0.931517 4.437537 0.114794 0.041226 0.821332 0.568958 0.992359 0.160781 1 6 1.000000
..\..\..\Desktop\General\noesis\lg_all
  6 -0.000014 3.824164 0.505342 0.606596 0.015674 0.794856 0.999343 0.140325 1 6 1.000000
  6 0.382916 4.122630 1.213400 0.543098 -0.425153 0.724079 1.000780 0.146901 1 6 1.000000
  6 -0.374171 4.122623 1.213400 0.529682 0.438174 0.726251 0.998076 0.146901 1 6 1.000000
..\..\..\Desktop\General\noesis\lg_all
  6 1.013414 4.437551 0.114794 0.036110 -0.825568 0.563146 1.006590 0.160781 1 6 1.000000
  6 0.382916 4.122630 1.213400 0.543098 -0.425153 0.724079 1.000780 0.146901 1 6 1.000000
  6 -0.000014 3.824164 0.505342 0.606596 0.015674 0.794856 0.999343 0.140325 1 6 1.000000
..\..\..\Desktop\General\noesis\lg_all
  6 0.638959 4.688542 -0.732126 -0.263957 -0.658847 0.704448 1.003450 0.083805 1 6 1.000000
  6 1.404080 5.442332 -0.651605 -0.404780 -0.634592 0.658366 1.007060 0.013297 1 6 1.000000
  6 1.013414 4.437551 0.114794 0.036110 -0.825568 0.563146 1.006590 0.160781 1 6 1.000000
..\..\..\Desktop\General\noesis\lg_all
  6 1.523880 5.461302 -0.130095 0.201569 -0.818051 0.538667 1.007910 0.194884 1 6 1.000000
  6 1.013414 4.437551 0.114794 0.036110 -0.825568 0.563146 1.006590 0.160781 1 6 1.000000
  6 1.404080 5.442332 -0.651605 -0.404780 -0.634592 0.658366 1.007060 0.013297 1 6 1.000000
..\..\..\Desktop\General\noesis\lg_all
  6 -0.469767 4.116934 -1.481480 -0.556554 0.413218 0.720763 0.375193 0.016942 1 6 1.000000
  6 -0.638993 4.688533 -0.732126 -0.234124 0.669770 0.704695 0.398981 0.037919 1 6 1.000000
  6 -0.709834 5.261519 -1.243791 -0.825507 0.492465 0.275710 0.393460 0.093890 1 6 1.000000
..\..\..\Desktop\General\noesis\lg_all
  6 -0.638993 4.688533 -0.732126 -0.234124 0.669770 0.704695 0.398981 0.037919 1 6 1.000000
  6 -0.469767 4.116934 -1.481480 -0.556554 0.413218 0.720763 0.375193 0.016942 1 6 1.000000
  6 -0.000016 4.387640 -0.913786 -0.506666 -0.000198 0.862143 0.345909 0.006697 1 6 1.000000
..\..\..\Desktop\General\noesis\lg_all
  6 -0.000019 5.141346 -1.486052 -0.949260 0.000000 0.314493 0.345909 0.089290 1 6 1.000000
  6 -0.469767 4.116934 -1.481480 -0.556554 0.413218 0.720763 0.375193 0.016942 1 6 1.000000
  6 -0.709834 5.261519 -1.243791 -0.825507 0.492465 0.275710 0.393460 0.093890 1 6 1.000000
..\..\..\Desktop\General\noesis\lg_all
  6 -0.000016 4.387640 -0.913786 -0.506666 -0.000198 0.862143 0.345909 0.006697 1 6 1.000000
  6 -0.469767 4.116934 -1.481480 -0.556554 0.413218 0.720763 0.375193 0.016942 1 6 1.000000
  6 -0.000019 5.141346 -1.486052 -0.949260 0.000000 0.314493 0.345909 0.089290 1 6 1.000000
..\..\..\Desktop\General\noesis\lg_all
  6 0.469737 4.116941 -1.481480 -0.556554 -0.413218 0.720763 0.375193 0.016942 1 6 1.000000
  6 -0.000016 4.387640 -0.913786 -0.506666 -0.000198 0.862143 0.345909 0.006697 1 6 1.000000
  6 -0.000019 5.141346 -1.486052 -0.949260 0.000000 0.314493 0.345909 0.089290 1 6 1.000000
..\..\..\Desktop\General\noesis\lg_all
  6 0.638959 4.688542 -0.732126 -0.263957 -0.658847 0.704448 0.398981 0.037919 1 6 1.000000
  6 -0.000016 4.387640 -0.913786 -0.506666 -0.000198 0.862143 0.345909 0.006697 1 6 1.000000
  6 0.469737 4.116941 -1.481480 -0.556554 -0.413218 0.720763 0.375193 0.016942 1 6 1.000000
..\..\..\Desktop\General\noesis\lg_all
  6 0.469737 4.116941 -1.481480 -0.556554 -0.413218 0.720763 0.375193 0.016942 1 6 1.000000
  6 0.709796 5.261529 -1.243791 -0.825507 -0.492465 0.275710 0.393460 0.093890 1 6 1.000000
  6 0.638959 4.688542 -0.732126 -0.263957 -0.658847 0.704448 0.398981 0.037919 1 6 1.000000
..\..\..\Desktop\General\noesis\lg_all
  6 -0.000019 5.141346 -1.486052 -0.949260 0.000000 0.314493 0.345909 0.089290 1 6 1.000000
  6 0.709796 5.261529 -1.243791 -0.825507 -0.492465 0.275710 0.393460 0.093890 1 6 1.000000
  6 0.469737 4.116941 -1.481480 -0.556554 -0.413218 0.720763 0.375193 0.016942 1 6 1.000000
..\..\..\Desktop\General\noesis\lg_all
  6 -0.709834 5.261519 -1.243791 -0.825507 0.492465 0.275710 0.393460 0.093890 1 6 1.000000
  6 -0.000022 6.095178 -2.091394 -0.635494 0.000000 0.772106 0.345909 0.192513 1 6 1.000000
  6 -0.000019 5.141346 -1.486052 -0.949260 0.000000 0.314493 0.345909 0.089290 1 6 1.000000
..\..\..\Desktop\General\noesis\lg_all
  6 0.709796 5.261529 -1.243791 -0.825507 -0.492465 0.275710 0.393460 0.093890 1 6 1.000000
  6 -0.000019 5.141346 -1.486052 -0.949260 0.000000 0.314493 0.345909 0.089290 1 6 1.000000
  6 -0.000022 6.095178 -2.091394 -0.635494 0.000000 0.772106 0.345909 0.192513 1 6 1.000000
..\..\..\Desktop\General\noesis\lg_all
  6 -0.000022 6.095178 -2.091394 -0.635494 0.000000 0.772106 0.345909 0.192513 1 6 1.000000
  6 1.800026 6.518358 -1.088602 -0.364893 -0.660239 0.656458 0.433002 0.237199 1 6 1.000000
  6 0.709796 5.261529 -1.243791 -0.825507 -0.492465 0.275710 0.393460 0.093890 1 6 1.000000
..\..\..\Desktop\General\noesis\lg_all
  6 0.709796 5.261529 -1.243791 -0.825507 -0.492465 0.275710 0.393460 0.093890 1 6 1.000000
  6 1.800026 6.518358 -1.088602 -0.364893 -0.660239 0.656458 0.433002 0.237199 1 6 1.000000
  6 1.404080 5.442332 -0.651605 -0.404780 -0.634592 0.658366 0.426995 0.122092 1 6 1.000000
..\..\..\Desktop\General\noesis\lg_all
  6 0.709796 5.261529 -1.243791 -0.825507 -0.492465 0.275710 0.393460 0.093890 1 6 1.000000
  6 1.404080 5.442332 -0.651605 -0.404780 -0.634592 0.658366 0.426995 0.122092 1 6 1.000000
  6 1.348024 4.359905 -1.181658 -0.651769 -0.329141 0.683274 0.421543 0.050175 1 6 1.000000
..\..\..\Desktop\General\noesis\lg_all
  6 0.638959 4.688542 -0.732126 -0.263957 -0.658847 0.704448 0.398981 0.037919 1 6 1.000000
  6 1.348024 4.359905 -1.181658 -0.651769 -0.329141 0.683274 0.421543 0.050175 1 6 1.000000
  6 1.404080 5.442332 -0.651605 -0.404780 -0.634592 0.658366 0.426995 0.122092 1 6 1.000000
..\..\..\Desktop\General\noesis\lg_all
  6 0.638959 4.688542 -0.732126 -0.263957 -0.658847 0.704448 0.398981 0.037919 1 6 1.000000
  6 0.709796 5.261529 -1.243791 -0.825507 -0.492465 0.275710 0.393460 0.093890 1 6 1.000000
  6 1.348024 4.359905 -1.181658 -0.651769 -0.329141 0.683274 0.421543 0.050175 1 6 1.000000
..\..\..\Desktop\General\noesis\lg_all
  6 -0.638993 4.688533 -0.732126 -0.234124 0.669770 0.704695 0.398981 0.037919 1 6 1.000000
  6 -1.348056 4.359885 -1.181658 -0.651769 0.329141 0.683274 0.421543 0.050175 1 6 1.000000
  6 -0.709834 5.261519 -1.243791 -0.825507 0.492465 0.275710 0.393460 0.093890 1 6 1.000000
..\..\..\Desktop\General\noesis\lg_all
  6 -0.709834 5.261519 -1.243791 -0.825507 0.492465 0.275710 0.393460 0.093890 1 6 1.000000
  6 -1.348056 4.359885 -1.181658 -0.651769 0.329141 0.683274 0.421543 0.050175 1 6 1.000000
  6 -1.404120 5.442312 -0.651605 -0.391070 0.629802 0.671129 0.426995 0.122092 1 6 1.000000
..\..\..\Desktop\General\noesis\lg_all
  6 -0.638993 4.688533 -0.732126 -0.234124 0.669770 0.704695 0.398981 0.037919 1 6 1.000000
  6 -1.404120 5.442312 -0.651605 -0.391070 0.629802 0.671129 0.426995 0.122092 1 6 1.000000
  6 -1.348056 4.359885 -1.181658 -0.651769 0.329141 0.683274 0.421543 0.050175 1 6 1.000000
..\..\..\Desktop\General\noesis\lg_all
  6 -0.000022 6.095178 -2.091394 -0.635494 0.000000 0.772106 0.345909 0.192513 1 6 1.000000
  6 -0.709834 5.261519 -1.243791 -0.825507 0.492465 0.275710 0.393460 0.093890 1 6 1.000000
  6 -1.800074 6.518332 -1.088602 -0.364893 0.660239 0.656458 0.433002 0.237199 1 6 1.000000
..\..\..\Desktop\General\noesis\lg_all
  6 -0.709834 5.261519 -1.243791 -0.825507 0.492465 0.275710 0.393460 0.093890 1 6 1.000000
  6 -1.404120 5.442312 -0.651605 -0.391070 0.629802 0.671129 0.426995 0.122092 1 6 1.000000
  6 -1.800074 6.518332 -1.088602 -0.364893 0.660239 0.656458 0.433002 0.237199 1 6 1.000000
..\..\..\Desktop\General\noesis\lg_all
  6 1.270533 7.528955 1.177736 0.803504 -0.593948 0.040079 0.976180 0.183785 1 6 1.000000
  6 1.798592 7.831810 0.633340 0.588732 -0.776951 0.223029 0.957749 0.052654 1 6 1.000000
  6 1.351070 8.171816 1.184570 0.846089 -0.527725 0.075098 0.964934 -0.114371 1 6 1.000000
..\..\..\Desktop\General\noesis\lg_all
  6 1.798592 7.831810 0.633340 0.588732 -0.776951 0.223029 0.834688 0.245080 1 6 1.000000
  6 1.270533 7.528955 1.177736 0.803504 -0.593948 0.040079 0.818812 0.211699 1 6 1.000000
  6 1.541027 6.434870 0.570124 0.416428 -0.904077 0.096081 0.869924 0.150751 1 6 1.000000
..\..\..\Desktop\General\noesis\lg_all
  6 1.541027 6.434870 0.570124 0.416428 -0.904077 0.096081 0.869924 0.150751 1 6 1.000000
  6 1.949704 7.164625 -0.128604 0.229454 -0.892713 0.387833 0.916426 0.246311 1 6 1.000000
  6 1.798592 7.831810 0.633340 0.588732 -0.776951 0.223029 0.834688 0.245080 1 6 1.000000
..\..\..\Desktop\General\noesis\lg_all
  6 1.949704 7.164625 -0.128604 0.229454 -0.892713 0.387833 0.916426 0.246311 1 6 1.000000
  6 1.541027 6.434870 0.570124 0.416428 -0.904077 0.096081 0.869924 0.150751 1 6 1.000000
  6 1.713498 6.224833 -0.145017 0.472005 -0.880031 0.052504 0.918189 0.159266 1 6 1.000000
..\..\..\Desktop\General\noesis\lg_all
  6 1.713498 6.224833 -0.145017 0.472005 -0.880031 0.052504 0.918189 0.159266 1 6 1.000000
  6 1.541027 6.434870 0.570124 0.416428 -0.904077 0.096081 0.869924 0.150751 1 6 1.000000
  6 1.508629 5.674338 0.730768 0.383317 -0.910305 0.156247 0.860582 0.043725 1 6 1.000000
..\..\..\Desktop\General\noesis\lg_all
  6 1.508629 5.674338 0.730768 0.383317 -0.910305 0.156247 0.860582 0.043725 1 6 1.000000
  6 1.523880 5.461302 -0.130095 0.201569 -0.818051 0.538667 0.937064 0.062458 1 6 1.000000
  6 1.713498 6.224833 -0.145017 0.472005 -0.880031 0.052504 0.918189 0.159266 1 6 1.000000
..\..\..\Desktop\General\noesis\lg_all
  6 1.048063 4.822768 1.057696 0.365698 -0.818095 0.443830 0.851985 0.028150 1 6 1.000000
  6 1.523880 5.461302 -0.130095 0.201569 -0.818051 0.538667 0.937064 0.062458 1 6 1.000000
  6 1.508629 5.674338 0.730768 0.383317 -0.910305 0.156247 0.860582 0.043725 1 6 1.000000
..\..\..\Desktop\General\noesis\lg_all
  6 1.013414 4.437551 0.114794 0.036110 -0.825568 0.563146 0.910408 0.023767 1 6 1.000000
  6 1.523880 5.461302 -0.130095 0.201569 -0.818051 0.538667 0.937064 0.062458 1 6 1.000000
  6 1.048063 4.822768 1.057696 0.365698 -0.818095 0.443830 0.851985 0.028150 1 6 1.000000
..\..\..\Desktop\General\noesis\lg_all
  6 1.013414 4.437551 0.114794 0.036110 -0.825568 0.563146 0.910408 0.023767 1 6 1.000000
  6 1.048063 4.822768 1.057696 0.365698 -0.818095 0.443830 0.851985 0.028150 1 6 1.000000
  6 0.382916 4.122630 1.213400 0.543098 -0.425153 0.724079 0.850104 -0.001217 1 6 1.000000
..\..\..\Desktop\General\noesis\lg_all
  6 1.048063 4.822768 1.057696 0.365698 -0.818095 0.443830 0.851985 0.028150 1 6 1.000000
  6 1.508629 5.674338 0.730768 0.383317 -0.910305 0.156247 0.860582 0.043725 1 6 1.000000
  6 0.721636 4.949203 1.483326 0.745026 -0.606034 0.278675 0.822773 0.030342 1 6 1.000000
..\..\..\Desktop\General\noesis\lg_all
  6 1.541027 6.434870 0.570124 0.416428 -0.904077 0.096081 0.869924 0.150751 1 6 1.000000
  6 1.270533 7.528955 1.177736 0.803504 -0.593948 0.040079 0.818812 0.211699 1 6 1.000000
  6 1.173767 6.435224 1.251308 0.743240 -0.667176 -0.049700 0.831337 0.112055 1 6 1.000000
..\..\..\Desktop\General\noesis\lg_all
  6 1.508629 5.674338 0.730768 0.383317 -0.910305 0.156247 0.860582 0.043725 1 6 1.000000
  6 1.541027 6.434870 0.570124 0.416428 -0.904077 0.096081 0.869924 0.150751 1 6 1.000000
  6 1.173767 6.435224 1.251308 0.743240 -0.667176 -0.049700 0.831337 0.112055 1 6 1.000000
..\..\..\Desktop\General\noesis\lg_all
  6 1.508629 5.674338 0.730768 0.383317 -0.910305 0.156247 0.860582 0.043725 1 6 1.000000
  6 1.173767 6.435224 1.251308 0.743240 -0.667176 -0.049700 0.831337 0.112055 1 6 1.000000
  6 0.721636 4.949203 1.483326 0.745026 -0.606034 0.278675 0.822773 0.030342 1 6 1.000000
..\..\..\Desktop\General\noesis\lg_all
  6 2.525641 7.965519 -0.114111 0.385108 -0.916969 0.104211 0.408066 0.744933 1 6 1.000000
  6 2.277994 7.170442 -1.508028 -0.376647 -0.916561 0.134365 0.448192 0.739156 1 6 1.000000
  6 2.081166 9.288757 -0.468950 -0.145647 -0.873540 -0.464452 0.319778 0.770585 1 6 1.000000
..\..\..\Desktop\General\noesis\lg_all
  6 -0.000019 5.216242 2.073438 0.931426 -0.000250 0.363931 0.749638 0.197716 1 6 1.000000
  6 -1.123590 5.642445 1.752932 0.715110 0.675399 0.180150 0.652952 0.098133 1 6 1.000000
  6 -0.603483 5.054339 1.676898 0.675299 0.506988 0.535662 0.697268 0.225575 1 6 1.000000
..\..\..\Desktop\General\noesis\lg_all
  6 -1.123590 5.642445 1.752932 0.715110 0.675399 0.180150 0.652952 0.098133 1 6 1.000000
  6 -0.000019 5.216242 2.073438 0.931426 -0.000250 0.363931 0.749638 0.197716 1 6 1.000000
  6 -0.000021 5.668852 2.178432 0.968591 0.000081 -0.248658 0.749638 0.139203 1 6 1.000000
..\..\..\Desktop\General\noesis\lg_all
  6 -1.417773 6.312066 1.049356 0.624894 0.697864 -0.349991 0.622227 0.013874 1 6 1.000000
  6 -1.123590 5.642445 1.752932 0.715110 0.675399 0.180150 0.652952 0.098133 1 6 1.000000
  6 -0.000021 5.668852 2.178432 0.968591 0.000081 -0.248658 0.749638 0.139203 1 6 1.000000
..\..\..\Desktop\General\noesis\lg_all
  6 -1.460291 5.739987 0.910561 0.352728 0.924437 0.144911 0.606869 0.117293 1 6 1.000000
  6 -1.123590 5.642445 1.752932 0.715110 0.675399 0.180150 0.652952 0.098133 1 6 1.000000
  6 -1.417773 6.312066 1.049356 0.624894 0.697864 -0.349991 0.622227 0.013874 1 6 1.000000
..\..\..\Desktop\General\noesis\lg_all
  6 -1.460291 5.739987 0.910561 0.352728 0.924437 0.144911 0.606869 0.117293 1 6 1.000000
  6 -1.206949 5.210647 1.176318 0.446358 0.775614 0.446304 0.643402 0.199696 1 6 1.000000
  6 -1.123590 5.642445 1.752932 0.715110 0.675399 0.180150 0.652952 0.098133 1 6 1.000000
..\..\..\Desktop\General\noesis\lg_all
  6 -0.603483 5.054339 1.676898 0.675299 0.506988 0.535662 0.697268 0.225575 1 6 1.000000
  6 -1.123590 5.642445 1.752932 0.715110 0.675399 0.180150 0.652952 0.098133 1 6 1.000000
  6 -1.206949 5.210647 1.176318 0.446358 0.775614 0.446304 0.643402 0.199696 1 6 1.000000
..\..\..\Desktop\General\noesis\lg_all
  6 -0.000019 5.216242 2.073438 0.931426 -0.000250 0.363931 0.749638 0.197716 1 6 1.000000
  6 1.123550 5.643182 1.752402 0.715042 -0.675712 0.179244 0.652952 0.098133 1 6 1.000000
  6 -0.000021 5.668852 2.178432 0.968591 0.000081 -0.248658 0.749638 0.139203 1 6 1.000000
..\..\..\Desktop\General\noesis\lg_all
  6 -0.000019 5.216242 2.073438 0.931426 -0.000250 0.363931 0.749638 0.197716 1 6 1.000000
  6 0.603448 5.054348 1.676898 0.675746 -0.507339 0.534766 0.697268 0.225575 1 6 1.000000
  6 1.123550 5.643182 1.752402 0.715042 -0.675712 0.179244 0.652952 0.098133 1 6 1.000000
..\..\..\Desktop\General\noesis\lg_all
  6 1.417727 6.308516 1.048506 0.623984 -0.697874 -0.351591 0.622227 0.013874 1 6 1.000000
  6 -0.000021 5.668852 2.178432 0.968591 0.000081 -0.248658 0.749638 0.139203 1 6 1.000000
  6 1.123550 5.643182 1.752402 0.715042 -0.675712 0.179244 0.652952 0.098133 1 6 1.000000
..\..\..\Desktop\General\noesis\lg_all
  6 1.417727 6.308516 1.048506 0.623984 -0.697874 -0.351591 0.622227 0.013874 1 6 1.000000
  6 1.123550 5.643182 1.752402 0.715042 -0.675712 0.179244 0.652952 0.098133 1 6 1.000000
  6 1.460249 5.740037 0.909501 0.352676 -0.924496 0.144664 0.606869 0.117293 1 6 1.000000
..\..\..\Desktop\General\noesis\lg_all
  6 1.206911 5.210664 1.176318 0.446760 -0.775843 0.445504 0.643402 0.199696 1 6 1.000000
  6 1.460249 5.740037 0.909501 0.352676 -0.924496 0.144664 0.606869 0.117293 1 6 1.000000
  6 1.123550 5.643182 1.752402 0.715042 -0.675712 0.179244 0.652952 0.098133 1 6 1.000000
..\..\..\Desktop\General\noesis\lg_all
  6 1.206911 5.210664 1.176318 0.446760 -0.775843 0.445504 0.643402 0.199696 1 6 1.000000
  6 1.123550 5.643182 1.752402 0.715042 -0.675712 0.179244 0.652952 0.098133 1 6 1.000000
  6 0.603448 5.054348 1.676898 0.675746 -0.507339 0.534766 0.697268 0.225575 1 6 1.000000
..\..\..\Desktop\General\noesis\lg_all
  6 -1.523920 5.461279 -0.130095 0.198671 0.801928 0.563420 0.937064 0.062458 1 6 1.000000
  6 -0.931517 4.437537 0.114794 0.041226 0.821332 0.568958 0.910408 0.023767 1 6 1.000000
  6 -1.020787 4.822752 1.057696 0.339973 0.815080 0.469108 0.851985 0.028150 1 6 1.000000
..\..\..\Desktop\General\noesis\lg_all
  6 -0.931517 4.437537 0.114794 0.041226 0.821332 0.568958 0.910408 0.023767 1 6 1.000000
  6 -0.374171 4.122623 1.213400 0.529682 0.438174 0.726251 0.850104 -0.001217 1 6 1.000000
  6 -1.020787 4.822752 1.057696 0.339973 0.815080 0.469108 0.851985 0.028150 1 6 1.000000
..\..\..\Desktop\General\noesis\lg_all
  5 -3.362881 3.022700 -0.990180 -0.004791 0.029924 0.999541 0.551393 0.628152 1 5 1.000000
  5 -1.845229 3.753383 -0.014967 0.000264 0.977112 0.212723 0.555114 0.818411 1 5 1.000000
  7 -1.485341 2.965760 -0.836196 0.358392 0.295172 -0.885680 0.551408 0.851648 1 7 1.000000
..\..\..\Desktop\General\noesis\lg_all
  5 -3.362881 3.022700 -0.990180 -0.004791 0.029924 0.999541 0.551393 0.628152 1 5 1.000000
  5 -3.400016 3.745591 -0.020691 0.011004 0.991492 -0.129704 0.555114 0.617451 1 5 1.000000
  5 -1.845229 3.753383 -0.014967 0.000264 0.977112 0.212723 0.555114 0.818411 1 5 1.000000
..\..\..\Desktop\General\noesis\lg_all
  5 -3.400016 3.745591 -0.020691 0.011004 0.991492 -0.129704 0.555114 0.617451 1 5 1.000000
  5 -3.362881 3.022700 -0.990180 -0.004791 0.029924 0.999541 0.551393 0.628152 1 5 1.000000
  4 -3.411953 3.022699 -0.989399 0.024316 0.247497 0.968583 0.551392 0.622824 1 4 1.000000
..\..\..\Desktop\General\noesis\lg_all
  5 -3.400016 3.745591 -0.020691 0.011004 0.991492 -0.129704 0.555114 0.617451 1 5 1.000000
  4 -3.411953 3.022699 -0.989399 0.024316 0.247497 0.968583 0.551392 0.622824 1 4 1.000000
  4 -4.897888 3.759627 -0.071995 0.020257 0.999667 -0.015970 0.555114 0.495118 1 4 1.000000
..\..\..\Desktop\General\noesis\lg_all
  4 -4.897888 3.759627 -0.071995 0.020257 0.999667 -0.015970 0.555114 0.495118 1 4 1.000000
  4 -3.411953 3.022699 -0.989399 0.024316 0.247497 0.968583 0.551392 0.622824 1 4 1.000000
  4 -4.911731 3.026150 -0.889139 0.039938 -0.360031 0.932085 0.551380 0.495758 1 4 1.000000
..\..\..\Desktop\General\noesis\lg_all
  4 -3.411953 3.022699 -0.989399 0.024316 0.247497 0.968583 0.551392 0.622824 1 4 1.000000
  5 -3.362881 3.022700 -0.990180 -0.004791 0.029924 0.999541 0.551393 0.628152 1 5 1.000000
  5 -3.400005 2.229091 -0.020687 0.043342 -0.998724 -0.025911 0.544682 0.630390 1 5 1.000000
..\..\..\Desktop\General\noesis\lg_all
  5 -3.400005 2.229091 -0.020687 0.043342 -0.998724 -0.025911 0.544682 0.630390 1 5 1.000000
  4 -4.911731 3.026150 -0.889139 0.039938 -0.360031 0.932085 0.551380 0.495758 1 4 1.000000
  4 -3.411953 3.022699 -0.989399 0.024316 0.247497 0.968583 0.551392 0.622824 1 4 1.000000
..\..\..\Desktop\General\noesis\lg_all
  5 -3.400005 2.229091 -0.020687 0.043342 -0.998724 -0.025911 0.544682 0.630390 1 5 1.000000
  5 -3.362881 3.022700 -0.990180 -0.004791 0.029924 0.999541 0.551393 0.628152 1 5 1.000000
  7 -1.835467 2.090296 -0.041978 -0.396381 0.917839 0.021324 0.544682 0.783945 1 7 1.000000
..\..\..\Desktop\General\noesis\lg_all
  7 -1.835467 2.090296 -0.041978 -0.396381 0.917839 0.021324 0.544682 0.783945 1 7 1.000000
  5 -3.362881 3.022700 -0.990180 -0.004791 0.029924 0.999541 0.551393 0.628152 1 5 1.000000
  7 -1.485341 2.965760 -0.836196 0.358392 0.295172 -0.885680 0.551408 0.851648 1 7 1.000000
..\..\..\Desktop\General\noesis\lg_all
  5 -3.011061 3.022707 0.832288 -0.012136 -0.144938 -0.989366 0.535034 0.661435 1 5 1.000000
  5 -3.400005 2.229091 -0.020687 0.043342 -0.998724 -0.025911 0.544682 0.630390 1 5 1.000000
  7 -1.835467 2.090296 -0.041978 -0.396381 0.917839 0.021324 0.544682 0.783945 1 7 1.000000
..\..\..\Desktop\General\noesis\lg_all
  7 -1.366172 3.270580 0.705335 0.628352 0.278457 0.726385 0.535034 0.850563 1 7 1.000000
  5 -3.011061 3.022707 0.832288 -0.012136 -0.144938 -0.989366 0.535034 0.661435 1 5 1.000000
  7 -1.835467 2.090296 -0.041978 -0.396381 0.917839 0.021324 0.544682 0.783945 1 7 1.000000
..\..\..\Desktop\General\noesis\lg_all
  7 -1.366172 3.270580 0.705335 0.628352 0.278457 0.726385 0.535034 0.850563 1 7 1.000000
  5 -3.400016 3.745591 -0.020691 0.011004 0.991492 -0.129704 0.527638 0.617451 1 5 1.000000
  5 -3.011061 3.022707 0.832288 -0.012136 -0.144938 -0.989366 0.535034 0.661435 1 5 1.000000
..\..\..\Desktop\General\noesis\lg_all
  7 -1.366172 3.270580 0.705335 0.628352 0.278457 0.726385 0.535034 0.850563 1 7 1.000000
  5 -1.845229 3.753383 -0.014967 0.000264 0.977112 0.212723 0.527638 0.818934 1 5 1.000000
  5 -3.400016 3.745591 -0.020691 0.011004 0.991492 -0.129704 0.527638 0.617451 1 5 1.000000
..\..\..\Desktop\General\noesis\lg_all
  7 -1.478534 3.769140 -0.026967 0.977843 0.202048 -0.054773 0.527638 0.874661 1 7 1.000000
  5 -1.845229 3.753383 -0.014967 0.000264 0.977112 0.212723 0.527638 0.818934 1 5 1.000000
  7 -1.366172 3.270580 0.705335 0.628352 0.278457 0.726385 0.535034 0.850563 1 7 1.000000
..\..\..\Desktop\General\noesis\lg_all
  5 -1.845229 3.753383 -0.014967 0.000264 0.977112 0.212723 0.555114 0.818411 1 5 1.000000
  7 -1.478534 3.769140 -0.026967 0.977843 0.202048 -0.054773 0.555114 0.874331 1 7 1.000000
  7 -1.485341 2.965760 -0.836196 0.358392 0.295172 -0.885680 0.551408 0.851648 1 7 1.000000
..\..\..\Desktop\General\noesis\lg_all
  4 -4.894506 2.145332 -0.111351 -0.537345 -0.834541 0.121661 2.338550 -0.007278 1 4 1.000000
  3 -6.328755 2.113709 -1.290398 -0.105179 -0.611852 0.783948 2.283660 0.137332 1 3 1.000000
  4 -4.790011 3.051682 -1.001730 -0.356205 0.073336 0.931526 2.245060 -0.049341 1 4 1.000000
..\..\..\Desktop\General\noesis\lg_all
  3 -6.328755 2.113709 -1.290398 -0.105179 -0.611852 0.783948 2.283660 0.137332 1 3 1.000000
  3 -6.656273 3.329583 -1.262051 0.097894 0.545949 0.832080 2.180180 0.091811 1 3 1.000000
  4 -4.790011 3.051682 -1.001730 -0.356205 0.073336 0.931526 2.245060 -0.049341 1 4 1.000000
..\..\..\Desktop\General\noesis\lg_all
  3 -6.328755 2.113709 -1.290398 -0.105179 -0.611852 0.783948 2.283660 0.137332 1 3 1.000000
  3 -7.257187 2.505461 -1.256889 0.789125 -0.213686 0.575864 2.238930 0.261934 1 3 1.000000
  3 -6.656273 3.329583 -1.262051 0.097894 0.545949 0.832080 2.180180 0.091811 1 3 1.000000
..\..\..\Desktop\General\noesis\lg_all
  3 -5.691979 2.351120 1.467782 -0.505343 -0.284243 -0.814760 0.260782 0.024682 1 3 1.000000
  4 -4.890912 2.931686 0.710301 -0.700934 0.170707 -0.692496 0.206376 -0.035717 1 4 1.000000
  3 -6.062475 3.473120 1.267559 -0.124083 0.526554 -0.841038 0.185130 0.105486 1 3 1.000000
..\..\..\Desktop\General\noesis\lg_all
  4 -4.894506 2.145332 -0.111351 -0.537345 -0.834541 0.121661 0.257796 -0.055563 1 4 1.000000
  4 -4.890912 2.931686 0.710301 -0.700934 0.170707 -0.692496 0.206376 -0.035717 1 4 1.000000
  3 -5.691979 2.351120 1.467782 -0.505343 -0.284243 -0.814760 0.260782 0.024682 1 3 1.000000
..\..\..\Desktop\General\noesis\lg_all
  3 -6.483223 1.910083 1.398243 0.333933 -0.471095 -0.816430 0.299588 0.076762 1 3 1.000000
  3 -5.691979 2.351120 1.467782 -0.505343 -0.284243 -0.814760 0.260782 0.024682 1 3 1.000000
  3 -6.062475 3.473120 1.267559 -0.124083 0.526554 -0.841038 0.185130 0.105486 1 3 1.000000
..\..\..\Desktop\General\noesis\lg_all
  3 -6.483223 1.910083 1.398243 0.333933 -0.471095 -0.816430 0.299588 0.076762 1 3 1.000000
  3 -6.062475 3.473120 1.267559 -0.124083 0.526554 -0.841038 0.185130 0.105486 1 3 1.000000
  3 -7.275558 2.496615 1.175101 0.778307 -0.176354 -0.602609 0.263560 0.201380 1 3 1.000000
..\..\..\Desktop\General\noesis\lg_all
  3 -6.062475 3.473120 1.267559 -0.124083 0.526554 -0.841038 0.185130 0.105486 1 3 1.000000
  3 -6.976544 3.442671 1.248829 0.468953 0.550165 -0.690943 0.198143 0.203997 1 3 1.000000
  3 -7.275558 2.496615 1.175101 0.778307 -0.176354 -0.602609 0.263560 0.201380 1 3 1.000000
..\..\..\Desktop\General\noesis\lg_all
  3 -6.058919 1.368254 0.812818 -0.146363 -0.946019 -0.289182 0.023834 0.176028 1 3 1.000000
  4 -4.894506 2.145332 -0.111351 -0.537345 -0.834541 0.121661 -0.010098 0.262870 1 4 1.000000
  3 -5.691979 2.351120 1.467782 -0.505343 -0.284243 -0.814760 -0.011767 0.154346 1 3 1.000000
..\..\..\Desktop\General\noesis\lg_all
  3 -6.725922 1.741438 0.253831 0.462143 -0.881282 0.098824 0.062557 0.246750 1 3 1.000000
  4 -4.894506 2.145332 -0.111351 -0.537345 -0.834541 0.121661 -0.010098 0.262870 1 4 1.000000
  3 -6.058919 1.368254 0.812818 -0.146363 -0.946019 -0.289182 0.023834 0.176028 1 3 1.000000
..\..\..\Desktop\General\noesis\lg_all
  3 -6.725922 1.741438 0.253831 0.462143 -0.881282 0.098824 0.062557 0.246750 1 3 1.000000
  3 -6.328755 2.113709 -1.290398 -0.105179 -0.611852 0.783948 0.062230 0.409874 1 3 1.000000
  4 -4.894506 2.145332 -0.111351 -0.537345 -0.834541 0.121661 -0.010098 0.262870 1 4 1.000000
..\..\..\Desktop\General\noesis\lg_all
  3 -7.257187 2.505461 -1.256889 0.789125 -0.213686 0.575864 0.108126 0.380999 1 3 1.000000
  3 -6.328755 2.113709 -1.290398 -0.105179 -0.611852 0.783948 0.062230 0.409874 1 3 1.000000
  3 -6.725922 1.741438 0.253831 0.462143 -0.881282 0.098824 0.062557 0.246750 1 3 1.000000
..\..\..\Desktop\General\noesis\lg_all
  3 -7.257187 2.505461 -1.256889 0.789125 -0.213686 0.575864 0.108126 0.380999 1 3 1.000000
  3 -6.725922 1.741438 0.253831 0.462143 -0.881282 0.098824 0.062557 0.246750 1 3 1.000000
  3 -7.475148 2.570803 0.029790 0.973328 -0.229408 0.002347 0.093508 0.254881 1 3 1.000000
..\..\..\Desktop\General\noesis\lg_all
  3 -6.725922 1.741438 0.253831 0.462143 -0.881282 0.098824 0.062557 0.246750 1 3 1.000000
  3 -7.275558 2.496615 1.175101 0.778307 -0.176354 -0.602609 0.092361 0.131618 1 3 1.000000
  3 -7.475148 2.570803 0.029790 0.973328 -0.229408 0.002347 0.093508 0.254881 1 3 1.000000
..\..\..\Desktop\General\noesis\lg_all
  3 -6.058919 1.368254 0.812818 -0.146363 -0.946019 -0.289182 0.023834 0.176028 1 3 1.000000
  3 -6.483223 1.910083 1.398243 0.333933 -0.471095 -0.816430 0.054812 0.138281 1 3 1.000000
  3 -6.725922 1.741438 0.253831 0.462143 -0.881282 0.098824 0.062557 0.246750 1 3 1.000000
..\..\..\Desktop\General\noesis\lg_all
  3 -6.483223 1.910083 1.398243 0.333933 -0.471095 -0.816430 0.054812 0.138281 1 3 1.000000
  3 -6.058919 1.368254 0.812818 -0.146363 -0.946019 -0.289182 0.023834 0.176028 1 3 1.000000
  3 -5.691979 2.351120 1.467782 -0.505343 -0.284243 -0.814760 -0.011767 0.154346 1 3 1.000000
..\..\..\Desktop\General\noesis\lg_all
  3 -6.725922 1.741438 0.253831 0.462143 -0.881282 0.098824 0.062557 0.246750 1 3 1.000000
  3 -6.483223 1.910083 1.398243 0.333933 -0.471095 -0.816430 0.054812 0.138281 1 3 1.000000
  3 -7.275558 2.496615 1.175101 0.778307 -0.176354 -0.602609 0.092361 0.131618 1 3 1.000000
..\..\..\Desktop\General\noesis\lg_all
  3 -6.656273 3.329583 -1.262051 0.097894 0.545949 0.832080 0.143311 0.079470 1 3 1.000000
  4 -4.901038 3.784013 -0.172656 -0.230008 0.971442 0.058285 0.079063 -0.006145 1 4 1.000000
  4 -4.790011 3.051682 -1.001730 -0.356205 0.073336 0.931526 0.133289 -0.003310 1 4 1.000000
..\..\..\Desktop\General\noesis\lg_all
  3 -7.119737 3.814986 -0.029957 0.647054 0.762078 0.023644 0.079063 0.099362 1 3 1.000000
  4 -4.901038 3.784013 -0.172656 -0.230008 0.971442 0.058285 0.079063 -0.006145 1 4 1.000000
  3 -6.656273 3.329583 -1.262051 0.097894 0.545949 0.832080 0.143311 0.079470 1 3 1.000000
..\..\..\Desktop\General\noesis\lg_all
  4 -4.901038 3.784013 -0.172656 -0.230008 0.971442 0.058285 0.079063 -0.006145 1 4 1.000000
  3 -7.119737 3.814986 -0.029957 0.647054 0.762078 0.023644 0.079063 0.099362 1 3 1.000000
  3 -6.062475 3.473120 1.267559 -0.124083 0.526554 -0.841038 0.014313 0.048432 1 3 1.000000
..\..\..\Desktop\General\noesis\lg_all
  4 -4.890912 2.931686 0.710301 -0.700934 0.170707 -0.692496 0.033748 -0.012188 1 4 1.000000
  4 -4.901038 3.784013 -0.172656 -0.230008 0.971442 0.058285 0.079063 -0.006145 1 4 1.000000
  3 -6.062475 3.473120 1.267559 -0.124083 0.526554 -0.841038 0.014313 0.048432 1 3 1.000000
..\..\..\Desktop\General\noesis\lg_all
  3 -6.976544 3.442671 1.248829 0.468953 0.550165 -0.690943 0.020205 0.086403 1 3 1.000000
  3 -6.062475 3.473120 1.267559 -0.124083 0.526554 -0.841038 0.014313 0.048432 1 3 1.000000
  3 -7.119737 3.814986 -0.029957 0.647054 0.762078 0.023644 0.079063 0.099362 1 3 1.000000
..\..\..\Desktop\General\noesis\lg_all
  4 -4.788222 1.800591 -0.115407 -0.047803 -0.998749 0.014692 0.264937 0.387565 1 4 1.000000
  3 -5.704731 3.022685 -0.086653 0.999058 0.041993 0.010951 0.084827 0.400332 1 3 1.000000
  4 -4.788231 3.022689 -1.230260 -0.049939 0.056544 0.997150 0.274897 0.400333 1 4 1.000000
..\..\..\Desktop\General\noesis\lg_all
  4 -4.788222 1.800591 -0.115407 -0.047803 -0.998749 0.014692 0.264937 0.387565 1 4 1.000000
  4 -4.788231 3.022694 1.076260 -0.043402 0.051416 -0.997734 0.274897 0.400333 1 4 1.000000
  3 -5.704731 3.022685 -0.086653 0.999058 0.041993 0.010951 0.084827 0.400332 1 3 1.000000
..\..\..\Desktop\General\noesis\lg_all
  4 -3.984665 3.022696 -0.094670 -0.999189 0.038546 0.011608 0.102404 0.400333 1 4 1.000000
  4 -4.788231 3.022694 1.076260 -0.043402 0.051416 -0.997734 0.274897 0.400333 1 4 1.000000
  4 -4.788222 1.800591 -0.115407 -0.047803 -0.998749 0.014692 0.264937 0.387565 1 4 1.000000
..\..\..\Desktop\General\noesis\lg_all
  4 -4.788222 1.800591 -0.115407 -0.047803 -0.998749 0.014692 0.264937 0.387565 1 4 1.000000
  4 -4.788231 3.022689 -1.230260 -0.049939 0.056544 0.997150 0.274897 0.400333 1 4 1.000000
  4 -3.984665 3.022696 -0.094670 -0.999189 0.038546 0.011608 0.102404 0.400333 1 4 1.000000
..\..\..\Desktop\General\noesis\lg_all
  4 -4.788239 4.078771 -0.120030 -0.044302 0.998903 0.015148 0.274897 0.411366 1 4 1.000000
  3 -5.704731 3.022685 -0.086653 0.999058 0.041993 0.010951 0.084827 0.400332 1 3 1.000000
  4 -4.788231 3.022694 1.076260 -0.043402 0.051416 -0.997734 0.274897 0.400333 1 4 1.000000
..\..\..\Desktop\General\noesis\lg_all
  4 -4.788239 4.078771 -0.120030 -0.044302 0.998903 0.015148 0.274897 0.411366 1 4 1.000000
  4 -3.984665 3.022696 -0.094670 -0.999189 0.038546 0.011608 0.102404 0.400333 1 4 1.000000
  4 -4.788231 3.022689 -1.230260 -0.049939 0.056544 0.997150 0.274897 0.400333 1 4 1.000000
..\..\..\Desktop\General\noesis\lg_all
  4 -4.788231 3.022689 -1.230260 -0.049939 0.056544 0.997150 0.274897 0.400333 1 4 1.000000
  3 -5.704731 3.022685 -0.086653 0.999058 0.041993 0.010951 0.084827 0.400332 1 3 1.000000
  4 -4.788239 4.078771 -0.120030 -0.044302 0.998903 0.015148 0.274897 0.411366 1 4 1.000000
..\..\..\Desktop\General\noesis\lg_all
  4 -4.788231 3.022694 1.076260 -0.043402 0.051416 -0.997734 0.274897 0.400333 1 4 1.000000
  4 -3.984665 3.022696 -0.094670 -0.999189 0.038546 0.011608 0.102404 0.400333 1 4 1.000000
  4 -4.788239 4.078771 -0.120030 -0.044302 0.998903 0.015148 0.274897 0.411366 1 4 1.000000
..\..\..\Desktop\General\noesis\lg_all
  5 -3.400005 2.229091 -0.020687 0.043342 -0.998724 -0.025911 0.544682 0.630390 1 5 1.000000
  5 -3.011061 3.022707 0.832288 -0.012136 -0.144938 -0.989366 0.535034 0.661435 1 5 1.000000
  4 -3.205406 3.022705 0.833808 0.021195 0.236604 -0.971375 0.534906 0.642979 1 4 1.000000
..\..\..\Desktop\General\noesis\lg_all
  4 -3.205406 3.022705 0.833808 0.021195 0.236604 -0.971375 0.534906 0.642979 1 4 1.000000
  5 -3.011061 3.022707 0.832288 -0.012136 -0.144938 -0.989366 0.535034 0.661435 1 5 1.000000
  5 -3.400016 3.745591 -0.020691 0.011004 0.991492 -0.129704 0.527638 0.617451 1 5 1.000000
..\..\..\Desktop\General\noesis\lg_all
  5 -3.400016 3.745591 -0.020691 0.011004 0.991492 -0.129704 0.527638 0.617451 1 5 1.000000
  4 -4.897888 3.759627 -0.071995 0.020257 0.999667 -0.015970 0.527638 0.496164 1 4 1.000000
  4 -3.205406 3.022705 0.833808 0.021195 0.236604 -0.971375 0.534906 0.642979 1 4 1.000000
..\..\..\Desktop\General\noesis\lg_all
  4 -3.205406 3.022705 0.833808 0.021195 0.236604 -0.971375 0.534906 0.642979 1 4 1.000000
  4 -4.897888 3.759627 -0.071995 0.020257 0.999667 -0.015970 0.527638 0.496164 1 4 1.000000
  4 -4.872861 3.026155 0.750014 0.052496 -0.334117 -0.941068 0.534130 0.499117 1 4 1.000000
..\..\..\Desktop\General\noesis\lg_all
  4 -4.872861 3.026155 0.750014 0.052496 -0.334117 -0.941068 0.534130 0.499117 1 4 1.000000
  5 -3.400005 2.229091 -0.020687 0.043342 -0.998724 -0.025911 0.544682 0.630390 1 5 1.000000
  4 -3.205406 3.022705 0.833808 0.021195 0.236604 -0.971375 0.534906 0.642979 1 4 1.000000
..\..\..\Desktop\General\noesis\lg_all
  4 -4.872861 3.026155 0.750014 0.052496 -0.334117 -0.941068 0.534130 0.499117 1 4 1.000000
  4 -4.895037 2.272856 -0.072964 0.029195 -0.999572 0.002104 0.544682 0.496675 1 4 1.000000
  5 -3.400005 2.229091 -0.020687 0.043342 -0.998724 -0.025911 0.544682 0.630390 1 5 1.000000
..\..\..\Desktop\General\noesis\lg_all
  3 -6.656273 3.329583 -1.262051 0.097894 0.545949 0.832080 0.184171 0.397722 1 3 1.000000
  3 -7.257187 2.505461 -1.256889 0.789125 -0.213686 0.575864 0.108126 0.381315 1 3 1.000000
  3 -7.119737 3.814986 -0.029957 0.647054 0.762078 0.023644 0.201650 0.263354 1 3 1.000000
..\..\..\Desktop\General\noesis\lg_all
  3 -7.257187 2.505461 -1.256889 0.789125 -0.213686 0.575864 0.108126 0.381315 1 3 1.000000
  3 -7.475148 2.570803 0.029790 0.973328 -0.229408 0.002347 0.093508 0.255253 1 3 1.000000
  3 -7.119737 3.814986 -0.029957 0.647054 0.762078 0.023644 0.201650 0.263354 1 3 1.000000
..\..\..\Desktop\General\noesis\lg_all
  3 -7.119737 3.814986 -0.029957 0.647054 0.762078 0.023644 0.201650 0.263354 1 3 1.000000
  3 -7.475148 2.570803 0.029790 0.973328 -0.229408 0.002347 0.093508 0.255253 1 3 1.000000
  3 -7.275558 2.496615 1.175101 0.778307 -0.176354 -0.602609 0.092361 0.131618 1 3 1.000000
..\..\..\Desktop\General\noesis\lg_all
  3 -7.119737 3.814986 -0.029957 0.647054 0.762078 0.023644 0.201650 0.263354 1 3 1.000000
  3 -7.275558 2.496615 1.175101 0.778307 -0.176354 -0.602609 0.092361 0.131618 1 3 1.000000
  3 -6.976544 3.442671 1.248829 0.468953 0.550165 -0.690943 0.184440 0.132053 1 3 1.000000
..\..\..\Desktop\General\noesis\lg_all
  4 -4.895037 2.272856 -0.072964 0.029195 -0.999572 0.002104 0.544682 0.496810 1 4 1.000000
  4 -4.911731 3.026150 -0.889139 0.039938 -0.360031 0.932085 0.551380 0.495758 1 4 1.000000
  5 -3.400005 2.229091 -0.020687 0.043342 -0.998724 -0.025911 0.544682 0.630390 1 5 1.000000
..\..\..\Desktop\General\noesis\lg_all
  1 4.894489 2.145368 -0.111353 -0.537334 -0.834550 -0.121650 2.338550 -0.007278 1 1 1.000000
  1 4.790489 3.051259 -1.001820 -0.356250 0.073201 -0.931519 2.245060 -0.049341 1 1 1.000000
  0 6.328739 2.113757 -1.290400 -0.108834 -0.602806 -0.790431 2.283660 0.137332 1 0 1.000000
..\..\..\Desktop\General\noesis\lg_all
  0 6.328739 2.113757 -1.290400 -0.108834 -0.602806 -0.790431 2.283660 0.137332 1 0 1.000000
  1 4.790489 3.051259 -1.001820 -0.356250 0.073201 -0.931519 2.245060 -0.049341 1 1 1.000000
  0 6.656249 3.329635 -1.262050 0.097842 0.545886 -0.832127 2.180180 0.091811 1 0 1.000000
..\..\..\Desktop\General\noesis\lg_all
  0 6.328739 2.113757 -1.290400 -0.108834 -0.602806 -0.790431 2.283660 0.137332 1 0 1.000000
  0 6.656249 3.329635 -1.262050 0.097842 0.545886 -0.832127 2.180180 0.091811 1 0 1.000000
  0 7.257169 2.505518 -1.256890 0.789125 -0.213686 -0.575864 2.238930 0.261934 1 0 1.000000
..\..\..\Desktop\General\noesis\lg_all
  0 5.691961 2.351157 1.467780 -0.505343 -0.284243 0.814760 0.260782 0.024682 1 0 1.000000
  0 6.062449 3.473161 1.267560 -0.124083 0.526554 0.841038 0.185130 0.105486 1 0 1.000000
  1 4.890889 2.931720 0.710301 -0.700934 0.170707 0.692496 0.206376 -0.035717 1 1 1.000000
..\..\..\Desktop\General\noesis\lg_all
  1 4.894489 2.145368 -0.111353 -0.537334 -0.834550 -0.121650 0.257796 -0.055563 1 1 1.000000
  0 5.691961 2.351157 1.467780 -0.505343 -0.284243 0.814760 0.260782 0.024682 1 0 1.000000
  1 4.890889 2.931720 0.710301 -0.700934 0.170707 0.692496 0.206376 -0.035717 1 1 1.000000
..\..\..\Desktop\General\noesis\lg_all
  0 6.483209 1.910126 1.398240 0.333933 -0.471095 0.816430 0.299588 0.076762 1 0 1.000000
  0 6.062449 3.473161 1.267560 -0.124083 0.526554 0.841038 0.185130 0.105486 1 0 1.000000
  0 5.691961 2.351157 1.467780 -0.505343 -0.284243 0.814760 0.260782 0.024682 1 0 1.000000
..\..\..\Desktop\General\noesis\lg_all
  0 6.483209 1.910126 1.398240 0.333933 -0.471095 0.816430 0.299588 0.076762 1 0 1.000000
  0 7.275539 2.496665 1.175100 0.778307 -0.176354 0.602609 0.263560 0.201380 1 0 1.000000
  0 6.062449 3.473161 1.267560 -0.124083 0.526554 0.841038 0.185130 0.105486 1 0 1.000000
..\..\..\Desktop\General\noesis\lg_all
  0 6.062449 3.473161 1.267560 -0.124083 0.526554 0.841038 0.185130 0.105486 1 0 1.000000
  0 7.275539 2.496665 1.175100 0.778307 -0.176354 0.602609 0.263560 0.201380 1 0 1.000000
  0 6.976519 3.442718 1.248830 0.468953 0.550165 0.690943 0.198143 0.203997 1 0 1.000000
..\..\..\Desktop\General\noesis\lg_all
  0 6.058909 1.368296 0.812814 -0.146364 -0.946019 0.289182 0.023834 0.176028 1 0 1.000000
  0 5.691961 2.351157 1.467780 -0.505343 -0.284243 0.814760 -0.011767 0.154346 1 0 1.000000
  1 4.894489 2.145368 -0.111353 -0.537334 -0.834550 -0.121650 -0.010098 0.262870 1 1 1.000000
..\..\..\Desktop\General\noesis\lg_all
  0 6.725909 1.741486 0.253828 0.462143 -0.881282 -0.098824 0.062557 0.246750 1 0 1.000000
  0 6.058909 1.368296 0.812814 -0.146364 -0.946019 0.289182 0.023834 0.176028 1 0 1.000000
  1 4.894489 2.145368 -0.111353 -0.537334 -0.834550 -0.121650 -0.010098 0.262870 1 1 1.000000
..\..\..\Desktop\General\noesis\lg_all
  0 6.725909 1.741486 0.253828 0.462143 -0.881282 -0.098824 0.062557 0.246750 1 0 1.000000
  1 4.894489 2.145368 -0.111353 -0.537334 -0.834550 -0.121650 -0.010098 0.262870 1 1 1.000000
  0 6.328739 2.113757 -1.290400 -0.108834 -0.602806 -0.790431 0.062230 0.409874 1 0 1.000000
..\..\..\Desktop\General\noesis\lg_all
  0 7.257169 2.505518 -1.256890 0.789125 -0.213686 -0.575864 0.108126 0.380999 1 0 1.000000
  0 6.725909 1.741486 0.253828 0.462143 -0.881282 -0.098824 0.062557 0.246750 1 0 1.000000
  0 6.328739 2.113757 -1.290400 -0.108834 -0.602806 -0.790431 0.062230 0.409874 1 0 1.000000
..\..\..\Desktop\General\noesis\lg_all
  0 7.257169 2.505518 -1.256890 0.789125 -0.213686 -0.575864 0.108126 0.380999 1 0 1.000000
  0 7.475129 2.570857 0.029789 0.973328 -0.229408 0.002347 0.093508 0.254881 1 0 1.000000
  0 6.725909 1.741486 0.253828 0.462143 -0.881282 -0.098824 0.062557 0.246750 1 0 1.000000
..\..\..\Desktop\General\noesis\lg_all
  0 6.725909 1.741486 0.253828 0.462143 -0.881282 -0.098824 0.062557 0.246750 1 0 1.000000
  0 7.475129 2.570857 0.029789 0.973328 -0.229408 0.002347 0.093508 0.254881 1 0 1.000000
  0 7.275539 2.496665 1.175100 0.778307 -0.176354 0.602609 0.092361 0.131618 1 0 1.000000
..\..\..\Desktop\General\noesis\lg_all
  0 6.483209 1.910126 1.398240 0.333933 -0.471095 0.816430 0.054812 0.138281 1 0 1.000000
  0 5.691961 2.351157 1.467780 -0.505343 -0.284243 0.814760 -0.011767 0.154346 1 0 1.000000
  0 6.058909 1.368296 0.812814 -0.146364 -0.946019 0.289182 0.023834 0.176028 1 0 1.000000
..\..\..\Desktop\General\noesis\lg_all
  0 6.725909 1.741486 0.253828 0.462143 -0.881282 -0.098824 0.062557 0.246750 1 0 1.000000
  0 7.275539 2.496665 1.175100 0.778307 -0.176354 0.602609 0.092361 0.131618 1 0 1.000000
  0 6.483209 1.910126 1.398240 0.333933 -0.471095 0.816430 0.054812 0.138281 1 0 1.000000
..\..\..\Desktop\General\noesis\lg_all
  0 6.058909 1.368296 0.812814 -0.146364 -0.946019 0.289182 0.023834 0.176028 1 0 1.000000
  0 6.725909 1.741486 0.253828 0.462143 -0.881282 -0.098824 0.062557 0.246750 1 0 1.000000
  0 6.483209 1.910126 1.398240 0.333933 -0.471095 0.816430 0.054812 0.138281 1 0 1.000000
..\..\..\Desktop\General\noesis\lg_all
  0 6.656249 3.329635 -1.262050 0.097842 0.545886 -0.832127 0.143311 0.079470 1 0 1.000000
  1 4.790489 3.051259 -1.001820 -0.356250 0.073201 -0.931519 0.133289 -0.003310 1 1 1.000000
  1 4.901010 3.784048 -0.172654 -0.230081 0.971420 -0.058355 0.079063 -0.006145 1 1 1.000000
..\..\..\Desktop\General\noesis\lg_all
  0 7.119709 3.815038 -0.029955 0.647054 0.762078 -0.023644 0.079063 0.099362 1 0 1.000000
  0 6.656249 3.329635 -1.262050 0.097842 0.545886 -0.832127 0.143311 0.079470 1 0 1.000000
  1 4.901010 3.784048 -0.172654 -0.230081 0.971420 -0.058355 0.079063 -0.006145 1 1 1.000000
..\..\..\Desktop\General\noesis\lg_all
  1 4.901010 3.784048 -0.172654 -0.230081 0.971420 -0.058355 0.079063 -0.006145 1 1 1.000000
  0 6.062449 3.473161 1.267560 -0.124083 0.526554 0.841038 0.014313 0.048432 1 0 1.000000
  0 7.119709 3.815038 -0.029955 0.647054 0.762078 -0.023644 0.079063 0.099362 1 0 1.000000
..\..\..\Desktop\General\noesis\lg_all
  1 4.890889 2.931720 0.710301 -0.700934 0.170707 0.692496 0.033748 -0.012188 1 1 1.000000
  0 6.062449 3.473161 1.267560 -0.124083 0.526554 0.841038 0.014313 0.048432 1 0 1.000000
  1 4.901010 3.784048 -0.172654 -0.230081 0.971420 -0.058355 0.079063 -0.006145 1 1 1.000000
..\..\..\Desktop\General\noesis\lg_all
  0 6.976519 3.442718 1.248830 0.468953 0.550165 0.690943 0.020205 0.086403 1 0 1.000000
  0 7.119709 3.815038 -0.029955 0.647054 0.762078 -0.023644 0.079063 0.099362 1 0 1.000000
  0 6.062449 3.473161 1.267560 -0.124083 0.526554 0.841038 0.014313 0.048432 1 0 1.000000
..\..\..\Desktop\General\noesis\lg_all
  1 4.788209 1.800626 -0.115410 -0.047802 -0.998749 -0.014692 0.264937 0.387565 1 1 1.000000
  1 4.788209 3.022727 -1.230260 -0.043402 0.051416 -0.997734 0.274897 0.400333 1 1 1.000000
  0 5.704709 3.022727 -0.086653 0.999058 0.041993 -0.010951 0.084827 0.400332 1 0 1.000000
..\..\..\Desktop\General\noesis\lg_all
  1 4.788209 1.800626 -0.115410 -0.047802 -0.998749 -0.014692 0.264937 0.387565 1 1 1.000000
  0 5.704709 3.022727 -0.086653 0.999058 0.041993 -0.010951 0.084827 0.400332 1 0 1.000000
  1 4.788209 3.022727 1.076260 -0.049939 0.056544 0.997150 0.274897 0.400333 1 1 1.000000
..\..\..\Desktop\General\noesis\lg_all
  1 3.984643 3.022726 -0.094670 -0.999189 0.038546 -0.011608 0.102404 0.400333 1 1 1.000000
  1 4.788209 1.800626 -0.115410 -0.047802 -0.998749 -0.014692 0.264937 0.387565 1 1 1.000000
  1 4.788209 3.022727 1.076260 -0.049939 0.056544 0.997150 0.274897 0.400333 1 1 1.000000
..\..\..\Desktop\General\noesis\lg_all
  1 4.788209 1.800626 -0.115410 -0.047802 -0.998749 -0.014692 0.264937 0.387565 1 1 1.000000
  1 3.984643 3.022726 -0.094670 -0.999189 0.038546 -0.011608 0.102404 0.400333 1 1 1.000000
  1 4.788209 3.022727 -1.230260 -0.043402 0.051416 -0.997734 0.274897 0.400333 1 1 1.000000
..\..\..\Desktop\General\noesis\lg_all
  1 4.788209 3.022727 -1.230260 -0.043402 0.051416 -0.997734 0.274897 0.400333 1 1 1.000000
  1 4.788209 4.078806 -0.120027 -0.044302 0.998903 -0.015148 0.274897 0.411366 1 1 1.000000
  0 5.704709 3.022727 -0.086653 0.999058 0.041993 -0.010951 0.084827 0.400332 1 0 1.000000
..\..\..\Desktop\General\noesis\lg_all
  1 4.788209 4.078806 -0.120027 -0.044302 0.998903 -0.015148 0.274897 0.411366 1 1 1.000000
  1 4.788209 3.022727 1.076260 -0.049939 0.056544 0.997150 0.274897 0.400333 1 1 1.000000
  0 5.704709 3.022727 -0.086653 0.999058 0.041993 -0.010951 0.084827 0.400332 1 0 1.000000
..\..\..\Desktop\General\noesis\lg_all
  1 4.788209 4.078806 -0.120027 -0.044302 0.998903 -0.015148 0.274897 0.411366 1 1 1.000000
  1 4.788209 3.022727 -1.230260 -0.043402 0.051416 -0.997734 0.274897 0.400333 1 1 1.000000
  1 3.984643 3.022726 -0.094670 -0.999189 0.038546 -0.011608 0.102404 0.400333 1 1 1.000000
..\..\..\Desktop\General\noesis\lg_all
  1 4.788209 3.022727 1.076260 -0.049939 0.056544 0.997150 0.274897 0.400333 1 1 1.000000
  1 4.788209 4.078806 -0.120027 -0.044302 0.998903 -0.015148 0.274897 0.411366 1 1 1.000000
  1 3.984643 3.022726 -0.094670 -0.999189 0.038546 -0.011608 0.102404 0.400333 1 1 1.000000
..\..\..\Desktop\General\noesis\lg_all
  1 3.205384 3.022727 0.833808 0.021195 0.236604 0.971375 0.534906 0.642979 1 1 1.000000
  1 4.872839 3.026188 0.750014 0.052496 -0.334118 0.941068 0.534130 0.499117 1 1 1.000000
  1 4.897860 3.759663 -0.071993 0.020257 0.999667 0.015970 0.527638 0.496164 1 1 1.000000
..\..\..\Desktop\General\noesis\lg_all
  1 4.872839 3.026188 0.750014 0.052496 -0.334118 0.941068 0.534130 0.499117 1 1 1.000000
  1 3.205384 3.022727 0.833808 0.021195 0.236604 0.971375 0.534906 0.642979 1 1 1.000000
  2 3.399989 2.229116 -0.020689 0.043342 -0.998724 0.025911 0.544682 0.630390 1 2 1.000000
..\..\..\Desktop\General\noesis\lg_all
  1 4.872839 3.026188 0.750014 0.052496 -0.334118 0.941068 0.534130 0.499117 1 1 1.000000
  2 3.399989 2.229116 -0.020689 0.043342 -0.998724 0.025911 0.544682 0.630390 1 2 1.000000
  1 4.895020 2.272892 -0.072966 0.029195 -0.999572 0.002104 0.544682 0.496675 1 1 1.000000
..\..\..\Desktop\General\noesis\lg_all
  1 3.411932 3.022727 -0.989399 0.024316 0.247497 -0.968583 0.551392 0.622824 1 1 1.000000
  2 3.399989 2.229116 -0.020689 0.043342 -0.998724 0.025911 0.544682 0.630390 1 2 1.000000
  2 3.362859 3.022726 -0.990180 -0.004791 0.029924 -0.999541 0.551393 0.628152 1 2 1.000000
..\..\..\Desktop\General\noesis\lg_all
  2 3.399989 3.745616 -0.020689 0.011004 0.991492 0.129703 0.555114 0.617451 1 2 1.000000
  1 3.411932 3.022727 -0.989399 0.024316 0.247497 -0.968583 0.551392 0.622824 1 1 1.000000
  2 3.362859 3.022726 -0.990180 -0.004791 0.029924 -0.999541 0.551393 0.628152 1 2 1.000000
..\..\..\Desktop\General\noesis\lg_all
  2 3.399989 3.745616 -0.020689 0.011004 0.991492 0.129703 0.555114 0.617451 1 2 1.000000
  1 4.897860 3.759663 -0.071993 0.020257 0.999667 0.015970 0.555114 0.495118 1 1 1.000000
  1 3.411932 3.022727 -0.989399 0.024316 0.247497 -0.968583 0.551392 0.622824 1 1 1.000000
..\..\..\Desktop\General\noesis\lg_all
  2 3.399989 2.229116 -0.020689 0.043342 -0.998724 0.025911 0.544682 0.630390 1 2 1.000000
  1 3.411932 3.022727 -0.989399 0.024316 0.247497 -0.968583 0.551392 0.622824 1 1 1.000000
  1 4.911709 3.026188 -0.889139 0.039939 -0.360031 -0.932085 0.551380 0.495758 1 1 1.000000
..\..\..\Desktop\General\noesis\lg_all
  1 4.897860 3.759663 -0.071993 0.020257 0.999667 0.015970 0.555114 0.495118 1 1 1.000000
  1 4.911709 3.026188 -0.889139 0.039939 -0.360031 -0.932085 0.551380 0.495758 1 1 1.000000
  1 3.411932 3.022727 -0.989399 0.024316 0.247497 -0.968583 0.551392 0.622824 1 1 1.000000
..\..\..\Desktop\General\noesis\lg_all
  1 4.895020 2.272892 -0.072966 0.029195 -0.999572 0.002104 0.544682 0.496810 1 1 1.000000
  2 3.399989 2.229116 -0.020689 0.043342 -0.998724 0.025911 0.544682 0.630390 1 2 1.000000
  1 4.911709 3.026188 -0.889139 0.039939 -0.360031 -0.932085 0.551380 0.495758 1 1 1.000000
..\..\..\Desktop\General\noesis\lg_all
  2 3.399989 2.229116 -0.020689 0.043342 -0.998724 0.025911 0.544682 0.630390 1 2 1.000000
  1 3.205384 3.022727 0.833808 0.021195 0.236604 0.971375 0.534906 0.642979 1 1 1.000000
  2 3.011039 3.022727 0.832288 -0.012136 -0.144938 0.989366 0.535034 0.661435 1 2 1.000000
..\..\..\Desktop\General\noesis\lg_all
  2 3.011039 3.022727 0.832288 -0.012136 -0.144938 0.989366 0.535034 0.661435 1 2 1.000000
  7 1.835452 2.090324 -0.041978 -0.396381 -0.917839 0.021324 0.544682 0.783945 1 7 1.000000
  2 3.399989 2.229116 -0.020689 0.043342 -0.998724 0.025911 0.544682 0.630390 1 2 1.000000
..\..\..\Desktop\General\noesis\lg_all
  2 3.362859 3.022726 -0.990180 -0.004791 0.029924 -0.999541 0.551393 0.628152 1 2 1.000000
  2 3.399989 2.229116 -0.020689 0.043342 -0.998724 0.025911 0.544682 0.630390 1 2 1.000000
  7 1.835452 2.090324 -0.041978 -0.396381 -0.917839 0.021324 0.544682 0.783945 1 7 1.000000
..\..\..\Desktop\General\noesis\lg_all
  7 1.366148 3.270600 0.705335 0.628352 -0.278457 0.726385 0.535034 0.850563 1 7 1.000000
  7 1.835452 2.090324 -0.041978 -0.396381 -0.917839 0.021324 0.544682 0.783945 1 7 1.000000
  2 3.011039 3.022727 0.832288 -0.012136 -0.144938 0.989366 0.535034 0.661435 1 2 1.000000
..\..\..\Desktop\General\noesis\lg_all
  2 3.399989 3.745616 -0.020689 0.011004 0.991492 0.129703 0.527638 0.617451 1 2 1.000000
  1 3.205384 3.022727 0.833808 0.021195 0.236604 0.971375 0.534906 0.642979 1 1 1.000000
  1 4.897860 3.759663 -0.071993 0.020257 0.999667 0.015970 0.527638 0.496164 1 1 1.000000
..\..\..\Desktop\General\noesis\lg_all
  1 3.205384 3.022727 0.833808 0.021195 0.236604 0.971375 0.534906 0.642979 1 1 1.000000
  2 3.399989 3.745616 -0.020689 0.011004 0.991492 0.129703 0.527638 0.617451 1 2 1.000000
  2 3.011039 3.022727 0.832288 -0.012136 -0.144938 0.989366 0.535034 0.661435 1 2 1.000000
..\..\..\Desktop\General\noesis\lg_all
  7 1.366148 3.270600 0.705335 0.628352 -0.278457 0.726385 0.535034 0.850563 1 7 1.000000
  2 3.011039 3.022727 0.832288 -0.012136 -0.144938 0.989366 0.535034 0.661435 1 2 1.000000
  2 3.399989 3.745616 -0.020689 0.011004 0.991492 0.129703 0.527638 0.617451 1 2 1.000000
..\..\..\Desktop\General\noesis\lg_all
  7 1.366148 3.270600 0.705335 0.628352 -0.278457 0.726385 0.535034 0.850563 1 7 1.000000
  2 3.399989 3.745616 -0.020689 0.011004 0.991492 0.129703 0.527638 0.617451 1 2 1.000000
  2 1.845202 3.753396 -0.014965 0.000264 0.977112 -0.212724 0.527638 0.818934 1 2 1.000000
..\..\..\Desktop\General\noesis\lg_all
  7 1.478506 3.769160 -0.026967 0.977843 -0.202048 -0.054773 0.527638 0.874661 1 7 1.000000
  7 1.366148 3.270600 0.705335 0.628352 -0.278457 0.726385 0.535034 0.850563 1 7 1.000000
  2 1.845202 3.753396 -0.014965 0.000264 0.977112 -0.212724 0.527638 0.818934 1 2 1.000000
..\..\..\Desktop\General\noesis\lg_all
  0 6.656249 3.329635 -1.262050 0.097842 0.545886 -0.832127 0.184171 0.397722 1 0 1.000000
  0 7.119709 3.815038 -0.029955 0.647054 0.762078 -0.023644 0.201650 0.263354 1 0 1.000000
  0 7.257169 2.505518 -1.256890 0.789125 -0.213686 -0.575864 0.108126 0.381315 1 0 1.000000
..\..\..\Desktop\General\noesis\lg_all
  0 7.257169 2.505518 -1.256890 0.789125 -0.213686 -0.575864 0.108126 0.381315 1 0 1.000000
  0 7.119709 3.815038 -0.029955 0.647054 0.762078 -0.023644 0.201650 0.263354 1 0 1.000000
  0 7.475129 2.570857 0.029789 0.973328 -0.229408 0.002347 0.093508 0.255253 1 0 1.000000
..\..\..\Desktop\General\noesis\lg_all
  0 7.119709 3.815038 -0.029955 0.647054 0.762078 -0.023644 0.201650 0.263354 1 0 1.000000
  0 7.275539 2.496665 1.175100 0.778307 -0.176354 0.602609 0.092361 0.131618 1 0 1.000000
  0 7.475129 2.570857 0.029789 0.973328 -0.229408 0.002347 0.093508 0.255253 1 0 1.000000
..\..\..\Desktop\General\noesis\lg_all
  0 7.119709 3.815038 -0.029955 0.647054 0.762078 -0.023644 0.201650 0.263354 1 0 1.000000
  0 6.976519 3.442718 1.248830 0.468953 0.550165 0.690943 0.184440 0.132053 1 0 1.000000
  0 7.275539 2.496665 1.175100 0.778307 -0.176354 0.602609 0.092361 0.131618 1 0 1.000000
..\..\..\Desktop\General\noesis\lg_all
  2 1.845202 3.753396 -0.014965 0.000264 0.977112 -0.212724 0.555114 0.818411 1 2 1.000000
  2 3.399989 3.745616 -0.020689 0.011004 0.991492 0.129703 0.555114 0.617451 1 2 1.000000
  2 3.362859 3.022726 -0.990180 -0.004791 0.029924 -0.999541 0.551393 0.628152 1 2 1.000000
..\..\..\Desktop\General\noesis\lg_all
  7 1.485319 2.965780 -0.836196 0.358392 -0.295172 -0.885680 0.551408 0.851648 1 7 1.000000
  2 3.362859 3.022726 -0.990180 -0.004791 0.029924 -0.999541 0.551393 0.628152 1 2 1.000000
  7 1.835452 2.090324 -0.041978 -0.396381 -0.917839 0.021324 0.544682 0.783945 1 7 1.000000
..\..\..\Desktop\General\noesis\lg_all
  2 1.845202 3.753396 -0.014965 0.000264 0.977112 -0.212724 0.555114 0.818411 1 2 1.000000
  2 3.362859 3.022726 -0.990180 -0.004791 0.029924 -0.999541 0.551393 0.628152 1 2 1.000000
  7 1.485319 2.965780 -0.836196 0.358392 -0.295172 -0.885680 0.551408 0.851648 1 7 1.000000
..\..\..\Desktop\General\noesis\lg_all
  2 1.845202 3.753396 -0.014965 0.000264 0.977112 -0.212724 0.555114 0.818411 1 2 1.000000
  7 1.485319 2.965780 -0.836196 0.358392 -0.295172 -0.885680 0.551408 0.851648 1 7 1.000000
  7 1.478506 3.769160 -0.026967 0.977843 -0.202048 -0.054773 0.555114 0.874331 1 7 1.000000
..\..\..\Desktop\General\noesis\lg_all
  8 -1.072262 1.439440 0.492871 -0.880701 0.187323 -0.435059 0.354878 0.495321 1 8 1.000000
  7 -1.150249 -0.352386 1.533370 -0.729278 0.532852 0.429212 0.356733 0.511228 1 7 1.000000
  7 -2.058880 0.000470 0.592432 -0.572868 0.817924 -0.053131 0.402222 0.502120 1 7 1.000000
..\..\..\Desktop\General\noesis\lg_all
  8 -1.072262 1.439440 0.492871 -0.880701 0.187323 -0.435059 0.354878 0.495321 1 8 1.000000
  7 0.000004 -1.003960 1.020450 -0.806180 0.000000 -0.591670 0.310642 0.511228 1 7 1.000000
  7 -1.150249 -0.352386 1.533370 -0.729278 0.532852 0.429212 0.356733 0.511228 1 7 1.000000
..\..\..\Desktop\General\noesis\lg_all
  8 1.032569 0.736477 5.905648 0.981597 0.188566 0.030162 0.524501 0.229906 1 8 1.000000
  8 1.032572 1.822180 5.031978 0.313347 0.947287 0.066784 0.571417 0.216582 1 8 1.000000
  8 0.157683 0.139610 5.453250 0.618518 -0.082268 0.781452 0.524474 0.183805 1 8 1.000000
..\..\..\Desktop\General\noesis\lg_all
  8 2.029610 0.158716 5.467744 0.670567 -0.129770 -0.730411 0.524474 0.183805 1 8 1.000000
  8 1.032572 1.822180 5.031978 0.313347 0.947287 0.066784 0.571417 0.216582 1 8 1.000000
  8 1.032569 0.736477 5.905648 0.981597 0.188566 0.030162 0.524501 0.229906 1 8 1.000000
..\..\..\Desktop\General\noesis\lg_all
  8 2.029610 0.158716 5.467744 0.670567 -0.129770 -0.730411 0.524474 0.183805 1 8 1.000000
  8 2.168443 0.778501 4.582405 -0.184533 0.530570 -0.827311 0.566870 0.196734 1 8 1.000000
  8 1.032572 1.822180 5.031978 0.313347 0.947287 0.066784 0.571417 0.216582 1 8 1.000000
..\..\..\Desktop\General\noesis\lg_all
  8 2.029610 0.158716 5.467744 0.670567 -0.129770 -0.730411 0.524474 0.183805 1 8 1.000000
  8 2.122187 -0.452648 3.506176 -0.014095 0.111734 -0.993638 0.565017 0.071888 1 8 1.000000
  8 2.168443 0.778501 4.582405 -0.184533 0.530570 -0.827311 0.566870 0.196734 1 8 1.000000
..\..\..\Desktop\General\noesis\lg_all
  8 2.029610 0.158716 5.467744 0.670567 -0.129770 -0.730411 0.524474 0.183805 1 8 1.000000
  8 1.556676 -2.082720 3.768872 0.129219 -0.736292 -0.664211 0.523690 0.052624 1 8 1.000000
  8 2.122187 -0.452648 3.506176 -0.014095 0.111734 -0.993638 0.565017 0.071888 1 8 1.000000
..\..\..\Desktop\General\noesis\lg_all
  8 1.556676 -2.082720 3.768872 0.129219 -0.736292 -0.664211 0.523690 0.052624 1 8 1.000000
  8 1.744730 -1.440140 2.739192 -0.457814 -0.659271 -0.596463 0.565141 0.050123 1 8 1.000000
  8 2.122187 -0.452648 3.506176 -0.014095 0.111734 -0.993638 0.565017 0.071888 1 8 1.000000
..\..\..\Desktop\General\noesis\lg_all
  8 1.556676 -2.082720 3.768872 0.129219 -0.736292 -0.664211 0.523690 0.052624 1 8 1.000000
  8 0.434146 -2.085910 3.766444 0.094000 -0.658020 0.747110 0.523690 0.025940 1 8 1.000000
  8 1.744730 -1.440140 2.739192 -0.457814 -0.659271 -0.596463 0.565141 0.050123 1 8 1.000000
..\..\..\Desktop\General\noesis\lg_all
  8 0.434146 -2.085910 3.766444 0.094000 -0.658020 0.747110 0.523690 0.025940 1 8 1.000000
  8 0.391053 -1.460660 2.791642 -0.447823 -0.611403 0.652411 0.565141 0.025370 1 8 1.000000
  8 1.744730 -1.440140 2.739192 -0.457814 -0.659271 -0.596463 0.565141 0.050123 1 8 1.000000
..\..\..\Desktop\General\noesis\lg_all
  8 0.066389 0.378866 3.925740 0.049083 0.319983 0.946151 0.567968 0.093724 1 8 1.000000
  8 0.434146 -2.085910 3.766444 0.094000 -0.658020 0.747110 0.523690 0.052624 1 8 1.000000
  8 0.157683 0.139610 5.453250 0.618518 -0.082268 0.781452 0.524474 0.183805 1 8 1.000000
..\..\..\Desktop\General\noesis\lg_all
  8 0.066389 0.378866 3.925740 0.049083 0.319983 0.946151 0.567968 0.093724 1 8 1.000000
  8 0.391053 -1.460660 2.791642 -0.447823 -0.611403 0.652411 0.565141 0.049971 1 8 1.000000
  8 0.434146 -2.085910 3.766444 0.094000 -0.658020 0.747110 0.523690 0.052624 1 8 1.000000
..\..\..\Desktop\General\noesis\lg_all
  8 0.066389 0.378866 3.925740 0.049083 0.319983 0.946151 0.567968 0.093724 1 8 1.000000
  8 0.157683 0.139610 5.453250 0.618518 -0.082268 0.781452 0.524474 0.183805 1 8 1.000000
  8 0.115234 0.754189 4.595080 -0.115942 0.561849 0.819074 0.566004 0.195789 1 8 1.000000
..\..\..\Desktop\General\noesis\lg_all
  8 1.032572 1.822180 5.031978 0.313347 0.947287 0.066784 0.571417 0.216582 1 8 1.000000
  8 0.115234 0.754189 4.595080 -0.115942 0.561849 0.819074 0.566004 0.195789 1 8 1.000000
  8 0.157683 0.139610 5.453250 0.618518 -0.082268 0.781452 0.524474 0.183805 1 8 1.000000
..\..\..\Desktop\General\noesis\lg_all
  8 0.115234 0.754189 4.595080 -0.115942 0.561849 0.819074 0.566004 0.195789 1 8 1.000000
  8 1.032572 1.822180 5.031978 0.313347 0.947287 0.066784 0.571417 0.216582 1 8 1.000000
  8 1.032586 1.015630 3.878558 -0.314926 0.947720 -0.051469 0.590272 0.161044 1 8 1.000000
..\..\..\Desktop\General\noesis\lg_all
  8 0.115234 0.754189 4.595080 -0.115942 0.561849 0.819074 0.566004 0.195789 1 8 1.000000
  8 1.032586 1.015630 3.878558 -0.314926 0.947720 -0.051469 0.590272 0.161044 1 8 1.000000
  8 0.066389 0.378866 3.925740 0.049083 0.319983 0.946151 0.567968 0.093724 1 8 1.000000
..\..\..\Desktop\General\noesis\lg_all
  8 1.032572 1.822180 5.031978 0.313347 0.947287 0.066784 0.571417 0.216582 1 8 1.000000
  8 2.168443 0.778501 4.582405 -0.184533 0.530570 -0.827311 0.566870 0.196734 1 8 1.000000
  8 1.032586 1.015630 3.878558 -0.314926 0.947720 -0.051469 0.590272 0.161044 1 8 1.000000
..\..\..\Desktop\General\noesis\lg_all
  8 2.122187 -0.452648 3.506176 -0.014095 0.111734 -0.993638 0.565017 0.071888 1 8 1.000000
  8 1.032586 1.015630 3.878558 -0.314926 0.947720 -0.051469 0.590272 0.161044 1 8 1.000000
  8 2.168443 0.778501 4.582405 -0.184533 0.530570 -0.827311 0.566870 0.196734 1 8 1.000000
..\..\..\Desktop\General\noesis\lg_all
  8 1.032569 0.736477 5.905648 0.981597 0.188566 0.030162 0.467710 0.229906 1 8 1.000000
  8 0.157683 0.139610 5.453250 0.618518 -0.082268 0.781452 0.490328 0.159084 1 8 1.000000
  8 2.029610 0.158716 5.467744 0.670567 -0.129770 -0.730411 0.444393 0.159084 1 8 1.000000
..\..\..\Desktop\General\noesis\lg_all
  8 1.556676 -2.082720 3.768872 0.129219 -0.736292 -0.664211 0.464834 0.039953 1 8 1.000000
  8 2.029610 0.158716 5.467744 0.670567 -0.129770 -0.730411 0.444393 0.159084 1 8 1.000000
  8 0.157683 0.139610 5.453250 0.618518 -0.082268 0.781452 0.490328 0.159084 1 8 1.000000
..\..\..\Desktop\General\noesis\lg_all
  8 0.434146 -2.085910 3.766444 0.094000 -0.658020 0.747110 0.472490 0.039953 1 8 1.000000
  8 1.556676 -2.082720 3.768872 0.129219 -0.736292 -0.664211 0.464834 0.039953 1 8 1.000000
  8 0.157683 0.139610 5.453250 0.618518 -0.082268 0.781452 0.490328 0.159084 1 8 1.000000
..\..\..\Desktop\General\noesis\lg_all
  8 -0.115268 0.754189 4.595078 -0.115942 0.561849 -0.819075 0.566004 0.195789 1 8 1.000000
  8 -1.032608 1.822180 5.031962 0.313347 0.947287 -0.066784 0.571417 0.216582 1 8 1.000000
  8 -0.157724 0.139609 5.453249 0.618518 -0.082269 -0.781452 0.524474 0.183805 1 8 1.000000
..\..\..\Desktop\General\noesis\lg_all
  8 -0.115268 0.754189 4.595078 -0.115942 0.561849 -0.819075 0.566004 0.195789 1 8 1.000000
  8 -1.032614 1.015630 3.878542 -0.314926 0.947720 0.051469 0.590272 0.161044 1 8 1.000000
  8 -1.032608 1.822180 5.031962 0.313347 0.947287 -0.066784 0.571417 0.216582 1 8 1.000000
..\..\..\Desktop\General\noesis\lg_all
  8 -0.115268 0.754189 4.595078 -0.115942 0.561849 -0.819075 0.566004 0.195789 1 8 1.000000
  8 -0.066418 0.378865 3.925740 0.049083 0.319982 -0.946151 0.567968 0.093724 1 8 1.000000
  8 -1.032614 1.015630 3.878542 -0.314926 0.947720 0.051469 0.590272 0.161044 1 8 1.000000
..\..\..\Desktop\General\noesis\lg_all
  8 -0.066418 0.378865 3.925740 0.049083 0.319982 -0.946151 0.567968 0.093724 1 8 1.000000
  8 -0.115268 0.754189 4.595078 -0.115942 0.561849 -0.819075 0.566004 0.195789 1 8 1.000000
  8 -0.157724 0.139609 5.453249 0.618518 -0.082269 -0.781452 0.524474 0.183805 1 8 1.000000
..\..\..\Desktop\General\noesis\lg_all
  8 -0.066418 0.378865 3.925740 0.049083 0.319982 -0.946151 0.567968 0.093724 1 8 1.000000
  8 -0.157724 0.139609 5.453249 0.618518 -0.082269 -0.781452 0.524474 0.183805 1 8 1.000000
  8 -0.434174 -2.085910 3.766436 0.094022 -0.658013 -0.747113 0.523690 0.052624 1 8 1.000000
..\..\..\Desktop\General\noesis\lg_all
  8 -0.066418 0.378865 3.925740 0.049083 0.319982 -0.946151 0.567968 0.093724 1 8 1.000000
  8 -0.434174 -2.085910 3.766436 0.094022 -0.658013 -0.747113 0.523690 0.052624 1 8 1.000000
  8 -0.391073 -1.460660 2.791638 -0.447836 -0.611320 -0.652481 0.565141 0.049971 1 8 1.000000
..\..\..\Desktop\General\noesis\lg_all
  8 -1.556704 -2.082720 3.768838 0.104149 -0.741369 0.662967 0.523690 0.052624 1 8 1.000000
  8 -2.122213 -0.452647 3.506144 -0.025525 0.104845 0.994161 0.565017 0.071888 1 8 1.000000
  8 -1.673110 -1.440140 2.739168 -0.471716 -0.662206 0.582209 0.565141 0.050123 1 8 1.000000
..\..\..\Desktop\General\noesis\lg_all
  8 -2.029650 0.158717 5.467716 0.670567 -0.129771 0.730411 0.524474 0.183805 1 8 1.000000
  8 -2.122213 -0.452647 3.506144 -0.025525 0.104845 0.994161 0.565017 0.071888 1 8 1.000000
  8 -1.556704 -2.082720 3.768838 0.104149 -0.741369 0.662967 0.523690 0.052624 1 8 1.000000
..\..\..\Desktop\General\noesis\lg_all
  8 -0.157724 0.139609 5.453249 0.618518 -0.082269 -0.781452 0.524474 0.183805 1 8 1.000000
  8 -1.032608 1.822180 5.031962 0.313347 0.947287 -0.066784 0.571417 0.216582 1 8 1.000000
  8 -1.032611 0.736476 5.905632 0.981597 0.188566 -0.030161 0.524501 0.229906 1 8 1.000000
..\..\..\Desktop\General\noesis\lg_all
  8 -1.032608 1.822180 5.031962 0.313347 0.947287 -0.066784 0.571417 0.216582 1 8 1.000000
  8 -2.029650 0.158717 5.467716 0.670567 -0.129771 0.730411 0.524474 0.183805 1 8 1.000000
  8 -1.032611 0.736476 5.905632 0.981597 0.188566 -0.030161 0.524501 0.229906 1 8 1.000000
..\..\..\Desktop\General\noesis\lg_all
  8 -1.032608 1.822180 5.031962 0.313347 0.947287 -0.066784 0.571417 0.216582 1 8 1.000000
  8 -2.168477 0.778500 4.582375 -0.184532 0.530569 0.827311 0.566870 0.196734 1 8 1.000000
  8 -2.029650 0.158717 5.467716 0.670567 -0.129771 0.730411 0.524474 0.183805 1 8 1.000000
..\..\..\Desktop\General\noesis\lg_all
  8 -1.032608 1.822180 5.031962 0.313347 0.947287 -0.066784 0.571417 0.216582 1 8 1.000000
  8 -1.032614 1.015630 3.878542 -0.314926 0.947720 0.051469 0.590272 0.161044 1 8 1.000000
  8 -2.168477 0.778500 4.582375 -0.184532 0.530569 0.827311 0.566870 0.196734 1 8 1.000000
..\..\..\Desktop\General\noesis\lg_all
  8 -2.029650 0.158717 5.467716 0.670567 -0.129771 0.730411 0.524474 0.183805 1 8 1.000000
  8 -2.168477 0.778500 4.582375 -0.184532 0.530569 0.827311 0.566870 0.196734 1 8 1.000000
  8 -2.122213 -0.452647 3.506144 -0.025525 0.104845 0.994161 0.565017 0.071888 1 8 1.000000
..\..\..\Desktop\General\noesis\lg_all
  8 -2.122213 -0.452647 3.506144 -0.025525 0.104845 0.994161 0.565017 0.071888 1 8 1.000000
  8 -2.168477 0.778500 4.582375 -0.184532 0.530569 0.827311 0.566870 0.196734 1 8 1.000000
  8 -1.032614 1.015630 3.878542 -0.314926 0.947720 0.051469 0.590272 0.161044 1 8 1.000000
..\..\..\Desktop\General\noesis\lg_all
  8 -1.032611 0.736476 5.905632 0.981597 0.188566 -0.030161 0.467710 0.229906 1 8 1.000000
  8 -2.029650 0.158717 5.467716 0.670567 -0.129771 0.730411 0.444393 0.159084 1 8 1.000000
  8 -0.157724 0.139609 5.453249 0.618518 -0.082269 -0.781452 0.490328 0.159084 1 8 1.000000
..\..\..\Desktop\General\noesis\lg_all
  8 -0.434174 -2.085910 3.766436 0.094022 -0.658013 -0.747113 0.472490 0.039953 1 8 1.000000
  8 -0.157724 0.139609 5.453249 0.618518 -0.082269 -0.781452 0.490328 0.159084 1 8 1.000000
  8 -2.029650 0.158717 5.467716 0.670567 -0.129771 0.730411 0.444393 0.159084 1 8 1.000000
..\..\..\Desktop\General\noesis\lg_all
  8 -1.556704 -2.082720 3.768838 0.104149 -0.741369 0.662967 0.464834 0.039953 1 8 1.000000
  8 -0.434174 -2.085910 3.766436 0.094022 -0.658013 -0.747113 0.472490 0.039953 1 8 1.000000
  8 -2.029650 0.158717 5.467716 0.670567 -0.129771 0.730411 0.444393 0.159084 1 8 1.000000
..\..\..\Desktop\General\noesis\lg_all
  8 -1.556704 -2.082720 3.768838 0.104149 -0.741369 0.662967 0.523690 0.052624 1 8 1.000000
  8 -1.673110 -1.440140 2.739168 -0.471716 -0.662206 0.582209 0.565141 0.050123 1 8 1.000000
  8 -0.434174 -2.085910 3.766436 0.094022 -0.658013 -0.747113 0.523690 0.025940 1 8 1.000000
..\..\..\Desktop\General\noesis\lg_all
  8 -1.673110 -1.440140 2.739168 -0.471716 -0.662206 0.582209 0.565141 0.050123 1 8 1.000000
  8 -0.391073 -1.460660 2.791638 -0.447836 -0.611320 -0.652481 0.565141 0.025370 1 8 1.000000
  8 -0.434174 -2.085910 3.766436 0.094022 -0.658013 -0.747113 0.523690 0.025940 1 8 1.000000
..\..\..\Desktop\General\noesis\lg_all
  7 0.944442 -0.993484 0.870723 -0.979685 -0.200511 0.003577 0.480339 0.495324 1 7 1.000000
  7 1.883512 -0.515082 0.440631 -0.575346 -0.813382 -0.085945 0.437570 0.481711 1 7 1.000000
  8 1.745752 -0.651845 2.095263 0.517829 -0.772820 -0.366882 0.451682 0.457790 1 8 1.000000
..\..\..\Desktop\General\noesis\lg_all
  8 0.403003 -0.651845 2.095253 0.696731 -0.703014 0.142609 0.525384 0.458449 1 8 1.000000
  7 0.944442 -0.993484 0.870723 -0.979685 -0.200511 0.003577 0.480339 0.495324 1 7 1.000000
  8 1.745752 -0.651845 2.095263 0.517829 -0.772820 -0.366882 0.451682 0.457790 1 8 1.000000
..\..\..\Desktop\General\noesis\lg_all
  8 1.758923 -0.569019 1.830952 -0.897388 0.440229 0.029893 0.452002 0.432141 1 8 1.000000
  8 1.745752 -0.651845 2.095263 0.517829 -0.772820 -0.366882 0.451682 0.457790 1 8 1.000000
  8 2.011512 0.432039 2.250444 0.078037 0.324898 -0.942524 0.417907 0.439314 1 8 1.000000
..\..\..\Desktop\General\noesis\lg_all
  8 0.403003 -0.651845 2.095253 0.696731 -0.703014 0.142609 0.525384 0.458449 1 8 1.000000
  8 1.745752 -0.651845 2.095263 0.517829 -0.772820 -0.366882 0.451682 0.457790 1 8 1.000000
  8 1.758923 -0.569019 1.830952 -0.897388 0.440229 0.029893 0.452002 0.432141 1 8 1.000000
..\..\..\Desktop\General\noesis\lg_all
  7 1.883512 -0.515082 0.440631 -0.575346 -0.813382 -0.085945 0.437570 0.481711 1 7 1.000000
  8 2.011512 0.432039 2.250444 0.078037 0.324898 -0.942524 0.417907 0.439314 1 8 1.000000
  8 1.745752 -0.651845 2.095263 0.517829 -0.772820 -0.366882 0.451682 0.457790 1 8 1.000000
end
