version 1
nodes
  0 "wristL"  1
  1 "armL2"  2
  2 "armL1"  8
  3 "wristR"  4
  4 "armR2"  5
  5 "armR1"  8
  6 "hair"  7
  7 "head"  8
  8 "spine"  10
  9 "waist"  10
  10 "skl_root"  11
  11 "all_root"  -1
end
skeleton
time 0
  0 2.294480 0.000000 0.000000 0.000000 -0.000000 0.000000
  1 2.388280 0.000000 0.000000 0.000000 -0.000000 0.000000
  2 3.408730 -1.907550 -0.336754 0.000000 -0.000000 -1.570800
  3 2.283930 -0.000000 0.000000 -0.000000 -0.000000 0.000000
  4 2.419770 -0.000001 0.000000 -0.000000 -0.000000 0.000000
  5 3.408730 1.895850 -0.336754 -3.141590 -0.000000 1.570800
  6 -2.097700 -0.000000 -3.753760 -1.570800 -0.000000 -3.141590
  7 4.642130 0.000000 -0.437376 -0.000000 -1.570796 -0.000000
  8 0.000000 0.000000 0.000000 0.000000 -0.000000 1.570800
  9 0.000000 0.000000 0.000000 -0.000000 -1.570796 -0.000000
  10 0.000000 1.599270 -0.754831 0.000000 -0.000000 0.000000
  11 0.000000 0.000000 0.000000 0.000000 -0.000000 0.000000
end
triangles
..\..\..\Desktop\General\noesis\pc_eye.0
  7 -0.000020 7.015903 0.724732 0.993615 -0.000000 0.112822 0.499987 0.370599 1 7 1.000000
  7 -0.000019 6.728950 0.707270 0.938508 -0.000000 0.345258 0.499987 0.287848 1 7 1.000000
  7 0.380671 7.064613 0.636232 0.937238 -0.334892 0.097124 0.617300 0.370208 1 7 1.000000
..\..\..\Desktop\General\noesis\pc_eye.0
  7 -0.000020 7.015903 0.724732 0.993615 -0.000000 0.112822 0.499987 0.370599 1 7 1.000000
  7 -0.380711 7.064608 0.636232 0.937237 0.334893 0.097125 0.382674 0.370208 1 7 1.000000
  7 -0.000019 6.728950 0.707270 0.938508 -0.000000 0.345258 0.499987 0.287848 1 7 1.000000
..\..\..\Desktop\General\noesis\pc_eye.0
  7 -0.000020 7.015903 0.724732 0.993615 -0.000000 0.112822 0.499987 0.370599 1 7 1.000000
  7 -0.240896 7.269261 0.691313 0.806919 0.588750 -0.047498 0.436618 0.433569 1 7 1.000000
  7 -0.380711 7.064608 0.636232 0.937237 0.334893 0.097125 0.382674 0.370208 1 7 1.000000
..\..\..\Desktop\General\noesis\pc_eye.0
  7 -0.000020 7.151046 0.749152 0.984068 -0.000000 0.177791 0.499987 0.402995 1 7 1.000000
  7 -0.240896 7.269261 0.691313 0.806919 0.588750 -0.047498 0.436618 0.433569 1 7 1.000000
  7 -0.000020 7.015903 0.724732 0.993615 -0.000000 0.112822 0.499987 0.370599 1 7 1.000000
..\..\..\Desktop\General\noesis\pc_eye.0
  7 0.240856 7.269265 0.691313 0.806879 -0.588935 -0.045844 0.563356 0.433569 1 7 1.000000
  7 -0.000020 7.015903 0.724732 0.993615 -0.000000 0.112822 0.499987 0.370599 1 7 1.000000
  7 0.380671 7.064613 0.636232 0.937238 -0.334892 0.097124 0.617300 0.370208 1 7 1.000000
..\..\..\Desktop\General\noesis\pc_eye.0
  7 -0.000020 7.151046 0.749152 0.984068 -0.000000 0.177791 0.499987 0.402995 1 7 1.000000
  7 -0.000020 7.015903 0.724732 0.993615 -0.000000 0.112822 0.499987 0.370599 1 7 1.000000
  7 0.240856 7.269265 0.691313 0.806879 -0.588935 -0.045844 0.563356 0.433569 1 7 1.000000
..\..\..\Desktop\General\noesis\pc_eye.0
  7 0.778035 7.355980 0.470804 0.904934 -0.403391 -0.135534 0.696206 0.443329 1 7 1.000000
  7 0.240856 7.269265 0.691313 0.806879 -0.588935 -0.045844 0.563356 0.433569 1 7 1.000000
  7 0.380671 7.064613 0.636232 0.937238 -0.334892 0.097124 0.617300 0.370208 1 7 1.000000
..\..\..\Desktop\General\noesis\pc_eye.0
  7 0.778035 7.355980 0.470804 0.904934 -0.403391 -0.135534 0.696206 0.443329 1 7 1.000000
  7 0.209466 7.744116 0.464747 0.863517 -0.496885 -0.086277 0.566562 0.543097 1 7 1.000000
  7 0.240856 7.269265 0.691313 0.806879 -0.588935 -0.045844 0.563356 0.433569 1 7 1.000000
..\..\..\Desktop\General\noesis\pc_eye.0
  7 0.209466 7.744116 0.464747 0.863517 -0.496885 -0.086277 0.566562 0.543097 1 7 1.000000
  7 0.778035 7.355980 0.470804 0.904934 -0.403391 -0.135534 0.696206 0.443329 1 7 1.000000
  7 0.780772 7.608800 0.360816 0.948518 -0.286937 -0.134095 0.711317 0.527077 1 7 1.000000
..\..\..\Desktop\General\noesis\pc_eye.0
  7 0.209466 7.744116 0.464747 0.863517 -0.496885 -0.086277 0.566562 0.543097 1 7 1.000000
  7 0.780772 7.608800 0.360816 0.948518 -0.286937 -0.134095 0.711317 0.527077 1 7 1.000000
  7 0.763804 8.041870 0.427199 0.945466 -0.311646 0.094710 0.701261 0.642083 1 7 1.000000
..\..\..\Desktop\General\noesis\pc_eye.0
  7 0.454267 8.421377 0.514312 0.882836 -0.419680 0.210877 0.620017 0.731027 1 7 1.000000
  7 0.209466 7.744116 0.464747 0.863517 -0.496885 -0.086277 0.566562 0.543097 1 7 1.000000
  7 0.763804 8.041870 0.427199 0.945466 -0.311646 0.094710 0.701261 0.642083 1 7 1.000000
..\..\..\Desktop\General\noesis\pc_eye.0
  7 0.454267 8.421377 0.514312 0.882836 -0.419680 0.210877 0.620017 0.731027 1 7 1.000000
  7 0.102522 8.010964 0.659969 0.877893 -0.465227 0.113433 0.522345 0.653436 1 7 1.000000
  7 0.209466 7.744116 0.464747 0.863517 -0.496885 -0.086277 0.566562 0.543097 1 7 1.000000
..\..\..\Desktop\General\noesis\pc_eye.0
  7 0.327865 8.796655 0.740625 0.896815 -0.369929 0.242643 0.594166 0.848689 1 7 1.000000
  7 0.102522 8.010964 0.659969 0.877893 -0.465227 0.113433 0.522345 0.653436 1 7 1.000000
  7 0.454267 8.421377 0.514312 0.882836 -0.419680 0.210877 0.620017 0.731027 1 7 1.000000
..\..\..\Desktop\General\noesis\pc_eye.0
  7 0.454267 8.421377 0.514312 0.882836 -0.419680 0.210877 0.620017 0.731027 1 7 1.000000
  7 0.763804 8.041870 0.427199 0.945466 -0.311646 0.094710 0.701261 0.642083 1 7 1.000000
  7 1.034605 8.618032 0.340503 0.872168 -0.464819 0.152531 0.773510 0.783706 1 7 1.000000
..\..\..\Desktop\General\noesis\pc_eye.0
  7 0.327865 8.796655 0.740625 0.896815 -0.369929 0.242643 0.594166 0.848689 1 7 1.000000
  7 0.454267 8.421377 0.514312 0.882836 -0.419680 0.210877 0.620017 0.731027 1 7 1.000000
  7 1.034605 8.618032 0.340503 0.872168 -0.464819 0.152531 0.773510 0.783706 1 7 1.000000
..\..\..\Desktop\General\noesis\pc_eye.0
  7 1.034605 8.618032 0.340503 0.872168 -0.464819 0.152531 0.773510 0.783706 1 7 1.000000
  7 1.086552 9.272002 0.467298 0.850169 -0.485634 0.203401 0.813794 0.964701 1 7 1.000000
  7 0.327865 8.796655 0.740625 0.896815 -0.369929 0.242643 0.594166 0.848689 1 7 1.000000
..\..\..\Desktop\General\noesis\pc_eye.0
  7 1.086552 9.272002 0.467298 0.850169 -0.485634 0.203401 0.813794 0.964701 1 7 1.000000
  7 1.034605 8.618032 0.340503 0.872168 -0.464819 0.152531 0.773510 0.783706 1 7 1.000000
  7 1.561916 8.240077 -0.089019 0.697075 -0.706090 0.124596 0.977522 0.687154 1 7 1.000000
..\..\..\Desktop\General\noesis\pc_eye.0
  7 0.778035 7.355980 0.470804 0.904934 -0.403391 -0.135534 0.696206 0.443329 1 7 1.000000
  7 1.296657 7.902665 0.109778 0.827469 -0.561435 0.009327 0.855083 0.619459 1 7 1.000000
  7 0.780772 7.608800 0.360816 0.948518 -0.286937 -0.134095 0.711317 0.527077 1 7 1.000000
..\..\..\Desktop\General\noesis\pc_eye.0
  7 0.780772 7.608800 0.360816 0.948518 -0.286937 -0.134095 0.711317 0.527077 1 7 1.000000
  7 1.296657 7.902665 0.109778 0.827469 -0.561435 0.009327 0.855083 0.619459 1 7 1.000000
  7 0.763804 8.041870 0.427199 0.945466 -0.311646 0.094710 0.701261 0.642083 1 7 1.000000
..\..\..\Desktop\General\noesis\pc_eye.0
  7 1.561916 8.240077 -0.089019 0.697075 -0.706090 0.124596 0.977522 0.687154 1 7 1.000000
  7 1.034605 8.618032 0.340503 0.872168 -0.464819 0.152531 0.773510 0.783706 1 7 1.000000
  7 1.296657 7.902665 0.109778 0.827469 -0.561435 0.009327 0.855083 0.619459 1 7 1.000000
..\..\..\Desktop\General\noesis\pc_eye.0
  7 0.763804 8.041870 0.427199 0.945466 -0.311646 0.094710 0.701261 0.642083 1 7 1.000000
  7 1.296657 7.902665 0.109778 0.827469 -0.561435 0.009327 0.855083 0.619459 1 7 1.000000
  7 1.034605 8.618032 0.340503 0.872168 -0.464819 0.152531 0.773510 0.783706 1 7 1.000000
..\..\..\Desktop\General\noesis\pc_eye.0
  7 1.561916 8.240077 -0.089019 0.697075 -0.706090 0.124596 0.977522 0.687154 1 7 1.000000
  7 1.296657 7.902665 0.109778 0.827469 -0.561435 0.009327 0.855083 0.619459 1 7 1.000000
  7 1.493228 7.732487 -0.107783 0.515012 -0.842330 0.158880 0.915232 0.553675 1 7 1.000000
..\..\..\Desktop\General\noesis\pc_eye.0
  7 1.296657 7.902665 0.109778 0.827469 -0.561435 0.009327 0.855083 0.619459 1 7 1.000000
  7 1.188060 7.002517 0.149852 0.649308 -0.707906 0.277973 0.836956 0.387764 1 7 1.000000
  7 1.493228 7.732487 -0.107783 0.515012 -0.842330 0.158880 0.915232 0.553675 1 7 1.000000
..\..\..\Desktop\General\noesis\pc_eye.0
  7 0.778035 7.355980 0.470804 0.904934 -0.403391 -0.135534 0.696206 0.443329 1 7 1.000000
  7 1.188060 7.002517 0.149852 0.649308 -0.707906 0.277973 0.836956 0.387764 1 7 1.000000
  7 1.296657 7.902665 0.109778 0.827469 -0.561435 0.009327 0.855083 0.619459 1 7 1.000000
..\..\..\Desktop\General\noesis\pc_eye.0
  7 -0.000019 6.728950 0.707270 0.938508 -0.000000 0.345258 0.499987 0.287848 1 7 1.000000
  7 0.622249 6.768672 0.471140 0.831041 -0.448349 0.329172 0.653124 0.310494 1 7 1.000000
  7 0.380671 7.064613 0.636232 0.937238 -0.334892 0.097124 0.617300 0.370208 1 7 1.000000
..\..\..\Desktop\General\noesis\pc_eye.0
  7 0.778035 7.355980 0.470804 0.904934 -0.403391 -0.135534 0.696206 0.443329 1 7 1.000000
  7 0.380671 7.064613 0.636232 0.937238 -0.334892 0.097124 0.617300 0.370208 1 7 1.000000
  7 0.622249 6.768672 0.471140 0.831041 -0.448349 0.329172 0.653124 0.310494 1 7 1.000000
..\..\..\Desktop\General\noesis\pc_eye.0
  7 0.778035 7.355980 0.470804 0.904934 -0.403391 -0.135534 0.696206 0.443329 1 7 1.000000
  7 0.622249 6.768672 0.471140 0.831041 -0.448349 0.329172 0.653124 0.310494 1 7 1.000000
  7 1.188060 7.002517 0.149852 0.649308 -0.707906 0.277973 0.836956 0.387764 1 7 1.000000
..\..\..\Desktop\General\noesis\pc_eye.0
  7 0.262834 6.429708 0.401517 0.827577 -0.364040 0.427306 0.569995 0.205931 1 7 1.000000
  7 0.622249 6.768672 0.471140 0.831041 -0.448349 0.329172 0.653124 0.310494 1 7 1.000000
  7 -0.000019 6.728950 0.707270 0.938508 -0.000000 0.345258 0.499987 0.287848 1 7 1.000000
..\..\..\Desktop\General\noesis\pc_eye.0
  7 -0.000017 6.376535 0.491507 0.910029 -0.000000 0.414545 0.499987 0.183329 1 7 1.000000
  7 0.262834 6.429708 0.401517 0.827577 -0.364040 0.427306 0.569995 0.205931 1 7 1.000000
  7 -0.000019 6.728950 0.707270 0.938508 -0.000000 0.345258 0.499987 0.287848 1 7 1.000000
..\..\..\Desktop\General\noesis\pc_eye.0
  7 -0.000019 6.728950 0.707270 0.938508 -0.000000 0.345258 0.499987 0.287848 1 7 1.000000
  7 -0.262868 6.429705 0.401517 0.827577 0.364040 0.427306 0.429979 0.205931 1 7 1.000000
  7 -0.000017 6.376535 0.491507 0.910029 -0.000000 0.414545 0.499987 0.183329 1 7 1.000000
..\..\..\Desktop\General\noesis\pc_eye.0
  7 -0.000019 6.728950 0.707270 0.938508 -0.000000 0.345258 0.499987 0.287848 1 7 1.000000
  7 -0.380711 7.064608 0.636232 0.937237 0.334893 0.097125 0.382674 0.370208 1 7 1.000000
  7 -0.622287 6.768664 0.471140 0.831041 0.448348 0.329172 0.346850 0.310494 1 7 1.000000
..\..\..\Desktop\General\noesis\pc_eye.0
  7 -0.000019 6.728950 0.707270 0.938508 -0.000000 0.345258 0.499987 0.287848 1 7 1.000000
  7 -0.622287 6.768664 0.471140 0.831041 0.448348 0.329172 0.346850 0.310494 1 7 1.000000
  7 -0.262868 6.429705 0.401517 0.827577 0.364040 0.427306 0.429979 0.205931 1 7 1.000000
..\..\..\Desktop\General\noesis\pc_eye.0
  7 -0.778077 7.355968 0.470804 0.905048 0.402957 -0.136062 0.304262 0.443329 1 7 1.000000
  7 -0.380711 7.064608 0.636232 0.937237 0.334893 0.097125 0.382674 0.370208 1 7 1.000000
  7 -0.240896 7.269261 0.691313 0.806919 0.588750 -0.047498 0.436618 0.433569 1 7 1.000000
..\..\..\Desktop\General\noesis\pc_eye.0
  7 -0.778077 7.355968 0.470804 0.905048 0.402957 -0.136062 0.304262 0.443329 1 7 1.000000
  7 -0.622287 6.768664 0.471140 0.831041 0.448348 0.329172 0.346850 0.310494 1 7 1.000000
  7 -0.380711 7.064608 0.636232 0.937237 0.334893 0.097125 0.382674 0.370208 1 7 1.000000
..\..\..\Desktop\General\noesis\pc_eye.0
  7 -0.778077 7.355968 0.470804 0.905048 0.402957 -0.136062 0.304262 0.443329 1 7 1.000000
  7 -1.188100 7.002499 0.149852 0.649308 0.707906 0.277973 0.163017 0.387764 1 7 1.000000
  7 -0.622287 6.768664 0.471140 0.831041 0.448348 0.329172 0.346850 0.310494 1 7 1.000000
..\..\..\Desktop\General\noesis\pc_eye.0
  7 -0.778077 7.355968 0.470804 0.905048 0.402957 -0.136062 0.304262 0.443329 1 7 1.000000
  7 -1.296703 7.902646 0.109778 0.827469 0.561435 0.009327 0.145117 0.619459 1 7 1.000000
  7 -1.188100 7.002499 0.149852 0.649308 0.707906 0.277973 0.163017 0.387764 1 7 1.000000
..\..\..\Desktop\General\noesis\pc_eye.0
  7 -0.780816 7.608788 0.360816 0.948822 0.285899 -0.134160 0.297166 0.527077 1 7 1.000000
  7 -1.296703 7.902646 0.109778 0.827469 0.561435 0.009327 0.145117 0.619459 1 7 1.000000
  7 -0.778077 7.355968 0.470804 0.905048 0.402957 -0.136062 0.304262 0.443329 1 7 1.000000
..\..\..\Desktop\General\noesis\pc_eye.0
  7 -0.763850 8.041859 0.427199 0.945851 0.310561 0.094433 0.298964 0.642083 1 7 1.000000
  7 -1.296703 7.902646 0.109778 0.827469 0.561435 0.009327 0.145117 0.619459 1 7 1.000000
  7 -0.780816 7.608788 0.360816 0.948822 0.285899 -0.134160 0.297166 0.527077 1 7 1.000000
..\..\..\Desktop\General\noesis\pc_eye.0
  7 -0.203284 7.744112 0.464747 0.860583 0.501596 -0.088306 0.442118 0.545476 1 7 1.000000
  7 -0.763850 8.041859 0.427199 0.945851 0.310561 0.094433 0.298964 0.642083 1 7 1.000000
  7 -0.780816 7.608788 0.360816 0.948822 0.285899 -0.134160 0.297166 0.527077 1 7 1.000000
..\..\..\Desktop\General\noesis\pc_eye.0
  7 -0.203284 7.744112 0.464747 0.860583 0.501596 -0.088306 0.442118 0.545476 1 7 1.000000
  7 -0.780816 7.608788 0.360816 0.948822 0.285899 -0.134160 0.297166 0.527077 1 7 1.000000
  7 -0.778077 7.355968 0.470804 0.905048 0.402957 -0.136062 0.304262 0.443329 1 7 1.000000
..\..\..\Desktop\General\noesis\pc_eye.0
  7 -0.778077 7.355968 0.470804 0.905048 0.402957 -0.136062 0.304262 0.443329 1 7 1.000000
  7 -0.240896 7.269261 0.691313 0.806919 0.588750 -0.047498 0.436618 0.433569 1 7 1.000000
  7 -0.203284 7.744112 0.464747 0.860583 0.501596 -0.088306 0.442118 0.545476 1 7 1.000000
..\..\..\Desktop\General\noesis\pc_eye.0
  7 -0.449647 8.421371 0.514312 0.881862 0.420719 0.212872 0.379613 0.732812 1 7 1.000000
  7 -0.763850 8.041859 0.427199 0.945851 0.310561 0.094433 0.298964 0.642083 1 7 1.000000
  7 -0.203284 7.744112 0.464747 0.860583 0.501596 -0.088306 0.442118 0.545476 1 7 1.000000
..\..\..\Desktop\General\noesis\pc_eye.0
  7 -0.099605 8.010962 0.659969 0.874796 0.470983 0.113611 0.478430 0.654626 1 7 1.000000
  7 -0.449647 8.421371 0.514312 0.881862 0.420719 0.212872 0.379613 0.732812 1 7 1.000000
  7 -0.203284 7.744112 0.464747 0.860583 0.501596 -0.088306 0.442118 0.545476 1 7 1.000000
..\..\..\Desktop\General\noesis\pc_eye.0
  7 -0.074693 7.724203 0.699747 0.789144 0.560347 -0.251521 0.480000 0.552341 1 7 1.000000
  7 -0.099605 8.010962 0.659969 0.874796 0.470983 0.113611 0.478430 0.654626 1 7 1.000000
  7 -0.203284 7.744112 0.464747 0.860583 0.501596 -0.088306 0.442118 0.545476 1 7 1.000000
..\..\..\Desktop\General\noesis\pc_eye.0
  7 -0.203284 7.744112 0.464747 0.860583 0.501596 -0.088306 0.442118 0.545476 1 7 1.000000
  7 -0.240896 7.269261 0.691313 0.806919 0.588750 -0.047498 0.436618 0.433569 1 7 1.000000
  7 -0.074693 7.724203 0.699747 0.789144 0.560347 -0.251521 0.480000 0.552341 1 7 1.000000
..\..\..\Desktop\General\noesis\pc_eye.0
  7 0.240856 7.269265 0.691313 0.806879 -0.588935 -0.045844 0.563356 0.433569 1 7 1.000000
  7 0.132493 7.294794 0.873674 0.673707 -0.692890 0.256949 0.531671 0.439332 1 7 1.000000
  7 -0.000020 7.151046 0.749152 0.516436 -0.000000 0.856326 0.499987 0.402995 1 7 1.000000
..\..\..\Desktop\General\noesis\pc_eye.0
  7 0.132493 7.294794 0.873674 0.673707 -0.692890 0.256949 0.531671 0.439332 1 7 1.000000
  7 -0.000021 7.294962 0.953544 0.797668 0.000169 0.603097 0.499987 0.445096 1 7 1.000000
  7 -0.000020 7.151046 0.749152 0.516436 -0.000000 0.856326 0.499987 0.402995 1 7 1.000000
..\..\..\Desktop\General\noesis\pc_eye.0
  7 0.240856 7.269265 0.691313 0.806879 -0.588935 -0.045844 0.563356 0.433569 1 7 1.000000
  7 0.073606 7.514443 0.796335 0.689975 -0.516156 -0.507462 0.522345 0.497826 1 7 1.000000
  7 0.132493 7.294794 0.873674 0.673707 -0.692890 0.256949 0.531671 0.439332 1 7 1.000000
..\..\..\Desktop\General\noesis\pc_eye.0
  7 0.073606 7.514443 0.796335 0.689975 -0.516156 -0.507462 0.522345 0.497826 1 7 1.000000
  7 0.240856 7.269265 0.691313 0.806879 -0.588935 -0.045844 0.563356 0.433569 1 7 1.000000
  7 0.074350 7.724205 0.699747 0.791863 -0.557237 -0.249882 0.520000 0.551449 1 7 1.000000
..\..\..\Desktop\General\noesis\pc_eye.0
  7 0.102522 8.010964 0.659969 0.877893 -0.465227 0.113433 0.522345 0.653436 1 7 1.000000
  7 0.074350 7.724205 0.699747 0.791863 -0.557237 -0.249882 0.520000 0.551449 1 7 1.000000
  7 0.209466 7.744116 0.464747 0.863517 -0.496885 -0.086277 0.566562 0.543097 1 7 1.000000
..\..\..\Desktop\General\noesis\pc_eye.0
  7 -0.099605 8.010962 0.659969 0.874796 0.470983 0.113611 0.478430 0.654626 1 7 1.000000
  7 -0.074693 7.724203 0.699747 0.789144 0.560347 -0.251521 0.480000 0.552341 1 7 1.000000
  7 0.074350 7.724205 0.699747 0.791863 -0.557237 -0.249882 0.520000 0.551449 1 7 1.000000
..\..\..\Desktop\General\noesis\pc_eye.0
  7 0.102522 8.010964 0.659969 0.877893 -0.465227 0.113433 0.522345 0.653436 1 7 1.000000
  7 -0.099605 8.010962 0.659969 0.874796 0.470983 0.113611 0.478430 0.654626 1 7 1.000000
  7 0.074350 7.724205 0.699747 0.791863 -0.557237 -0.249882 0.520000 0.551449 1 7 1.000000
..\..\..\Desktop\General\noesis\pc_eye.0
  7 0.074350 7.724205 0.699747 0.791863 -0.557237 -0.249882 0.520000 0.551449 1 7 1.000000
  7 0.240856 7.269265 0.691313 0.806879 -0.588935 -0.045844 0.563356 0.433569 1 7 1.000000
  7 0.209466 7.744116 0.464747 0.863517 -0.496885 -0.086277 0.566562 0.543097 1 7 1.000000
..\..\..\Desktop\General\noesis\pc_eye.0
  7 -0.240896 7.269261 0.691313 0.806919 0.588750 -0.047498 0.436618 0.433569 1 7 1.000000
  7 -0.070536 7.514442 0.796335 0.691240 0.512081 -0.509862 0.478430 0.499016 1 7 1.000000
  7 -0.074693 7.724203 0.699747 0.789144 0.560347 -0.251521 0.480000 0.552341 1 7 1.000000
..\..\..\Desktop\General\noesis\pc_eye.0
  7 0.074350 7.724205 0.699747 0.791863 -0.557237 -0.249882 0.520000 0.551449 1 7 1.000000
  7 -0.074693 7.724203 0.699747 0.789144 0.560347 -0.251521 0.480000 0.552341 1 7 1.000000
  7 -0.070536 7.514442 0.796335 0.691240 0.512081 -0.509862 0.478430 0.499016 1 7 1.000000
..\..\..\Desktop\General\noesis\pc_eye.0
  7 0.073606 7.514443 0.796335 0.689975 -0.516156 -0.507462 0.522345 0.497826 1 7 1.000000
  7 0.074350 7.724205 0.699747 0.791863 -0.557237 -0.249882 0.520000 0.551449 1 7 1.000000
  7 -0.070536 7.514442 0.796335 0.691240 0.512081 -0.509862 0.478430 0.499016 1 7 1.000000
..\..\..\Desktop\General\noesis\pc_eye.0
  7 0.132493 7.294794 0.873674 0.673707 -0.692890 0.256949 0.531671 0.439332 1 7 1.000000
  7 0.000368 7.382062 0.981314 0.952027 -0.000322 -0.306014 0.500087 0.458427 1 7 1.000000
  7 -0.000021 7.294962 0.953544 0.797668 0.000169 0.603097 0.499987 0.445096 1 7 1.000000
..\..\..\Desktop\General\noesis\pc_eye.0
  7 0.000368 7.382062 0.981314 0.952027 -0.000322 -0.306014 0.500087 0.458427 1 7 1.000000
  7 0.073606 7.514443 0.796335 0.689975 -0.516156 -0.507462 0.522345 0.497826 1 7 1.000000
  7 -0.070536 7.514442 0.796335 0.691240 0.512081 -0.509862 0.478430 0.499016 1 7 1.000000
..\..\..\Desktop\General\noesis\pc_eye.0
  7 0.132493 7.294794 0.873674 0.673707 -0.692890 0.256949 0.531671 0.439332 1 7 1.000000
  7 0.073606 7.514443 0.796335 0.689975 -0.516156 -0.507462 0.522345 0.497826 1 7 1.000000
  7 0.000368 7.382062 0.981314 0.952027 -0.000322 -0.306014 0.500087 0.458427 1 7 1.000000
..\..\..\Desktop\General\noesis\pc_eye.0
  7 -0.132535 7.294792 0.873674 0.674320 0.694009 0.252278 0.468302 0.439332 1 7 1.000000
  7 0.000368 7.382062 0.981314 0.952027 -0.000322 -0.306014 0.500087 0.458427 1 7 1.000000
  7 -0.070536 7.514442 0.796335 0.691240 0.512081 -0.509862 0.478430 0.499016 1 7 1.000000
..\..\..\Desktop\General\noesis\pc_eye.0
  7 -0.132535 7.294792 0.873674 0.674320 0.694009 0.252278 0.468302 0.439332 1 7 1.000000
  7 -0.000021 7.294962 0.953544 0.797668 0.000169 0.603097 0.499987 0.445096 1 7 1.000000
  7 0.000368 7.382062 0.981314 0.952027 -0.000322 -0.306014 0.500087 0.458427 1 7 1.000000
..\..\..\Desktop\General\noesis\pc_eye.0
  7 -0.240896 7.269261 0.691313 0.806919 0.588750 -0.047498 0.436618 0.433569 1 7 1.000000
  7 -0.000020 7.151046 0.749152 0.516436 -0.000000 0.856326 0.499987 0.402995 1 7 1.000000
  7 -0.132535 7.294792 0.873674 0.674320 0.694009 0.252278 0.468302 0.439332 1 7 1.000000
..\..\..\Desktop\General\noesis\pc_eye.0
  7 -0.132535 7.294792 0.873674 0.674320 0.694009 0.252278 0.468302 0.439332 1 7 1.000000
  7 -0.000020 7.151046 0.749152 0.516436 -0.000000 0.856326 0.499987 0.402995 1 7 1.000000
  7 -0.000021 7.294962 0.953544 0.797668 0.000169 0.603097 0.499987 0.445096 1 7 1.000000
..\..\..\Desktop\General\noesis\pc_eye.0
  7 -0.240896 7.269261 0.691313 0.806919 0.588750 -0.047498 0.436618 0.433569 1 7 1.000000
  7 -0.132535 7.294792 0.873674 0.674320 0.694009 0.252278 0.468302 0.439332 1 7 1.000000
  7 -0.070536 7.514442 0.796335 0.691240 0.512081 -0.509862 0.478430 0.499016 1 7 1.000000
..\..\..\Desktop\General\noesis\pc_eye.0
  7 0.788536 6.567956 0.233508 0.722520 -0.511466 0.465152 0.683845 0.265541 1 7 1.000000
  7 0.622249 6.768672 0.471140 0.831041 -0.448349 0.329172 0.653124 0.310494 1 7 1.000000
  7 0.262834 6.429708 0.401517 0.827577 -0.364040 0.427306 0.569995 0.205931 1 7 1.000000
..\..\..\Desktop\General\noesis\pc_eye.0
  7 0.622249 6.768672 0.471140 0.831041 -0.448349 0.329172 0.653124 0.310494 1 7 1.000000
  7 0.788536 6.567956 0.233508 0.722520 -0.511466 0.465152 0.683845 0.265541 1 7 1.000000
  7 1.188060 7.002517 0.149852 0.649308 -0.707906 0.277973 0.836956 0.387764 1 7 1.000000
..\..\..\Desktop\General\noesis\pc_eye.0
  7 0.788536 6.567956 0.233508 0.722520 -0.511466 0.465152 0.683845 0.265541 1 7 1.000000
  7 0.802126 6.273242 -0.042614 0.188817 -0.582579 0.790538 0.716571 0.195099 1 7 1.000000
  7 1.188060 7.002517 0.149852 0.649308 -0.707906 0.277973 0.836956 0.387764 1 7 1.000000
..\..\..\Desktop\General\noesis\pc_eye.0
  7 0.262834 6.429708 0.401517 0.827577 -0.364040 0.427306 0.569995 0.205931 1 7 1.000000
  7 -0.000016 5.951355 0.357204 0.735850 -0.000000 0.677145 0.499987 0.090815 1 7 1.000000
  7 0.788536 6.567956 0.233508 0.722520 -0.511466 0.465152 0.683845 0.265541 1 7 1.000000
..\..\..\Desktop\General\noesis\pc_eye.0
  7 -0.000017 6.376535 0.491507 0.910029 -0.000000 0.414545 0.499987 0.183329 1 7 1.000000
  7 -0.262868 6.429705 0.401517 0.827577 0.364040 0.427306 0.429979 0.205931 1 7 1.000000
  7 -0.000016 5.951355 0.357204 0.735850 -0.000000 0.677145 0.499987 0.090815 1 7 1.000000
..\..\..\Desktop\General\noesis\pc_eye.0
  7 -0.000017 6.376535 0.491507 0.910029 -0.000000 0.414545 0.499987 0.183329 1 7 1.000000
  7 -0.000016 5.951355 0.357204 0.735850 -0.000000 0.677145 0.499987 0.090815 1 7 1.000000
  7 0.262834 6.429708 0.401517 0.827577 -0.364040 0.427306 0.569995 0.205931 1 7 1.000000
..\..\..\Desktop\General\noesis\pc_eye.0
  7 0.802126 6.273242 -0.042614 0.188817 -0.582579 0.790538 0.716571 0.195099 1 7 1.000000
  7 0.788536 6.567956 0.233508 0.722520 -0.511466 0.465152 0.683845 0.265541 1 7 1.000000
  7 -0.000016 5.951355 0.357204 0.735850 -0.000000 0.677145 0.499987 0.090815 1 7 1.000000
..\..\..\Desktop\General\noesis\pc_eye.0
  7 -0.622287 6.768664 0.471140 0.831041 0.448348 0.329172 0.346850 0.310494 1 7 1.000000
  7 -0.788572 6.567945 0.233508 0.722520 0.511467 0.465152 0.316129 0.265541 1 7 1.000000
  7 -0.262868 6.429705 0.401517 0.827577 0.364040 0.427306 0.429979 0.205931 1 7 1.000000
..\..\..\Desktop\General\noesis\pc_eye.0
  7 -0.262868 6.429705 0.401517 0.827577 0.364040 0.427306 0.429979 0.205931 1 7 1.000000
  7 -0.788572 6.567945 0.233508 0.722520 0.511467 0.465152 0.316129 0.265541 1 7 1.000000
  7 -0.000016 5.951355 0.357204 0.735850 -0.000000 0.677145 0.499987 0.090815 1 7 1.000000
..\..\..\Desktop\General\noesis\pc_eye.0
  7 -0.622287 6.768664 0.471140 0.831041 0.448348 0.329172 0.346850 0.310494 1 7 1.000000
  7 -1.188100 7.002499 0.149852 0.649308 0.707906 0.277973 0.163017 0.387764 1 7 1.000000
  7 -0.788572 6.567945 0.233508 0.722520 0.511467 0.465152 0.316129 0.265541 1 7 1.000000
..\..\..\Desktop\General\noesis\pc_eye.0
  7 -0.788572 6.567945 0.233508 0.722520 0.511467 0.465152 0.316129 0.265541 1 7 1.000000
  7 -1.188100 7.002499 0.149852 0.649308 0.707906 0.277973 0.163017 0.387764 1 7 1.000000
  7 -0.802160 6.273229 -0.042614 0.188816 0.582579 0.790538 0.283402 0.195099 1 7 1.000000
..\..\..\Desktop\General\noesis\pc_eye.0
  7 -0.802160 6.273229 -0.042614 0.188816 0.582579 0.790538 0.283402 0.195099 1 7 1.000000
  7 -0.000016 5.951355 0.357204 0.735850 -0.000000 0.677145 0.499987 0.090815 1 7 1.000000
  7 -0.788572 6.567945 0.233508 0.722520 0.511467 0.465152 0.316129 0.265541 1 7 1.000000
..\..\..\Desktop\General\noesis\pc_eye.0
  7 -1.493272 7.732466 -0.107783 0.515012 0.842330 0.158880 0.084742 0.553676 1 7 1.000000
  7 -1.188100 7.002499 0.149852 0.649308 0.707906 0.277973 0.163017 0.387764 1 7 1.000000
  7 -1.296703 7.902646 0.109778 0.827469 0.561435 0.009327 0.145117 0.619459 1 7 1.000000
..\..\..\Desktop\General\noesis\pc_eye.0
  7 -1.296703 7.902646 0.109778 0.827469 0.561435 0.009327 0.145117 0.619459 1 7 1.000000
  7 -1.561964 8.240054 -0.089019 0.697075 0.706090 0.124596 0.022451 0.687154 1 7 1.000000
  7 -1.493272 7.732466 -0.107783 0.515012 0.842330 0.158880 0.084742 0.553676 1 7 1.000000
..\..\..\Desktop\General\noesis\pc_eye.0
  7 -0.449647 8.421371 0.514312 0.881862 0.420719 0.212872 0.379613 0.732812 1 7 1.000000
  7 -1.034655 8.618017 0.340503 0.872388 0.464213 0.153118 0.226646 0.783706 1 7 1.000000
  7 -0.763850 8.041859 0.427199 0.945851 0.310561 0.094433 0.298964 0.642083 1 7 1.000000
..\..\..\Desktop\General\noesis\pc_eye.0
  7 -1.034655 8.618017 0.340503 0.872388 0.464213 0.153118 0.226646 0.783706 1 7 1.000000
  7 -1.561964 8.240054 -0.089019 0.697075 0.706090 0.124596 0.022451 0.687154 1 7 1.000000
  7 -1.296703 7.902646 0.109778 0.827469 0.561435 0.009327 0.145117 0.619459 1 7 1.000000
..\..\..\Desktop\General\noesis\pc_eye.0
  7 -1.034655 8.618017 0.340503 0.872388 0.464213 0.153118 0.226646 0.783706 1 7 1.000000
  7 -1.296703 7.902646 0.109778 0.827469 0.561435 0.009327 0.145117 0.619459 1 7 1.000000
  7 -0.763850 8.041859 0.427199 0.945851 0.310561 0.094433 0.298964 0.642083 1 7 1.000000
..\..\..\Desktop\General\noesis\pc_eye.0
  7 -1.086608 9.271986 0.467298 0.850198 0.485583 0.203403 0.186179 0.964701 1 7 1.000000
  7 -1.561964 8.240054 -0.089019 0.697075 0.706090 0.124596 0.022451 0.687154 1 7 1.000000
  7 -1.034655 8.618017 0.340503 0.872388 0.464213 0.153118 0.226646 0.783706 1 7 1.000000
..\..\..\Desktop\General\noesis\pc_eye.0
  7 0.327865 8.796655 0.740625 0.896815 -0.369929 0.242643 0.594166 0.848689 1 7 1.000000
  7 -0.327700 8.796651 0.740625 0.895893 0.370803 0.244707 0.405792 0.848771 1 7 1.000000
  7 0.102522 8.010964 0.659969 0.877893 -0.465227 0.113433 0.522345 0.653436 1 7 1.000000
..\..\..\Desktop\General\noesis\pc_eye.0
  7 -0.327700 8.796651 0.740625 0.895893 0.370803 0.244707 0.405792 0.848771 1 7 1.000000
  7 -0.099605 8.010962 0.659969 0.874796 0.470983 0.113611 0.478430 0.654626 1 7 1.000000
  7 0.102522 8.010964 0.659969 0.877893 -0.465227 0.113433 0.522345 0.653436 1 7 1.000000
..\..\..\Desktop\General\noesis\pc_eye.0
  7 -0.099605 8.010962 0.659969 0.874796 0.470983 0.113611 0.478430 0.654626 1 7 1.000000
  7 -0.327700 8.796651 0.740625 0.895893 0.370803 0.244707 0.405792 0.848771 1 7 1.000000
  7 -0.449647 8.421371 0.514312 0.881862 0.420719 0.212872 0.379613 0.732812 1 7 1.000000
..\..\..\Desktop\General\noesis\pc_eye.0
  7 -1.034655 8.618017 0.340503 0.872388 0.464213 0.153118 0.226646 0.783706 1 7 1.000000
  7 -0.327700 8.796651 0.740625 0.895893 0.370803 0.244707 0.405792 0.848771 1 7 1.000000
  7 -1.086608 9.271986 0.467298 0.850198 0.485583 0.203403 0.186179 0.964701 1 7 1.000000
..\..\..\Desktop\General\noesis\pc_eye.0
  7 -0.327700 8.796651 0.740625 0.895893 0.370803 0.244707 0.405792 0.848771 1 7 1.000000
  7 -1.034655 8.618017 0.340503 0.872388 0.464213 0.153118 0.226646 0.783706 1 7 1.000000
  7 -0.449647 8.421371 0.514312 0.881862 0.420719 0.212872 0.379613 0.732812 1 7 1.000000
..\..\..\Desktop\General\noesis\pc_body
  0 7.044948 5.175343 -1.614307 -0.073873 0.480942 -0.873635 0.632243 0.565801 1 0 1.000000
  1 6.610767 5.052199 -1.459121 -0.152072 0.024313 -0.988070 0.628001 0.640326 1 1 1.000000
  1 6.633337 5.403556 -0.995023 -0.115854 0.993266 0.001077 0.603476 0.640327 1 1 1.000000
..\..\..\Desktop\General\noesis\pc_body
  1 6.633337 5.403556 -0.995023 -0.115854 0.993266 0.001077 0.603476 0.640327 1 1 1.000000
  0 6.979124 5.470331 -1.019270 0.011808 0.999398 -0.032611 0.596317 0.576917 1 0 1.000000
  0 7.044948 5.175343 -1.614307 -0.073873 0.480942 -0.873635 0.632243 0.565801 1 0 1.000000
..\..\..\Desktop\General\noesis\pc_body
  0 6.979124 5.470331 -1.019270 0.011808 0.999398 -0.032611 0.596317 0.576917 1 0 1.000000
  1 6.633337 5.403556 -0.995023 -0.115854 0.993266 0.001077 0.603476 0.640327 1 1 1.000000
  0 7.016768 5.063475 -0.187550 -0.170301 0.408350 0.896799 0.556044 0.600156 1 0 1.000000
..\..\..\Desktop\General\noesis\pc_body
  0 6.979124 5.470331 -1.019270 0.011808 0.999398 -0.032611 0.596317 0.576917 1 0 1.000000
  0 7.016768 5.063475 -0.187550 -0.170301 0.408350 0.896799 0.556044 0.600156 1 0 1.000000
  0 7.765587 5.259042 -0.439199 0.776024 0.542798 0.321181 0.568957 0.474169 1 0 1.000000
..\..\..\Desktop\General\noesis\pc_body
  0 7.044948 5.175343 -1.614307 -0.073873 0.480942 -0.873635 0.632243 0.565801 1 0 1.000000
  0 6.979124 5.470331 -1.019270 0.011808 0.999398 -0.032611 0.596317 0.576917 1 0 1.000000
  0 7.681508 5.147846 -1.472234 0.576916 0.604543 -0.549267 0.619599 0.474169 1 0 1.000000
..\..\..\Desktop\General\noesis\pc_body
  0 7.681508 5.147846 -1.472234 0.576916 0.604543 -0.549267 0.619599 0.474169 1 0 1.000000
  0 6.979124 5.470331 -1.019270 0.011808 0.999398 -0.032611 0.596317 0.576917 1 0 1.000000
  0 7.765587 5.259042 -0.439199 0.776024 0.542798 0.321181 0.568957 0.474169 1 0 1.000000
..\..\..\Desktop\General\noesis\pc_body
  0 7.681508 5.147846 -1.472234 0.576916 0.604543 -0.549267 0.619599 0.474169 1 0 1.000000
  0 7.765587 5.259042 -0.439199 0.776024 0.542798 0.321181 0.568957 0.474169 1 0 1.000000
  0 7.669407 4.609604 -1.460176 0.677225 -0.457913 -0.575918 0.619599 0.408020 1 0 1.000000
..\..\..\Desktop\General\noesis\pc_body
  0 7.765587 5.259042 -0.439199 0.776024 0.542798 0.321181 0.568957 0.474169 1 0 1.000000
  0 7.783658 4.596997 -0.466836 0.662218 -0.437040 0.608657 0.568957 0.408020 1 0 1.000000
  0 7.669407 4.609604 -1.460176 0.677225 -0.457913 -0.575918 0.619599 0.408020 1 0 1.000000
..\..\..\Desktop\General\noesis\pc_body
  0 7.783658 4.596997 -0.466836 0.662218 -0.437040 0.608657 0.568957 0.408020 1 0 1.000000
  0 7.146755 4.323585 -0.455350 -0.220710 -0.904351 0.365288 0.563147 0.331303 1 0 1.000000
  0 7.669407 4.609604 -1.460176 0.677225 -0.457913 -0.575918 0.619599 0.408020 1 0 1.000000
..\..\..\Desktop\General\noesis\pc_body
  0 7.016768 5.063475 -0.187550 -0.170301 0.408350 0.896799 0.525751 0.324962 1 0 1.000000
  0 7.146755 4.323585 -0.455350 -0.220710 -0.904351 0.365288 0.563147 0.331303 1 0 1.000000
  0 7.783658 4.596997 -0.466836 0.662218 -0.437040 0.608657 0.568957 0.408020 1 0 1.000000
..\..\..\Desktop\General\noesis\pc_body
  0 7.016768 5.063475 -0.187550 -0.170301 0.408350 0.896799 0.525751 0.324962 1 0 1.000000
  1 6.567147 5.064478 -0.555948 -0.290521 -0.023591 0.956578 0.540950 0.256113 1 1 1.000000
  0 7.146755 4.323585 -0.455350 -0.220710 -0.904351 0.365288 0.563147 0.331303 1 0 1.000000
..\..\..\Desktop\General\noesis\pc_body
  1 6.567147 5.064478 -0.555948 -0.290521 -0.023591 0.956578 0.540950 0.256113 1 1 1.000000
  1 6.586927 4.611152 -1.012661 -0.226578 -0.972714 -0.049904 0.592818 0.256113 1 1 1.000000
  0 7.146755 4.323585 -0.455350 -0.220710 -0.904351 0.365288 0.563147 0.331303 1 0 1.000000
..\..\..\Desktop\General\noesis\pc_body
  0 7.146755 4.323585 -0.455350 -0.220710 -0.904351 0.365288 0.563147 0.331303 1 0 1.000000
  0 7.070158 4.599677 -1.586763 -0.246195 -0.633350 -0.733660 0.623861 0.311706 1 0 1.000000
  0 7.669407 4.609604 -1.460176 0.677225 -0.457913 -0.575918 0.619599 0.408020 1 0 1.000000
..\..\..\Desktop\General\noesis\pc_body
  1 6.586927 4.611152 -1.012661 -0.226578 -0.972714 -0.049904 0.592818 0.256113 1 1 1.000000
  0 7.070158 4.599677 -1.586763 -0.246195 -0.633350 -0.733660 0.623861 0.311706 1 0 1.000000
  0 7.146755 4.323585 -0.455350 -0.220710 -0.904351 0.365288 0.563147 0.331303 1 0 1.000000
..\..\..\Desktop\General\noesis\pc_body
  0 7.070158 4.599677 -1.586763 -0.246195 -0.633350 -0.733660 0.623861 0.311706 1 0 1.000000
  1 6.586927 4.611152 -1.012661 -0.226578 -0.972714 -0.049904 0.592818 0.256113 1 1 1.000000
  1 6.610767 5.052199 -1.459121 -0.152072 0.024313 -0.988070 0.644052 0.256113 1 1 1.000000
..\..\..\Desktop\General\noesis\pc_body
  0 7.070158 4.599677 -1.586763 -0.246195 -0.633350 -0.733660 0.623861 0.311706 1 0 1.000000
  1 6.610767 5.052199 -1.459121 -0.152072 0.024313 -0.988070 0.644052 0.256113 1 1 1.000000
  0 7.044948 5.175343 -1.614307 -0.073873 0.480942 -0.873635 0.649888 0.311963 1 0 1.000000
..\..\..\Desktop\General\noesis\pc_body
  0 7.669407 4.609604 -1.460176 0.677225 -0.457913 -0.575918 0.619599 0.408020 1 0 1.000000
  0 7.070158 4.599677 -1.586763 -0.246195 -0.633350 -0.733660 0.623861 0.311706 1 0 1.000000
  0 7.044948 5.175343 -1.614307 -0.073873 0.480942 -0.873635 0.649888 0.311963 1 0 1.000000
..\..\..\Desktop\General\noesis\pc_body
  0 7.669407 4.609604 -1.460176 0.677225 -0.457913 -0.575918 0.619599 0.408020 1 0 1.000000
  0 7.044948 5.175343 -1.614307 -0.073873 0.480942 -0.873635 0.649888 0.311963 1 0 1.000000
  0 7.681508 5.147846 -1.472234 0.576916 0.604543 -0.549267 0.649961 0.408020 1 0 1.000000
..\..\..\Desktop\General\noesis\pc_body
  1 6.633337 5.403556 -0.995023 -0.115854 0.993266 0.001077 0.603476 0.640327 1 1 1.000000
  1 6.567147 5.064478 -0.555948 -0.290521 -0.023591 0.956578 0.584112 0.640327 1 1 1.000000
  0 7.016768 5.063475 -0.187550 -0.170301 0.408350 0.896799 0.556044 0.600156 1 0 1.000000
..\..\..\Desktop\General\noesis\pc_body
  1 3.790800 5.334039 -0.579341 0.055429 0.680577 0.730577 0.510333 0.173579 1 1 1.000000
  1 6.567147 5.064478 -0.555948 -0.290521 -0.023591 0.956578 0.692884 0.085082 1 1 1.000000
  1 6.633337 5.403556 -0.995023 -0.115854 0.993266 0.001077 0.692884 0.144338 1 1 1.000000
..\..\..\Desktop\General\noesis\pc_body
  1 3.790800 5.334039 -0.579341 0.055429 0.680577 0.730577 0.510333 0.173579 1 1 1.000000
  1 6.633337 5.403556 -0.995023 -0.115854 0.993266 0.001077 0.692884 0.144338 1 1 1.000000
  1 3.601654 5.753907 -1.172361 0.113721 0.993343 0.018343 0.510333 0.245508 1 1 1.000000
..\..\..\Desktop\General\noesis\pc_body
  1 3.601654 5.753907 -1.172361 0.113721 0.993343 0.018343 0.510333 0.245508 1 1 1.000000
  1 6.633337 5.403556 -0.995023 -0.115854 0.993266 0.001077 0.692884 0.144338 1 1 1.000000
  1 3.842177 5.369586 -1.718111 0.139397 0.691710 -0.708594 0.510333 0.173579 1 1 1.000000
..\..\..\Desktop\General\noesis\pc_body
  1 6.633337 5.403556 -0.995023 -0.115854 0.993266 0.001077 0.692884 0.144338 1 1 1.000000
  1 6.610767 5.052199 -1.459121 -0.152072 0.024313 -0.988070 0.692884 0.085082 1 1 1.000000
  1 3.842177 5.369586 -1.718111 0.139397 0.691710 -0.708594 0.510333 0.173579 1 1 1.000000
..\..\..\Desktop\General\noesis\pc_body
  1 4.418891 4.964931 -1.804502 0.157868 -0.065683 -0.985273 0.540086 0.119357 1 1 1.000000
  1 3.842177 5.369586 -1.718111 0.139397 0.691710 -0.708594 0.510333 0.173579 1 1 1.000000
  1 6.610767 5.052199 -1.459121 -0.152072 0.024313 -0.988070 0.692884 0.085082 1 1 1.000000
..\..\..\Desktop\General\noesis\pc_body
  1 3.807407 4.625224 -1.716963 0.154973 -0.691978 -0.705088 0.504587 0.089980 1 1 1.000000
  1 4.418891 4.964931 -1.804502 0.157868 -0.065683 -0.985273 0.540086 0.119357 1 1 1.000000
  1 6.610767 5.052199 -1.459121 -0.152072 0.024313 -0.988070 0.692884 0.085082 1 1 1.000000
..\..\..\Desktop\General\noesis\pc_body
  1 3.807407 4.625224 -1.716963 0.154973 -0.691978 -0.705088 0.504587 0.089980 1 1 1.000000
  1 6.610767 5.052199 -1.459121 -0.152072 0.024313 -0.988070 0.692884 0.085082 1 1 1.000000
  1 6.586927 4.611152 -1.012661 -0.226578 -0.972714 -0.049904 0.692884 0.022397 1 1 1.000000
..\..\..\Desktop\General\noesis\pc_body
  1 3.531114 4.223130 -1.157582 0.125577 -0.992050 0.008255 0.504587 0.022397 1 1 1.000000
  1 3.807407 4.625224 -1.716963 0.154973 -0.691978 -0.705088 0.504587 0.089980 1 1 1.000000
  1 6.586927 4.611152 -1.012661 -0.226578 -0.972714 -0.049904 0.692884 0.022397 1 1 1.000000
..\..\..\Desktop\General\noesis\pc_body
  1 3.531114 4.223130 -1.157582 0.125577 -0.992050 0.008255 0.504587 0.022397 1 1 1.000000
  1 6.586927 4.611152 -1.012661 -0.226578 -0.972714 -0.049904 0.692884 0.022397 1 1 1.000000
  1 3.754155 4.625148 -0.580501 0.083400 -0.674566 0.733489 0.504587 0.089980 1 1 1.000000
..\..\..\Desktop\General\noesis\pc_body
  1 6.586927 4.611152 -1.012661 -0.226578 -0.972714 -0.049904 0.692884 0.022397 1 1 1.000000
  1 6.567147 5.064478 -0.555948 -0.290521 -0.023591 0.956578 0.692884 0.085082 1 1 1.000000
  1 3.754155 4.625148 -0.580501 0.083400 -0.674566 0.733489 0.504587 0.089980 1 1 1.000000
..\..\..\Desktop\General\noesis\pc_body
  1 4.325908 4.965077 -0.452548 0.047971 -0.043585 0.997897 0.540086 0.119357 1 1 1.000000
  1 3.754155 4.625148 -0.580501 0.083400 -0.674566 0.733489 0.504587 0.089980 1 1 1.000000
  1 6.567147 5.064478 -0.555948 -0.290521 -0.023591 0.956578 0.692884 0.085082 1 1 1.000000
..\..\..\Desktop\General\noesis\pc_body
  1 3.790800 5.334039 -0.579341 0.055429 0.680577 0.730577 0.510333 0.173579 1 1 1.000000
  1 4.325908 4.965077 -0.452548 0.047971 -0.043585 0.997897 0.540086 0.119357 1 1 1.000000
  1 6.567147 5.064478 -0.555948 -0.290521 -0.023591 0.956578 0.692884 0.085082 1 1 1.000000
..\..\..\Desktop\General\noesis\pc_body
  1 3.807407 4.625224 -1.716963 -0.402291 0.825923 0.394986 0.244062 0.090032 1 1 1.000000
  1 3.531114 4.223130 -1.157582 -0.519169 0.854318 -0.024582 0.192914 0.090032 1 1 1.000000
  1 4.418891 4.964931 -1.804502 -0.549659 0.815572 0.180881 0.244062 0.042077 1 1 1.000000
..\..\..\Desktop\General\noesis\pc_body
  1 3.531114 4.223130 -1.157582 -0.519169 0.854318 -0.024582 0.192914 0.090032 1 1 1.000000
  1 4.325908 4.965077 -0.452548 -0.541230 0.806360 -0.238441 0.140342 0.042077 1 1 1.000000
  1 4.418891 4.964931 -1.804502 -0.549659 0.815572 0.180881 0.244062 0.042077 1 1 1.000000
..\..\..\Desktop\General\noesis\pc_body
  1 3.531114 4.223130 -1.157582 -0.519169 0.854318 -0.024582 0.192914 0.090032 1 1 1.000000
  1 3.754155 4.625148 -0.580501 -0.393140 0.818754 -0.418429 0.140342 0.090032 1 1 1.000000
  1 4.325908 4.965077 -0.452548 -0.541230 0.806360 -0.238441 0.140342 0.042077 1 1 1.000000
..\..\..\Desktop\General\noesis\pc_body
  1 4.325908 4.965077 -0.452548 -0.596098 -0.766228 -0.239920 0.140342 0.042077 1 1 1.000000
  1 3.601654 5.753907 -1.172361 -0.588679 -0.807042 -0.046264 0.192914 0.090032 1 1 1.000000
  1 4.418891 4.964931 -1.804502 -0.625744 -0.766030 0.147118 0.244062 0.042077 1 1 1.000000
..\..\..\Desktop\General\noesis\pc_body
  1 3.842177 5.369586 -1.718111 -0.506805 -0.793981 0.335771 0.244062 0.090032 1 1 1.000000
  1 4.418891 4.964931 -1.804502 -0.625744 -0.766030 0.147118 0.244062 0.042077 1 1 1.000000
  1 3.601654 5.753907 -1.172361 -0.588679 -0.807042 -0.046264 0.192914 0.090032 1 1 1.000000
..\..\..\Desktop\General\noesis\pc_body
  1 3.790800 5.334039 -0.579341 -0.446571 -0.791229 -0.417770 0.140342 0.090032 1 1 1.000000
  1 3.601654 5.753907 -1.172361 -0.588679 -0.807042 -0.046264 0.192914 0.090032 1 1 1.000000
  1 4.325908 4.965077 -0.452548 -0.596098 -0.766228 -0.239920 0.140342 0.042077 1 1 1.000000
..\..\..\Desktop\General\noesis\pc_body
  0 7.765587 5.259042 -0.439199 0.776024 0.542798 0.321181 0.525751 0.408020 1 0 1.000000
  0 7.016768 5.063475 -0.187550 -0.170301 0.408350 0.896799 0.525751 0.324962 1 0 1.000000
  0 7.783658 4.596997 -0.466836 0.662218 -0.437040 0.608657 0.568957 0.408020 1 0 1.000000
..\..\..\Desktop\General\noesis\pc_body
  3 -7.044970 5.175290 -1.614308 -0.073873 0.480942 0.873635 0.632243 0.565801 1 3 1.000000
  4 -6.633355 5.403507 -0.995024 -0.115854 0.993266 0.001077 0.603476 0.640327 1 4 1.000000
  4 -6.610793 5.052149 -1.459121 -0.152072 0.024313 0.988070 0.628001 0.640326 1 4 1.000000
..\..\..\Desktop\General\noesis\pc_body
  4 -6.633355 5.403507 -0.995024 -0.115854 0.993266 0.001077 0.603476 0.640327 1 4 1.000000
  3 -7.044970 5.175290 -1.614308 -0.073873 0.480942 0.873635 0.632243 0.565801 1 3 1.000000
  3 -6.979147 5.470280 -1.019271 0.011937 0.999519 0.028620 0.596317 0.576917 1 3 1.000000
..\..\..\Desktop\General\noesis\pc_body
  3 -6.979147 5.470280 -1.019271 0.011937 0.999519 0.028620 0.596317 0.576917 1 3 1.000000
  3 -7.016788 5.063425 -0.187551 -0.170301 0.408351 -0.896798 0.556044 0.600156 1 3 1.000000
  4 -6.633355 5.403507 -0.995024 -0.115854 0.993266 0.001077 0.603476 0.640327 1 4 1.000000
..\..\..\Desktop\General\noesis\pc_body
  3 -6.979147 5.470280 -1.019271 0.011937 0.999519 0.028620 0.596317 0.576917 1 3 1.000000
  3 -7.765615 5.258986 -0.439200 0.776024 0.542798 -0.321181 0.568957 0.474169 1 3 1.000000
  3 -7.016788 5.063425 -0.187551 -0.170301 0.408351 -0.896798 0.556044 0.600156 1 3 1.000000
..\..\..\Desktop\General\noesis\pc_body
  3 -7.044970 5.175290 -1.614308 -0.073873 0.480942 0.873635 0.632243 0.565801 1 3 1.000000
  3 -7.681524 5.147788 -1.472234 0.576916 0.604544 0.549267 0.619599 0.474169 1 3 1.000000
  3 -6.979147 5.470280 -1.019271 0.011937 0.999519 0.028620 0.596317 0.576917 1 3 1.000000
..\..\..\Desktop\General\noesis\pc_body
  3 -7.681524 5.147788 -1.472234 0.576916 0.604544 0.549267 0.619599 0.474169 1 3 1.000000
  3 -7.765615 5.258986 -0.439200 0.776024 0.542798 -0.321181 0.568957 0.474169 1 3 1.000000
  3 -6.979147 5.470280 -1.019271 0.011937 0.999519 0.028620 0.596317 0.576917 1 3 1.000000
..\..\..\Desktop\General\noesis\pc_body
  3 -7.681524 5.147788 -1.472234 0.576916 0.604544 0.549267 0.619599 0.474169 1 3 1.000000
  3 -7.669430 4.609547 -1.460175 0.677225 -0.457913 0.575918 0.619599 0.408020 1 3 1.000000
  3 -7.765615 5.258986 -0.439200 0.776024 0.542798 -0.321181 0.568957 0.474169 1 3 1.000000
..\..\..\Desktop\General\noesis\pc_body
  3 -7.765615 5.258986 -0.439200 0.776024 0.542798 -0.321181 0.568957 0.474169 1 3 1.000000
  3 -7.669430 4.609547 -1.460175 0.677225 -0.457913 0.575918 0.619599 0.408020 1 3 1.000000
  3 -7.783680 4.596941 -0.466835 0.662217 -0.437040 -0.608657 0.568957 0.408020 1 3 1.000000
..\..\..\Desktop\General\noesis\pc_body
  3 -7.783680 4.596941 -0.466835 0.662217 -0.437040 -0.608657 0.568957 0.408020 1 3 1.000000
  3 -7.669430 4.609547 -1.460175 0.677225 -0.457913 0.575918 0.619599 0.408020 1 3 1.000000
  3 -7.146770 4.323534 -0.455349 -0.220710 -0.904352 -0.365288 0.563147 0.331303 1 3 1.000000
..\..\..\Desktop\General\noesis\pc_body
  3 -7.016788 5.063425 -0.187551 -0.170301 0.408351 -0.896798 0.525751 0.324962 1 3 1.000000
  3 -7.783680 4.596941 -0.466835 0.662217 -0.437040 -0.608657 0.568957 0.408020 1 3 1.000000
  3 -7.146770 4.323534 -0.455349 -0.220710 -0.904352 -0.365288 0.563147 0.331303 1 3 1.000000
..\..\..\Desktop\General\noesis\pc_body
  3 -7.016788 5.063425 -0.187551 -0.170301 0.408351 -0.896798 0.525751 0.324962 1 3 1.000000
  3 -7.146770 4.323534 -0.455349 -0.220710 -0.904352 -0.365288 0.563147 0.331303 1 3 1.000000
  4 -6.567173 5.064431 -0.555948 -0.290521 -0.023591 -0.956578 0.540950 0.256113 1 4 1.000000
..\..\..\Desktop\General\noesis\pc_body
  4 -6.567173 5.064431 -0.555948 -0.290521 -0.023591 -0.956578 0.540950 0.256113 1 4 1.000000
  3 -7.146770 4.323534 -0.455349 -0.220710 -0.904352 -0.365288 0.563147 0.331303 1 3 1.000000
  4 -6.586949 4.611103 -1.012660 -0.226578 -0.972714 0.049904 0.592818 0.256113 1 4 1.000000
..\..\..\Desktop\General\noesis\pc_body
  3 -7.146770 4.323534 -0.455349 -0.220710 -0.904352 -0.365288 0.563147 0.331303 1 3 1.000000
  3 -7.669430 4.609547 -1.460175 0.677225 -0.457913 0.575918 0.619599 0.408020 1 3 1.000000
  3 -7.070176 4.599624 -1.586762 -0.246195 -0.633350 0.733660 0.623861 0.311706 1 3 1.000000
..\..\..\Desktop\General\noesis\pc_body
  4 -6.586949 4.611103 -1.012660 -0.226578 -0.972714 0.049904 0.592818 0.256113 1 4 1.000000
  3 -7.146770 4.323534 -0.455349 -0.220710 -0.904352 -0.365288 0.563147 0.331303 1 3 1.000000
  3 -7.070176 4.599624 -1.586762 -0.246195 -0.633350 0.733660 0.623861 0.311706 1 3 1.000000
..\..\..\Desktop\General\noesis\pc_body
  3 -7.070176 4.599624 -1.586762 -0.246195 -0.633350 0.733660 0.623861 0.311706 1 3 1.000000
  4 -6.610793 5.052149 -1.459121 -0.152072 0.024313 0.988070 0.644052 0.256113 1 4 1.000000
  4 -6.586949 4.611103 -1.012660 -0.226578 -0.972714 0.049904 0.592818 0.256113 1 4 1.000000
..\..\..\Desktop\General\noesis\pc_body
  3 -7.669430 4.609547 -1.460175 0.677225 -0.457913 0.575918 0.619599 0.408020 1 3 1.000000
  3 -7.044970 5.175290 -1.614308 -0.073873 0.480942 0.873635 0.649888 0.311963 1 3 1.000000
  3 -7.070176 4.599624 -1.586762 -0.246195 -0.633350 0.733660 0.623861 0.311706 1 3 1.000000
..\..\..\Desktop\General\noesis\pc_body
  3 -7.070176 4.599624 -1.586762 -0.246195 -0.633350 0.733660 0.623861 0.311706 1 3 1.000000
  3 -7.044970 5.175290 -1.614308 -0.073873 0.480942 0.873635 0.649888 0.311963 1 3 1.000000
  4 -6.610793 5.052149 -1.459121 -0.152072 0.024313 0.988070 0.644052 0.256113 1 4 1.000000
..\..\..\Desktop\General\noesis\pc_body
  3 -7.669430 4.609547 -1.460175 0.677225 -0.457913 0.575918 0.619599 0.408020 1 3 1.000000
  3 -7.681524 5.147788 -1.472234 0.576916 0.604544 0.549267 0.649961 0.408020 1 3 1.000000
  3 -7.044970 5.175290 -1.614308 -0.073873 0.480942 0.873635 0.649888 0.311963 1 3 1.000000
..\..\..\Desktop\General\noesis\pc_body
  4 -6.633355 5.403507 -0.995024 -0.115854 0.993266 0.001077 0.603476 0.640327 1 4 1.000000
  3 -7.016788 5.063425 -0.187551 -0.170301 0.408351 -0.896798 0.556044 0.600156 1 3 1.000000
  4 -6.567173 5.064431 -0.555948 -0.290521 -0.023591 -0.956578 0.584112 0.640327 1 4 1.000000
..\..\..\Desktop\General\noesis\pc_body
  4 -3.790825 5.334012 -0.579342 0.055429 0.680577 -0.730577 0.510333 0.173579 1 4 1.000000
  4 -6.633355 5.403507 -0.995024 -0.115854 0.993266 0.001077 0.692884 0.144338 1 4 1.000000
  4 -6.567173 5.064431 -0.555948 -0.290521 -0.023591 -0.956578 0.692884 0.085082 1 4 1.000000
..\..\..\Desktop\General\noesis\pc_body
  4 -3.790825 5.334012 -0.579342 0.055429 0.680577 -0.730577 0.510333 0.173579 1 4 1.000000
  4 -3.601682 5.753880 -1.172363 0.113721 0.993343 -0.018342 0.510333 0.245508 1 4 1.000000
  4 -6.633355 5.403507 -0.995024 -0.115854 0.993266 0.001077 0.692884 0.144338 1 4 1.000000
..\..\..\Desktop\General\noesis\pc_body
  4 -3.601682 5.753880 -1.172363 0.113721 0.993343 -0.018342 0.510333 0.245508 1 4 1.000000
  4 -3.842202 5.369555 -1.718112 0.139397 0.691710 0.708595 0.510333 0.173579 1 4 1.000000
  4 -6.633355 5.403507 -0.995024 -0.115854 0.993266 0.001077 0.692884 0.144338 1 4 1.000000
..\..\..\Desktop\General\noesis\pc_body
  4 -6.633355 5.403507 -0.995024 -0.115854 0.993266 0.001077 0.692884 0.144338 1 4 1.000000
  4 -3.842202 5.369555 -1.718112 0.139397 0.691710 0.708595 0.510333 0.173579 1 4 1.000000
  4 -6.610793 5.052149 -1.459121 -0.152072 0.024313 0.988070 0.692884 0.085082 1 4 1.000000
..\..\..\Desktop\General\noesis\pc_body
  4 -4.418913 4.964896 -1.804502 0.157868 -0.065682 0.985273 0.540086 0.119357 1 4 1.000000
  4 -6.610793 5.052149 -1.459121 -0.152072 0.024313 0.988070 0.692884 0.085082 1 4 1.000000
  4 -3.842202 5.369555 -1.718112 0.139397 0.691710 0.708595 0.510333 0.173579 1 4 1.000000
..\..\..\Desktop\General\noesis\pc_body
  4 -3.807426 4.625194 -1.716962 0.154973 -0.691978 0.705089 0.504587 0.089980 1 4 1.000000
  4 -6.610793 5.052149 -1.459121 -0.152072 0.024313 0.988070 0.692884 0.085082 1 4 1.000000
  4 -4.418913 4.964896 -1.804502 0.157868 -0.065682 0.985273 0.540086 0.119357 1 4 1.000000
..\..\..\Desktop\General\noesis\pc_body
  4 -3.807426 4.625194 -1.716962 0.154973 -0.691978 0.705089 0.504587 0.089980 1 4 1.000000
  4 -6.586949 4.611103 -1.012660 -0.226578 -0.972714 0.049904 0.692884 0.022397 1 4 1.000000
  4 -6.610793 5.052149 -1.459121 -0.152072 0.024313 0.988070 0.692884 0.085082 1 4 1.000000
..\..\..\Desktop\General\noesis\pc_body
  4 -3.531130 4.223103 -1.157580 0.125577 -0.992050 -0.008255 0.504587 0.022397 1 4 1.000000
  4 -6.586949 4.611103 -1.012660 -0.226578 -0.972714 0.049904 0.692884 0.022397 1 4 1.000000
  4 -3.807426 4.625194 -1.716962 0.154973 -0.691978 0.705089 0.504587 0.089980 1 4 1.000000
..\..\..\Desktop\General\noesis\pc_body
  4 -6.586949 4.611103 -1.012660 -0.226578 -0.972714 0.049904 0.692884 0.022397 1 4 1.000000
  4 -3.754174 4.625121 -0.580500 0.083400 -0.674566 -0.733488 0.504587 0.089980 1 4 1.000000
  4 -6.567173 5.064431 -0.555948 -0.290521 -0.023591 -0.956578 0.692884 0.085082 1 4 1.000000
..\..\..\Desktop\General\noesis\pc_body
  4 -3.531130 4.223103 -1.157580 0.125577 -0.992050 -0.008255 0.504587 0.022397 1 4 1.000000
  4 -3.754174 4.625121 -0.580500 0.083400 -0.674566 -0.733488 0.504587 0.089980 1 4 1.000000
  4 -6.586949 4.611103 -1.012660 -0.226578 -0.972714 0.049904 0.692884 0.022397 1 4 1.000000
..\..\..\Desktop\General\noesis\pc_body
  4 -4.325930 4.965046 -0.452548 0.047971 -0.043585 -0.997897 0.540086 0.119357 1 4 1.000000
  4 -6.567173 5.064431 -0.555948 -0.290521 -0.023591 -0.956578 0.692884 0.085082 1 4 1.000000
  4 -3.754174 4.625121 -0.580500 0.083400 -0.674566 -0.733488 0.504587 0.089980 1 4 1.000000
..\..\..\Desktop\General\noesis\pc_body
  4 -3.790825 5.334012 -0.579342 0.055429 0.680577 -0.730577 0.510333 0.173579 1 4 1.000000
  4 -6.567173 5.064431 -0.555948 -0.290521 -0.023591 -0.956578 0.692884 0.085082 1 4 1.000000
  4 -4.325930 4.965046 -0.452548 0.047971 -0.043585 -0.997897 0.540086 0.119357 1 4 1.000000
..\..\..\Desktop\General\noesis\pc_body
  4 -3.807426 4.625194 -1.716962 -0.402291 0.825923 -0.394986 0.244062 0.090032 1 4 1.000000
  4 -4.418913 4.964896 -1.804502 -0.549659 0.815572 -0.180881 0.244062 0.042077 1 4 1.000000
  4 -3.531130 4.223103 -1.157580 -0.519169 0.854318 0.024582 0.192914 0.090032 1 4 1.000000
..\..\..\Desktop\General\noesis\pc_body
  4 -3.531130 4.223103 -1.157580 -0.519169 0.854318 0.024582 0.192914 0.090032 1 4 1.000000
  4 -4.418913 4.964896 -1.804502 -0.549659 0.815572 -0.180881 0.244062 0.042077 1 4 1.000000
  4 -4.325930 4.965046 -0.452548 -0.541230 0.806360 0.238440 0.140342 0.042077 1 4 1.000000
..\..\..\Desktop\General\noesis\pc_body
  4 -3.531130 4.223103 -1.157580 -0.519169 0.854318 0.024582 0.192914 0.090032 1 4 1.000000
  4 -4.325930 4.965046 -0.452548 -0.541230 0.806360 0.238440 0.140342 0.042077 1 4 1.000000
  4 -3.754174 4.625121 -0.580500 -0.393140 0.818755 0.418428 0.140342 0.090032 1 4 1.000000
..\..\..\Desktop\General\noesis\pc_body
  4 -4.325930 4.965046 -0.452548 -0.596098 -0.766228 0.239920 0.140342 0.042077 1 4 1.000000
  4 -4.418913 4.964896 -1.804502 -0.625744 -0.766030 -0.147118 0.244062 0.042077 1 4 1.000000
  4 -3.601682 5.753880 -1.172363 -0.588679 -0.807042 0.046264 0.192914 0.090032 1 4 1.000000
..\..\..\Desktop\General\noesis\pc_body
  4 -3.842202 5.369555 -1.718112 -0.506805 -0.793982 -0.335771 0.244062 0.090032 1 4 1.000000
  4 -3.601682 5.753880 -1.172363 -0.588679 -0.807042 0.046264 0.192914 0.090032 1 4 1.000000
  4 -4.418913 4.964896 -1.804502 -0.625744 -0.766030 -0.147118 0.244062 0.042077 1 4 1.000000
..\..\..\Desktop\General\noesis\pc_body
  4 -3.790825 5.334012 -0.579342 -0.446571 -0.791229 0.417769 0.140342 0.090032 1 4 1.000000
  4 -4.325930 4.965046 -0.452548 -0.596098 -0.766228 0.239920 0.140342 0.042077 1 4 1.000000
  4 -3.601682 5.753880 -1.172363 -0.588679 -0.807042 0.046264 0.192914 0.090032 1 4 1.000000
..\..\..\Desktop\General\noesis\pc_body
  3 -7.765615 5.258986 -0.439200 0.776024 0.542798 -0.321181 0.525751 0.408020 1 3 1.000000
  3 -7.783680 4.596941 -0.466835 0.662217 -0.437040 -0.608657 0.568957 0.408020 1 3 1.000000
  3 -7.016788 5.063425 -0.187551 -0.170301 0.408351 -0.896798 0.525751 0.324962 1 3 1.000000
..\..\..\Desktop\General\noesis\pc_body
  5 -1.902752 5.066715 0.113665 0.000000 -0.000000 -1.000000 0.414285 0.275065 1 5 1.000000
  5 -0.957299 5.066720 -0.277959 -0.699990 -0.000000 -0.714153 0.414285 0.148596 1 5 1.000000
  5 -1.902759 6.012165 -0.277961 -0.000000 0.707107 -0.707107 0.372611 0.275065 1 5 1.000000
..\..\..\Desktop\General\noesis\pc_body
  5 -1.902752 5.066715 0.113665 0.000000 -0.000000 -1.000000 0.414285 0.275065 1 5 1.000000
  5 -1.902759 6.012165 -0.277961 -0.000000 0.707107 -0.707107 0.372611 0.275065 1 5 1.000000
  5 -2.848207 5.066706 -0.277959 0.699990 0.000000 -0.714153 0.414285 0.401849 1 5 1.000000
..\..\..\Desktop\General\noesis\pc_body
  5 -1.902752 5.066715 0.113665 0.000000 -0.000000 -1.000000 0.414285 0.275065 1 5 1.000000
  5 -2.848207 5.066706 -0.277959 0.699990 0.000000 -0.714153 0.414285 0.401849 1 5 1.000000
  5 -1.902745 4.121259 -0.277956 0.000000 -0.707107 -0.707107 0.455958 0.275065 1 5 1.000000
..\..\..\Desktop\General\noesis\pc_body
  5 -1.902752 5.066715 0.113665 0.000000 -0.000000 -1.000000 0.414285 0.275065 1 5 1.000000
  5 -1.902745 4.121259 -0.277956 0.000000 -0.707107 -0.707107 0.455958 0.275065 1 5 1.000000
  5 -0.957299 5.066720 -0.277959 -0.699990 -0.000000 -0.714153 0.414285 0.148596 1 5 1.000000
..\..\..\Desktop\General\noesis\pc_body
  5 -1.902745 4.121259 -0.277956 0.000000 -0.707107 -0.707107 0.455958 0.275065 1 5 1.000000
  5 -0.957292 4.121264 -1.223409 -0.707107 -0.707107 -0.000000 0.495204 0.148596 1 5 1.000000
  5 -0.957299 5.066720 -0.277959 -0.699990 -0.000000 -0.714153 0.414285 0.148596 1 5 1.000000
..\..\..\Desktop\General\noesis\pc_body
  5 -1.902745 4.121259 -0.277956 0.000000 -0.707107 -0.707107 0.455958 0.275065 1 5 1.000000
  5 -1.902742 3.729633 -1.223408 0.000000 -1.000000 -0.000000 0.495204 0.275065 1 5 1.000000
  5 -0.957292 4.121264 -1.223409 -0.707107 -0.707107 -0.000000 0.495204 0.148596 1 5 1.000000
..\..\..\Desktop\General\noesis\pc_body
  5 -1.902745 4.121259 -0.277956 0.000000 -0.707107 -0.707107 0.455958 0.275065 1 5 1.000000
  5 -2.848200 4.121250 -1.223409 0.802156 -0.597114 -0.000000 0.495204 0.401849 1 5 1.000000
  5 -1.902742 3.729633 -1.223408 0.000000 -1.000000 -0.000000 0.495204 0.275065 1 5 1.000000
..\..\..\Desktop\General\noesis\pc_body
  5 -2.848207 5.066706 -0.277959 0.699990 0.000000 -0.714153 0.414285 0.401849 1 5 1.000000
  5 -2.848200 4.121250 -1.223409 0.802156 -0.597114 -0.000000 0.495204 0.401849 1 5 1.000000
  5 -1.902745 4.121259 -0.277956 0.000000 -0.707107 -0.707107 0.455958 0.275065 1 5 1.000000
..\..\..\Desktop\General\noesis\pc_body
  5 -1.902759 6.012165 -0.277961 -0.000000 0.707107 -0.707107 0.372611 0.275065 1 5 1.000000
  5 -2.848214 6.012156 -1.223414 0.802156 0.597114 0.000000 0.334579 0.401849 1 5 1.000000
  5 -2.848207 5.066706 -0.277959 0.699990 0.000000 -0.714153 0.414285 0.401849 1 5 1.000000
..\..\..\Desktop\General\noesis\pc_body
  5 -1.902759 6.012165 -0.277961 -0.000000 0.707107 -0.707107 0.372611 0.275065 1 5 1.000000
  5 -1.902762 6.403783 -1.223415 -0.000000 1.000000 0.000000 0.334579 0.275065 1 5 1.000000
  5 -2.848214 6.012156 -1.223414 0.802156 0.597114 0.000000 0.334579 0.401849 1 5 1.000000
..\..\..\Desktop\General\noesis\pc_body
  5 -1.902759 6.012165 -0.277961 -0.000000 0.707107 -0.707107 0.372611 0.275065 1 5 1.000000
  5 -0.957306 6.012170 -1.223414 -0.707107 0.707107 0.000000 0.334579 0.148596 1 5 1.000000
  5 -1.902762 6.403783 -1.223415 -0.000000 1.000000 0.000000 0.334579 0.275065 1 5 1.000000
..\..\..\Desktop\General\noesis\pc_body
  5 -0.957299 5.066720 -0.277959 -0.699990 -0.000000 -0.714153 0.414285 0.148596 1 5 1.000000
  5 -0.957306 6.012170 -1.223414 -0.707107 0.707107 0.000000 0.334579 0.148596 1 5 1.000000
  5 -1.902759 6.012165 -0.277961 -0.000000 0.707107 -0.707107 0.372611 0.275065 1 5 1.000000
..\..\..\Desktop\General\noesis\pc_body
  5 -0.957299 5.066720 -0.277959 -0.699990 -0.000000 -0.714153 0.414285 0.148596 1 5 1.000000
  5 -0.565683 5.066720 -1.223411 -1.000000 -0.000000 0.000000 0.334579 0.022349 1 5 1.000000
  5 -0.957306 6.012170 -1.223414 -0.707107 0.707107 0.000000 0.334579 0.148596 1 5 1.000000
..\..\..\Desktop\General\noesis\pc_body
  5 -0.957299 5.066720 -0.277959 -0.699990 -0.000000 -0.714153 0.414285 0.148596 1 5 1.000000
  5 -0.957292 4.121264 -1.223409 -0.707107 -0.707107 -0.000000 0.495204 0.148596 1 5 1.000000
  5 -0.565683 5.066720 -1.223411 -1.000000 -0.000000 0.000000 0.334579 0.022349 1 5 1.000000
..\..\..\Desktop\General\noesis\pc_body
  5 -0.957299 5.066715 -2.168865 -0.707107 -0.000000 0.707107 0.414285 0.148596 1 5 1.000000
  5 -0.565683 5.066720 -1.223411 -1.000000 -0.000000 0.000000 0.334579 0.022349 1 5 1.000000
  5 -0.957292 4.121264 -1.223409 -0.707107 -0.707107 -0.000000 0.495204 0.148596 1 5 1.000000
..\..\..\Desktop\General\noesis\pc_body
  5 -0.957299 5.066715 -2.168865 -0.707107 -0.000000 0.707107 0.414285 0.148596 1 5 1.000000
  5 -0.957306 6.012170 -1.223414 -0.707107 0.707107 0.000000 0.334579 0.148596 1 5 1.000000
  5 -0.565683 5.066720 -1.223411 -1.000000 -0.000000 0.000000 0.334579 0.022349 1 5 1.000000
..\..\..\Desktop\General\noesis\pc_body
  5 -1.902759 6.012160 -2.168868 -0.000000 0.707107 0.707107 0.372611 0.275065 1 5 1.000000
  5 -2.848214 6.012156 -1.223414 0.802156 0.597114 0.000000 0.334579 0.401849 1 5 1.000000
  5 -1.902762 6.403783 -1.223415 -0.000000 1.000000 0.000000 0.334579 0.275065 1 5 1.000000
..\..\..\Desktop\General\noesis\pc_body
  5 -1.902759 6.012160 -2.168868 -0.000000 0.707107 0.707107 0.372611 0.275065 1 5 1.000000
  5 -0.957306 6.012170 -1.223414 -0.707107 0.707107 0.000000 0.334579 0.148596 1 5 1.000000
  5 -0.957299 5.066715 -2.168865 -0.707107 -0.000000 0.707107 0.414285 0.148596 1 5 1.000000
..\..\..\Desktop\General\noesis\pc_body
  5 -1.902759 6.012160 -2.168868 -0.000000 0.707107 0.707107 0.372611 0.275065 1 5 1.000000
  5 -1.902762 6.403783 -1.223415 -0.000000 1.000000 0.000000 0.334579 0.275065 1 5 1.000000
  5 -0.957306 6.012170 -1.223414 -0.707107 0.707107 0.000000 0.334579 0.148596 1 5 1.000000
..\..\..\Desktop\General\noesis\pc_body
  5 -1.902752 5.066707 -2.560485 -0.000000 0.000000 1.000000 0.414285 0.275065 1 5 1.000000
  5 -1.902759 6.012160 -2.168868 -0.000000 0.707107 0.707107 0.372611 0.275065 1 5 1.000000
  5 -0.957299 5.066715 -2.168865 -0.707107 -0.000000 0.707107 0.414285 0.148596 1 5 1.000000
..\..\..\Desktop\General\noesis\pc_body
  5 -2.848207 5.066701 -2.168865 0.705765 0.000000 0.708446 0.414285 0.401849 1 5 1.000000
  5 -2.848214 6.012156 -1.223414 0.802156 0.597114 0.000000 0.334579 0.401849 1 5 1.000000
  5 -1.902759 6.012160 -2.168868 -0.000000 0.707107 0.707107 0.372611 0.275065 1 5 1.000000
..\..\..\Desktop\General\noesis\pc_body
  5 -1.902752 5.066707 -2.560485 -0.000000 0.000000 1.000000 0.414285 0.275065 1 5 1.000000
  5 -2.848207 5.066701 -2.168865 0.705765 0.000000 0.708446 0.414285 0.401849 1 5 1.000000
  5 -1.902759 6.012160 -2.168868 -0.000000 0.707107 0.707107 0.372611 0.275065 1 5 1.000000
..\..\..\Desktop\General\noesis\pc_body
  5 -1.902745 4.121254 -2.168863 0.000000 -0.707107 0.707107 0.455958 0.275065 1 5 1.000000
  5 -1.902742 3.729633 -1.223408 0.000000 -1.000000 -0.000000 0.495204 0.275065 1 5 1.000000
  5 -2.848200 4.121250 -1.223409 0.802156 -0.597114 -0.000000 0.495204 0.401849 1 5 1.000000
..\..\..\Desktop\General\noesis\pc_body
  5 -1.902745 4.121254 -2.168863 0.000000 -0.707107 0.707107 0.455958 0.275065 1 5 1.000000
  5 -2.848200 4.121250 -1.223409 0.802156 -0.597114 -0.000000 0.495204 0.401849 1 5 1.000000
  5 -2.848207 5.066701 -2.168865 0.705765 0.000000 0.708446 0.414285 0.401849 1 5 1.000000
..\..\..\Desktop\General\noesis\pc_body
  5 -0.957299 5.066715 -2.168865 -0.707107 -0.000000 0.707107 0.414285 0.148596 1 5 1.000000
  5 -0.957292 4.121264 -1.223409 -0.707107 -0.707107 -0.000000 0.495204 0.148596 1 5 1.000000
  5 -1.902745 4.121254 -2.168863 0.000000 -0.707107 0.707107 0.455958 0.275065 1 5 1.000000
..\..\..\Desktop\General\noesis\pc_body
  5 -1.902752 5.066707 -2.560485 -0.000000 0.000000 1.000000 0.414285 0.275065 1 5 1.000000
  5 -0.957299 5.066715 -2.168865 -0.707107 -0.000000 0.707107 0.414285 0.148596 1 5 1.000000
  5 -1.902745 4.121254 -2.168863 0.000000 -0.707107 0.707107 0.455958 0.275065 1 5 1.000000
..\..\..\Desktop\General\noesis\pc_body
  5 -1.902752 5.066707 -2.560485 -0.000000 0.000000 1.000000 0.414285 0.275065 1 5 1.000000
  5 -1.902745 4.121254 -2.168863 0.000000 -0.707107 0.707107 0.455958 0.275065 1 5 1.000000
  5 -2.848207 5.066701 -2.168865 0.705765 0.000000 0.708446 0.414285 0.401849 1 5 1.000000
..\..\..\Desktop\General\noesis\pc_body
  5 -1.902745 4.121254 -2.168863 0.000000 -0.707107 0.707107 0.455958 0.275065 1 5 1.000000
  5 -0.957292 4.121264 -1.223409 -0.707107 -0.707107 -0.000000 0.495204 0.148596 1 5 1.000000
  5 -1.902742 3.729633 -1.223408 0.000000 -1.000000 -0.000000 0.495204 0.275065 1 5 1.000000
..\..\..\Desktop\General\noesis\pc_body
  5 -2.848207 5.066701 -2.168865 0.705765 0.000000 0.708446 0.737144 0.674140 1 5 1.000000
  5 -2.848200 4.121250 -1.223409 0.802156 -0.597114 -0.000000 0.793585 0.561258 1 5 1.000000
  5 -2.848214 6.012156 -1.223414 0.802156 0.597114 0.000000 0.680703 0.561258 1 5 1.000000
..\..\..\Desktop\General\noesis\pc_body
  5 -2.848214 6.012156 -1.223414 0.802156 0.597114 0.000000 0.680703 0.561258 1 5 1.000000
  5 -2.848200 4.121250 -1.223409 0.802156 -0.597114 -0.000000 0.793585 0.561258 1 5 1.000000
  5 -2.848207 5.066706 -0.277959 0.699990 0.000000 -0.714153 0.737144 0.674140 1 5 1.000000
..\..\..\Desktop\General\noesis\pc_body
  5 -2.728100 5.049144 -0.663256 0.042078 0.047098 -0.998004 0.014253 0.078540 1 5 1.000000
  5 -4.366722 4.966735 -0.728454 0.260286 0.014285 -0.965426 0.092080 0.078540 1 5 1.000000
  5 -2.718149 4.471643 -1.175697 0.008935 -0.998946 -0.045025 0.014253 0.118259 1 5 1.000000
..\..\..\Desktop\General\noesis\pc_body
  5 -2.726325 5.543038 -1.194568 0.086079 0.995787 -0.031610 0.014253 0.037523 1 5 1.000000
  5 -4.366722 4.966735 -0.728454 0.260286 0.014285 -0.965426 0.092080 0.078540 1 5 1.000000
  5 -2.728100 5.049144 -0.663256 0.042078 0.047098 -0.998004 0.014253 0.078540 1 5 1.000000
..\..\..\Desktop\General\noesis\pc_body
  5 -4.311466 5.442215 -1.132546 0.420101 0.905498 -0.059910 0.097290 0.037523 1 5 1.000000
  5 -4.366722 4.966735 -0.728454 0.260286 0.014285 -0.965426 0.092080 0.078540 1 5 1.000000
  5 -2.726325 5.543038 -1.194568 0.086079 0.995787 -0.031610 0.014253 0.037523 1 5 1.000000
..\..\..\Desktop\General\noesis\pc_body
  5 -2.726325 5.543038 -1.194568 0.086079 0.995787 -0.031610 0.014253 0.037523 1 5 1.000000
  5 -4.447082 4.956867 -1.612664 0.340900 0.001939 0.940098 0.092080 0.078540 1 5 1.000000
  5 -4.311466 5.442215 -1.132546 0.420101 0.905498 -0.059910 0.097290 0.037523 1 5 1.000000
..\..\..\Desktop\General\noesis\pc_body
  5 -2.718149 4.471643 -1.175697 0.008935 -0.998946 -0.045025 0.014253 0.118259 1 5 1.000000
  5 -4.447082 4.956867 -1.612664 0.340900 0.001939 0.940098 0.092080 0.078540 1 5 1.000000
  5 -2.764735 5.043908 -1.765077 0.091488 0.025156 0.995488 0.014253 0.078540 1 5 1.000000
..\..\..\Desktop\General\noesis\pc_body
  5 -2.764735 5.043908 -1.765077 0.091488 0.025156 0.995488 0.014253 0.078540 1 5 1.000000
  5 -4.447082 4.956867 -1.612664 0.340900 0.001939 0.940098 0.092080 0.078540 1 5 1.000000
  5 -2.726325 5.543038 -1.194568 0.086079 0.995787 -0.031610 0.014253 0.037523 1 5 1.000000
..\..\..\Desktop\General\noesis\pc_body
  5 -2.718149 4.471643 -1.175697 0.008935 -0.998946 -0.045025 0.014253 0.118259 1 5 1.000000
  5 -4.366722 4.966735 -0.728454 0.260286 0.014285 -0.965426 0.092080 0.078540 1 5 1.000000
  5 -4.271528 4.476376 -1.132544 0.382372 -0.921396 -0.069430 0.097290 0.118258 1 5 1.000000
..\..\..\Desktop\General\noesis\pc_body
  5 -4.271528 4.476376 -1.132544 0.382372 -0.921396 -0.069430 0.097290 0.118258 1 5 1.000000
  5 -4.447082 4.956867 -1.612664 0.340900 0.001939 0.940098 0.092080 0.078540 1 5 1.000000
  5 -2.718149 4.471643 -1.175697 0.008935 -0.998946 -0.045025 0.014253 0.118259 1 5 1.000000
..\..\..\Desktop\General\noesis\pc_body
  5 -4.447082 4.956867 -1.612664 0.340900 0.001939 0.940098 0.092080 0.078540 1 5 1.000000
  5 -4.271528 4.476376 -1.132544 0.382372 -0.921396 -0.069430 0.097290 0.118258 1 5 1.000000
  5 -4.843592 4.960545 -1.151552 0.994068 -0.021520 -0.106606 0.119992 0.078540 1 5 1.000000
..\..\..\Desktop\General\noesis\pc_body
  5 -4.311466 5.442215 -1.132546 0.420101 0.905498 -0.059910 0.097290 0.037523 1 5 1.000000
  5 -4.447082 4.956867 -1.612664 0.340900 0.001939 0.940098 0.092080 0.078540 1 5 1.000000
  5 -4.843592 4.960545 -1.151552 0.994068 -0.021520 -0.106606 0.119992 0.078540 1 5 1.000000
..\..\..\Desktop\General\noesis\pc_body
  5 -4.366722 4.966735 -0.728454 0.260286 0.014285 -0.965426 0.092080 0.078540 1 5 1.000000
  5 -4.311466 5.442215 -1.132546 0.420101 0.905498 -0.059910 0.097290 0.037523 1 5 1.000000
  5 -4.843592 4.960545 -1.151552 0.994068 -0.021520 -0.106606 0.119992 0.078540 1 5 1.000000
..\..\..\Desktop\General\noesis\pc_body
  5 -4.271528 4.476376 -1.132544 0.382372 -0.921396 -0.069430 0.097290 0.118258 1 5 1.000000
  5 -4.366722 4.966735 -0.728454 0.260286 0.014285 -0.965426 0.092080 0.078540 1 5 1.000000
  5 -4.843592 4.960545 -1.151552 0.994068 -0.021520 -0.106606 0.119992 0.078540 1 5 1.000000
..\..\..\Desktop\General\noesis\pc_body
  2 2.728070 5.049162 -0.663255 0.042078 0.047098 0.998004 0.014253 0.078540 1 2 1.000000
  2 2.718122 4.471663 -1.175699 0.008935 -0.998946 0.045025 0.014253 0.118259 1 2 1.000000
  2 4.366697 4.966766 -0.728454 0.260286 0.014285 0.965426 0.092080 0.078540 1 2 1.000000
..\..\..\Desktop\General\noesis\pc_body
  2 2.726293 5.543058 -1.194568 0.086079 0.995787 0.031610 0.014253 0.037523 1 2 1.000000
  2 2.728070 5.049162 -0.663255 0.042078 0.047098 0.998004 0.014253 0.078540 1 2 1.000000
  2 4.366697 4.966766 -0.728454 0.260286 0.014285 0.965426 0.092080 0.078540 1 2 1.000000
..\..\..\Desktop\General\noesis\pc_body
  2 4.311438 5.442247 -1.132545 0.420101 0.905498 0.059910 0.097290 0.037523 1 2 1.000000
  2 2.726293 5.543058 -1.194568 0.086079 0.995787 0.031610 0.014253 0.037523 1 2 1.000000
  2 4.366697 4.966766 -0.728454 0.260286 0.014285 0.965426 0.092080 0.078540 1 2 1.000000
..\..\..\Desktop\General\noesis\pc_body
  2 2.726293 5.543058 -1.194568 0.086079 0.995787 0.031610 0.014253 0.037523 1 2 1.000000
  2 4.311438 5.442247 -1.132545 0.420101 0.905498 0.059910 0.097290 0.037523 1 2 1.000000
  2 4.447048 4.956901 -1.612664 0.340900 0.001939 -0.940098 0.092080 0.078540 1 2 1.000000
..\..\..\Desktop\General\noesis\pc_body
  2 2.764705 5.043930 -1.765077 0.091488 0.025156 -0.995488 0.014253 0.078540 1 2 1.000000
  2 2.726293 5.543058 -1.194568 0.086079 0.995787 0.031610 0.014253 0.037523 1 2 1.000000
  2 4.447048 4.956901 -1.612664 0.340900 0.001939 -0.940098 0.092080 0.078540 1 2 1.000000
..\..\..\Desktop\General\noesis\pc_body
  2 2.718122 4.471663 -1.175699 0.008935 -0.998946 0.045025 0.014253 0.118259 1 2 1.000000
  2 2.764705 5.043930 -1.765077 0.091488 0.025156 -0.995488 0.014253 0.078540 1 2 1.000000
  2 4.447048 4.956901 -1.612664 0.340900 0.001939 -0.940098 0.092080 0.078540 1 2 1.000000
..\..\..\Desktop\General\noesis\pc_body
  2 4.271498 4.476407 -1.132545 0.382372 -0.921396 0.069430 0.097290 0.118258 1 2 1.000000
  2 2.718122 4.471663 -1.175699 0.008935 -0.998946 0.045025 0.014253 0.118259 1 2 1.000000
  2 4.447048 4.956901 -1.612664 0.340900 0.001939 -0.940098 0.092080 0.078540 1 2 1.000000
..\..\..\Desktop\General\noesis\pc_body
  2 2.718122 4.471663 -1.175699 0.008935 -0.998946 0.045025 0.014253 0.118259 1 2 1.000000
  2 4.271498 4.476407 -1.132545 0.382372 -0.921396 0.069430 0.097290 0.118258 1 2 1.000000
  2 4.366697 4.966766 -0.728454 0.260286 0.014285 0.965426 0.092080 0.078540 1 2 1.000000
..\..\..\Desktop\General\noesis\pc_body
  2 4.447048 4.956901 -1.612664 0.340900 0.001939 -0.940098 0.092080 0.078540 1 2 1.000000
  2 4.843556 4.960580 -1.151552 0.994068 -0.021521 0.106606 0.119992 0.078540 1 2 1.000000
  2 4.271498 4.476407 -1.132545 0.382372 -0.921396 0.069430 0.097290 0.118258 1 2 1.000000
..\..\..\Desktop\General\noesis\pc_body
  2 4.311438 5.442247 -1.132545 0.420101 0.905498 0.059910 0.097290 0.037523 1 2 1.000000
  2 4.843556 4.960580 -1.151552 0.994068 -0.021521 0.106606 0.119992 0.078540 1 2 1.000000
  2 4.447048 4.956901 -1.612664 0.340900 0.001939 -0.940098 0.092080 0.078540 1 2 1.000000
..\..\..\Desktop\General\noesis\pc_body
  2 4.366697 4.966766 -0.728454 0.260286 0.014285 0.965426 0.092080 0.078540 1 2 1.000000
  2 4.843556 4.960580 -1.151552 0.994068 -0.021521 0.106606 0.119992 0.078540 1 2 1.000000
  2 4.311438 5.442247 -1.132545 0.420101 0.905498 0.059910 0.097290 0.037523 1 2 1.000000
..\..\..\Desktop\General\noesis\pc_body
  2 4.271498 4.476407 -1.132545 0.382372 -0.921396 0.069430 0.097290 0.118258 1 2 1.000000
  2 4.843556 4.960580 -1.151552 0.994068 -0.021521 0.106606 0.119992 0.078540 1 2 1.000000
  2 4.366697 4.966766 -0.728454 0.260286 0.014285 0.965426 0.092080 0.078540 1 2 1.000000
..\..\..\Desktop\General\noesis\pc_body
  2 1.902722 5.066725 0.113665 0.000000 0.000000 1.000000 0.414285 0.275065 1 2 1.000000
  2 1.902722 6.012177 -0.277958 0.000000 0.707107 0.707107 0.372611 0.275065 1 2 1.000000
  2 0.957269 5.066725 -0.277958 -0.707107 0.000000 0.707107 0.414285 0.148596 1 2 1.000000
..\..\..\Desktop\General\noesis\pc_body
  2 1.902722 5.066725 0.113665 0.000000 0.000000 1.000000 0.414285 0.275065 1 2 1.000000
  2 2.848176 5.066725 -0.277958 0.705765 0.000000 0.708446 0.414285 0.401849 1 2 1.000000
  2 1.902722 6.012177 -0.277958 0.000000 0.707107 0.707107 0.372611 0.275065 1 2 1.000000
..\..\..\Desktop\General\noesis\pc_body
  2 1.902722 5.066725 0.113665 0.000000 0.000000 1.000000 0.414285 0.275065 1 2 1.000000
  2 1.902722 4.121271 -0.277958 0.000000 -0.707107 0.707107 0.455958 0.275065 1 2 1.000000
  2 2.848176 5.066725 -0.277958 0.705765 0.000000 0.708446 0.414285 0.401849 1 2 1.000000
..\..\..\Desktop\General\noesis\pc_body
  2 1.902722 5.066725 0.113665 0.000000 0.000000 1.000000 0.414285 0.275065 1 2 1.000000
  2 0.957269 5.066725 -0.277958 -0.707107 0.000000 0.707107 0.414285 0.148596 1 2 1.000000
  2 1.902722 4.121271 -0.277958 0.000000 -0.707107 0.707107 0.455958 0.275065 1 2 1.000000
..\..\..\Desktop\General\noesis\pc_body
  2 1.902722 4.121271 -0.277958 0.000000 -0.707107 0.707107 0.455958 0.275065 1 2 1.000000
  2 0.957269 5.066725 -0.277958 -0.707107 0.000000 0.707107 0.414285 0.148596 1 2 1.000000
  2 0.957269 4.121271 -1.223411 -0.707107 -0.707107 0.000000 0.495204 0.148596 1 2 1.000000
..\..\..\Desktop\General\noesis\pc_body
  2 1.902722 4.121271 -0.277958 0.000000 -0.707107 0.707107 0.455958 0.275065 1 2 1.000000
  2 0.957269 4.121271 -1.223411 -0.707107 -0.707107 0.000000 0.495204 0.148596 1 2 1.000000
  2 1.902722 3.729647 -1.223411 0.000000 -1.000000 0.000000 0.495204 0.275065 1 2 1.000000
..\..\..\Desktop\General\noesis\pc_body
  2 1.902722 4.121271 -0.277958 0.000000 -0.707107 0.707107 0.455958 0.275065 1 2 1.000000
  2 1.902722 3.729647 -1.223411 0.000000 -1.000000 0.000000 0.495204 0.275065 1 2 1.000000
  2 2.848176 4.121271 -1.223411 0.802156 -0.597114 0.000000 0.495204 0.401849 1 2 1.000000
..\..\..\Desktop\General\noesis\pc_body
  2 2.848176 5.066725 -0.277958 0.705765 0.000000 0.708446 0.414285 0.401849 1 2 1.000000
  2 1.902722 4.121271 -0.277958 0.000000 -0.707107 0.707107 0.455958 0.275065 1 2 1.000000
  2 2.848176 4.121271 -1.223411 0.802156 -0.597114 0.000000 0.495204 0.401849 1 2 1.000000
..\..\..\Desktop\General\noesis\pc_body
  2 1.902722 6.012177 -0.277958 0.000000 0.707107 0.707107 0.372611 0.275065 1 2 1.000000
  2 2.848176 5.066725 -0.277958 0.705765 0.000000 0.708446 0.414285 0.401849 1 2 1.000000
  2 2.848176 6.012177 -1.223411 0.802156 0.597114 0.000000 0.334579 0.401849 1 2 1.000000
..\..\..\Desktop\General\noesis\pc_body
  2 1.902722 6.012177 -0.277958 0.000000 0.707107 0.707107 0.372611 0.275065 1 2 1.000000
  2 2.848176 6.012177 -1.223411 0.802156 0.597114 0.000000 0.334579 0.401849 1 2 1.000000
  2 1.902722 6.403797 -1.223411 0.000000 1.000000 0.000000 0.334579 0.275065 1 2 1.000000
..\..\..\Desktop\General\noesis\pc_body
  2 0.957269 5.066725 -0.277958 -0.707107 0.000000 0.707107 0.414285 0.148596 1 2 1.000000
  2 1.902722 6.012177 -0.277958 0.000000 0.707107 0.707107 0.372611 0.275065 1 2 1.000000
  2 0.957269 6.012177 -1.223411 -0.707107 0.707107 0.000000 0.334579 0.148596 1 2 1.000000
..\..\..\Desktop\General\noesis\pc_body
  2 1.902722 6.012177 -0.277958 0.000000 0.707107 0.707107 0.372611 0.275065 1 2 1.000000
  2 1.902722 6.403797 -1.223411 0.000000 1.000000 0.000000 0.334579 0.275065 1 2 1.000000
  2 0.957269 6.012177 -1.223411 -0.707107 0.707107 0.000000 0.334579 0.148596 1 2 1.000000
..\..\..\Desktop\General\noesis\pc_body
  2 0.957269 5.066725 -0.277958 -0.707107 0.000000 0.707107 0.414285 0.148596 1 2 1.000000
  2 0.957269 6.012177 -1.223411 -0.707107 0.707107 0.000000 0.334579 0.148596 1 2 1.000000
  2 0.565647 5.066725 -1.223411 -1.000000 0.000000 0.000000 0.334579 0.022349 1 2 1.000000
..\..\..\Desktop\General\noesis\pc_body
  2 0.957269 5.066725 -0.277958 -0.707107 0.000000 0.707107 0.414285 0.148596 1 2 1.000000
  2 0.565647 5.066725 -1.223411 -1.000000 0.000000 0.000000 0.334579 0.022349 1 2 1.000000
  2 0.957269 4.121271 -1.223411 -0.707107 -0.707107 0.000000 0.495204 0.148596 1 2 1.000000
..\..\..\Desktop\General\noesis\pc_body
  2 0.957269 5.066725 -2.168865 -0.699990 0.000000 -0.714153 0.414285 0.148596 1 2 1.000000
  2 0.565647 5.066725 -1.223411 -1.000000 0.000000 0.000000 0.334579 0.022349 1 2 1.000000
  2 0.957269 6.012177 -1.223411 -0.707107 0.707107 0.000000 0.334579 0.148596 1 2 1.000000
..\..\..\Desktop\General\noesis\pc_body
  2 0.957269 5.066725 -2.168865 -0.699990 0.000000 -0.714153 0.414285 0.148596 1 2 1.000000
  2 0.957269 4.121271 -1.223411 -0.707107 -0.707107 0.000000 0.495204 0.148596 1 2 1.000000
  2 0.565647 5.066725 -1.223411 -1.000000 0.000000 0.000000 0.334579 0.022349 1 2 1.000000
..\..\..\Desktop\General\noesis\pc_body
  2 1.902722 6.012177 -2.168865 0.000000 0.707107 -0.707107 0.372611 0.275065 1 2 1.000000
  2 0.957269 6.012177 -1.223411 -0.707107 0.707107 0.000000 0.334579 0.148596 1 2 1.000000
  2 1.902722 6.403797 -1.223411 0.000000 1.000000 0.000000 0.334579 0.275065 1 2 1.000000
..\..\..\Desktop\General\noesis\pc_body
  2 1.902722 6.012177 -2.168865 0.000000 0.707107 -0.707107 0.372611 0.275065 1 2 1.000000
  2 0.957269 5.066725 -2.168865 -0.699990 0.000000 -0.714153 0.414285 0.148596 1 2 1.000000
  2 0.957269 6.012177 -1.223411 -0.707107 0.707107 0.000000 0.334579 0.148596 1 2 1.000000
..\..\..\Desktop\General\noesis\pc_body
  2 1.902722 6.012177 -2.168865 0.000000 0.707107 -0.707107 0.372611 0.275065 1 2 1.000000
  2 1.902722 6.403797 -1.223411 0.000000 1.000000 0.000000 0.334579 0.275065 1 2 1.000000
  2 2.848176 6.012177 -1.223411 0.802156 0.597114 0.000000 0.334579 0.401849 1 2 1.000000
..\..\..\Desktop\General\noesis\pc_body
  2 1.902722 5.066725 -2.560485 0.000000 0.000000 -1.000000 0.414285 0.275065 1 2 1.000000
  2 0.957269 5.066725 -2.168865 -0.699990 0.000000 -0.714153 0.414285 0.148596 1 2 1.000000
  2 1.902722 6.012177 -2.168865 0.000000 0.707107 -0.707107 0.372611 0.275065 1 2 1.000000
..\..\..\Desktop\General\noesis\pc_body
  2 2.848176 5.066725 -2.168865 0.699990 0.000000 -0.714153 0.414285 0.401849 1 2 1.000000
  2 1.902722 6.012177 -2.168865 0.000000 0.707107 -0.707107 0.372611 0.275065 1 2 1.000000
  2 2.848176 6.012177 -1.223411 0.802156 0.597114 0.000000 0.334579 0.401849 1 2 1.000000
..\..\..\Desktop\General\noesis\pc_body
  2 1.902722 5.066725 -2.560485 0.000000 0.000000 -1.000000 0.414285 0.275065 1 2 1.000000
  2 1.902722 6.012177 -2.168865 0.000000 0.707107 -0.707107 0.372611 0.275065 1 2 1.000000
  2 2.848176 5.066725 -2.168865 0.699990 0.000000 -0.714153 0.414285 0.401849 1 2 1.000000
..\..\..\Desktop\General\noesis\pc_body
  2 1.902722 4.121271 -2.168865 0.000000 -0.707107 -0.707107 0.455958 0.275065 1 2 1.000000
  2 2.848176 4.121271 -1.223411 0.802156 -0.597114 0.000000 0.495204 0.401849 1 2 1.000000
  2 1.902722 3.729647 -1.223411 0.000000 -1.000000 0.000000 0.495204 0.275065 1 2 1.000000
..\..\..\Desktop\General\noesis\pc_body
  2 1.902722 4.121271 -2.168865 0.000000 -0.707107 -0.707107 0.455958 0.275065 1 2 1.000000
  2 2.848176 5.066725 -2.168865 0.699990 0.000000 -0.714153 0.414285 0.401849 1 2 1.000000
  2 2.848176 4.121271 -1.223411 0.802156 -0.597114 0.000000 0.495204 0.401849 1 2 1.000000
..\..\..\Desktop\General\noesis\pc_body
  2 1.902722 5.066725 -2.560485 0.000000 0.000000 -1.000000 0.414285 0.275065 1 2 1.000000
  2 1.902722 4.121271 -2.168865 0.000000 -0.707107 -0.707107 0.455958 0.275065 1 2 1.000000
  2 0.957269 5.066725 -2.168865 -0.699990 0.000000 -0.714153 0.414285 0.148596 1 2 1.000000
..\..\..\Desktop\General\noesis\pc_body
  2 1.902722 5.066725 -2.560485 0.000000 0.000000 -1.000000 0.414285 0.275065 1 2 1.000000
  2 2.848176 5.066725 -2.168865 0.699990 0.000000 -0.714153 0.414285 0.401849 1 2 1.000000
  2 1.902722 4.121271 -2.168865 0.000000 -0.707107 -0.707107 0.455958 0.275065 1 2 1.000000
..\..\..\Desktop\General\noesis\pc_body
  2 1.902722 4.121271 -2.168865 0.000000 -0.707107 -0.707107 0.455958 0.275065 1 2 1.000000
  2 1.902722 3.729647 -1.223411 0.000000 -1.000000 0.000000 0.495204 0.275065 1 2 1.000000
  2 0.957269 4.121271 -1.223411 -0.707107 -0.707107 0.000000 0.495204 0.148596 1 2 1.000000
..\..\..\Desktop\General\noesis\pc_body
  2 0.957269 5.066725 -2.168865 -0.699990 0.000000 -0.714153 0.414285 0.148596 1 2 1.000000
  2 1.902722 4.121271 -2.168865 0.000000 -0.707107 -0.707107 0.455958 0.275065 1 2 1.000000
  2 0.957269 4.121271 -1.223411 -0.707107 -0.707107 0.000000 0.495204 0.148596 1 2 1.000000
..\..\..\Desktop\General\noesis\pc_body
  2 2.848176 5.066725 -2.168865 0.699990 0.000000 -0.714153 0.737144 0.674140 1 2 1.000000
  2 2.848176 6.012177 -1.223411 0.802156 0.597114 0.000000 0.680703 0.561258 1 2 1.000000
  2 2.848176 4.121271 -1.223411 0.802156 -0.597114 0.000000 0.793585 0.561258 1 2 1.000000
..\..\..\Desktop\General\noesis\pc_body
  2 2.848176 6.012177 -1.223411 0.802156 0.597114 0.000000 0.680703 0.561258 1 2 1.000000
  2 2.848176 5.066725 -0.277958 0.705765 0.000000 0.708446 0.737144 0.674140 1 2 1.000000
  2 2.848176 4.121271 -1.223411 0.802156 -0.597114 0.000000 0.793585 0.561258 1 2 1.000000
..\..\..\Desktop\General\noesis\pc_body
  6 -0.000031 10.444919 -4.271614 0.910914 0.412597 0.000000 0.865691 0.975427 1 6 1.000000
  7 0.960802 10.432474 -3.044834 0.080685 -0.777276 -0.623965 0.892919 0.934492 1 7 1.000000
  7 0.960805 9.556396 -3.461080 -0.245397 -0.852329 0.461861 0.834731 0.934492 1 7 1.000000
..\..\..\Desktop\General\noesis\pc_body
  7 0.960805 9.556396 -3.461080 -0.245397 -0.852329 0.461861 0.834731 0.934492 1 7 1.000000
  7 -0.000027 9.089499 -3.682914 -0.450023 0.000000 0.893017 0.818607 0.934492 1 7 1.000000
  6 -0.000031 10.444919 -4.271614 0.910914 0.412597 0.000000 0.865691 0.975427 1 6 1.000000
..\..\..\Desktop\General\noesis\pc_body
  7 -0.000029 9.492414 -2.218860 0.902081 -0.000000 0.431567 0.865691 0.872924 1 7 1.000000
  7 -0.000027 9.089499 -3.682914 -0.450023 0.000000 0.893017 0.818607 0.934492 1 7 1.000000
  7 0.960805 9.556396 -3.461080 -0.245397 -0.852329 0.461861 0.834731 0.934492 1 7 1.000000
..\..\..\Desktop\General\noesis\pc_body
  7 -0.000029 9.492414 -2.218860 0.902081 -0.000000 0.431567 0.865691 0.872924 1 7 1.000000
  7 0.960805 9.556396 -3.461080 -0.245397 -0.852329 0.461861 0.834731 0.934492 1 7 1.000000
  7 0.960802 10.432474 -3.044834 0.080685 -0.777276 -0.623965 0.892919 0.934492 1 7 1.000000
..\..\..\Desktop\General\noesis\pc_body
  7 -0.000029 9.492414 -2.218860 0.902081 -0.000000 0.431567 0.865691 0.872924 1 7 1.000000
  7 0.960802 10.432474 -3.044834 0.080685 -0.777276 -0.623965 0.892919 0.934492 1 7 1.000000
  7 -0.000034 10.899350 -2.823000 0.440999 -0.000000 -0.897508 0.915527 0.934492 1 7 1.000000
..\..\..\Desktop\General\noesis\pc_body
  7 -0.000029 9.492414 -2.218860 0.902081 -0.000000 0.431567 0.865691 0.872924 1 7 1.000000
  7 -0.000034 10.899350 -2.823000 0.440999 -0.000000 -0.897508 0.915527 0.934492 1 7 1.000000
  7 -0.960866 10.432457 -3.044834 0.080685 0.777276 -0.623965 0.892919 0.934492 1 7 1.000000
..\..\..\Desktop\General\noesis\pc_body
  7 -0.000029 9.492414 -2.218860 0.902081 -0.000000 0.431567 0.865691 0.872924 1 7 1.000000
  7 -0.960863 9.556382 -3.461080 -0.245397 0.852329 0.461861 0.834731 0.934492 1 7 1.000000
  7 -0.000027 9.089499 -3.682914 -0.450023 0.000000 0.893017 0.818607 0.934492 1 7 1.000000
..\..\..\Desktop\General\noesis\pc_body
  7 -0.960863 9.556382 -3.461080 -0.245397 0.852329 0.461861 0.834731 0.934492 1 7 1.000000
  6 -0.000031 10.444919 -4.271614 0.910914 0.412597 0.000000 0.865691 0.975427 1 6 1.000000
  7 -0.000027 9.089499 -3.682914 -0.450023 0.000000 0.893017 0.818607 0.934492 1 7 1.000000
..\..\..\Desktop\General\noesis\pc_body
  6 -0.000031 10.444919 -4.271614 0.910914 0.412597 0.000000 0.865691 0.975427 1 6 1.000000
  7 -0.960863 9.556382 -3.461080 -0.245397 0.852329 0.461861 0.834731 0.934492 1 7 1.000000
  7 -0.960866 10.432457 -3.044834 0.080685 0.777276 -0.623965 0.892919 0.934492 1 7 1.000000
..\..\..\Desktop\General\noesis\pc_body
  7 -0.000029 9.492414 -2.218860 0.902081 -0.000000 0.431567 0.865691 0.872924 1 7 1.000000
  7 -0.960866 10.432457 -3.044834 0.080685 0.777276 -0.623965 0.892919 0.934492 1 7 1.000000
  7 -0.960863 9.556382 -3.461080 -0.245397 0.852329 0.461861 0.834731 0.934492 1 7 1.000000
..\..\..\Desktop\General\noesis\pc_body
  7 -0.000033 10.763490 -3.345742 -0.298229 0.000000 -0.954494 0.896796 0.949878 1 7 1.000000
  7 0.960802 10.432474 -3.044834 0.080685 -0.777276 -0.623965 0.892919 0.934492 1 7 1.000000
  6 -0.000031 10.444919 -4.271614 0.910914 0.412597 0.000000 0.865691 0.975427 1 6 1.000000
..\..\..\Desktop\General\noesis\pc_body
  7 -0.000034 10.899350 -2.823000 0.440999 -0.000000 -0.897508 0.915527 0.934492 1 7 1.000000
  7 0.960802 10.432474 -3.044834 0.080685 -0.777276 -0.623965 0.892919 0.934492 1 7 1.000000
  7 -0.000033 10.763490 -3.345742 -0.298229 0.000000 -0.954494 0.896796 0.949878 1 7 1.000000
..\..\..\Desktop\General\noesis\pc_body
  7 -0.000034 10.899350 -2.823000 0.440999 -0.000000 -0.897508 0.915527 0.934492 1 7 1.000000
  7 -0.000033 10.763490 -3.345742 -0.298229 0.000000 -0.954494 0.896796 0.949878 1 7 1.000000
  7 -0.960866 10.432457 -3.044834 0.080685 0.777276 -0.623965 0.892919 0.934492 1 7 1.000000
..\..\..\Desktop\General\noesis\pc_body
  7 -0.000033 10.763490 -3.345742 -0.298229 0.000000 -0.954494 0.896796 0.949878 1 7 1.000000
  6 -0.000031 10.444919 -4.271614 0.910914 0.412597 0.000000 0.865691 0.975427 1 6 1.000000
  7 -0.960866 10.432457 -3.044834 0.080685 0.777276 -0.623965 0.892919 0.934492 1 7 1.000000
..\..\..\Desktop\General\noesis\pc_body
  6 -0.594047 10.430079 -3.523776 -0.658772 0.320647 -0.680591 0.771660 0.849649 1 6 1.000000
  6 -1.299765 9.888573 -4.997039 -0.216596 -0.413319 -0.884451 0.716097 0.807610 1 6 1.000000
  6 -0.573420 9.831825 -3.591984 -0.586450 -0.434442 -0.683620 0.770356 0.796682 1 6 1.000000
..\..\..\Desktop\General\noesis\pc_body
  6 -1.299765 9.888573 -4.997039 -0.216596 -0.413319 -0.884451 0.716097 0.807610 1 6 1.000000
  6 -0.594047 10.430079 -3.523776 -0.658772 0.320647 -0.680591 0.771660 0.849649 1 6 1.000000
  6 -0.982623 10.904819 -4.908245 -0.229078 0.815963 -0.530780 0.720998 0.897182 1 6 1.000000
..\..\..\Desktop\General\noesis\pc_body
  6 -1.299765 9.888573 -4.997039 -0.216596 -0.413319 -0.884451 0.716097 0.807610 1 6 1.000000
  6 -0.982623 10.904819 -4.908245 -0.229078 0.815963 -0.530780 0.720998 0.897182 1 6 1.000000
  6 -1.131058 10.792749 -6.707885 -0.077349 0.878328 -0.471759 0.649491 0.892114 1 6 1.000000
..\..\..\Desktop\General\noesis\pc_body
  6 -1.299765 9.888573 -4.997039 -0.216596 -0.413319 -0.884451 0.716097 0.807610 1 6 1.000000
  6 -1.131058 10.792749 -6.707885 -0.077349 0.878328 -0.471759 0.649491 0.892114 1 6 1.000000
  6 -1.382370 9.802854 -6.805361 0.059237 -0.260100 -0.963763 0.647942 0.800907 1 6 1.000000
..\..\..\Desktop\General\noesis\pc_body
  6 -0.000014 8.979059 -6.731437 -0.064349 -0.997928 -0.000198 0.648135 0.664975 1 6 1.000000
  6 -1.299765 9.888573 -4.997039 -0.216596 -0.413319 -0.884451 0.716097 0.807610 1 6 1.000000
  6 -1.382370 9.802854 -6.805361 0.059237 -0.260100 -0.963763 0.647942 0.800907 1 6 1.000000
..\..\..\Desktop\General\noesis\pc_body
  6 -0.000021 9.255303 -4.817016 -0.092959 -0.995670 -0.000000 0.729974 0.696448 1 6 1.000000
  6 -1.299765 9.888573 -4.997039 -0.216596 -0.413319 -0.884451 0.716097 0.807610 1 6 1.000000
  6 -0.000014 8.979059 -6.731437 -0.064349 -0.997928 -0.000198 0.648135 0.664975 1 6 1.000000
..\..\..\Desktop\General\noesis\pc_body
  6 -1.299765 9.888573 -4.997039 -0.216596 -0.413319 -0.884451 0.716097 0.807610 1 6 1.000000
  6 -0.000024 9.300641 -3.764680 -0.358535 -0.933425 0.013085 0.774804 0.716803 1 6 1.000000
  6 -0.573420 9.831825 -3.591984 -0.586450 -0.434442 -0.683620 0.770356 0.796682 1 6 1.000000
..\..\..\Desktop\General\noesis\pc_body
  6 -0.000021 9.255303 -4.817016 -0.092959 -0.995670 -0.000000 0.729974 0.696448 1 6 1.000000
  6 -0.000024 9.300641 -3.764680 -0.358535 -0.933425 0.013085 0.774804 0.716803 1 6 1.000000
  6 -1.299765 9.888573 -4.997039 -0.216596 -0.413319 -0.884451 0.716097 0.807610 1 6 1.000000
..\..\..\Desktop\General\noesis\pc_body
  6 -0.000021 9.255303 -4.817016 -0.092959 -0.995670 -0.000000 0.729974 0.696448 1 6 1.000000
  6 1.299715 9.888592 -4.997027 -0.215961 -0.412813 0.884843 0.716097 0.807610 1 6 1.000000
  6 -0.000024 9.300641 -3.764680 -0.358535 -0.933425 0.013085 0.774804 0.716803 1 6 1.000000
..\..\..\Desktop\General\noesis\pc_body
  6 -0.000021 9.255303 -4.817016 -0.092959 -0.995670 -0.000000 0.729974 0.696448 1 6 1.000000
  6 -0.000014 8.979059 -6.731437 -0.064349 -0.997928 -0.000198 0.648135 0.664975 1 6 1.000000
  6 1.299715 9.888592 -4.997027 -0.215961 -0.412813 0.884843 0.716097 0.807610 1 6 1.000000
..\..\..\Desktop\General\noesis\pc_body
  6 -0.000014 8.979059 -6.731437 -0.064349 -0.997928 -0.000198 0.648135 0.664975 1 6 1.000000
  6 1.382330 9.802874 -6.805346 0.071697 -0.265273 0.961504 0.647942 0.800907 1 6 1.000000
  6 1.299715 9.888592 -4.997027 -0.215961 -0.412813 0.884843 0.716097 0.807610 1 6 1.000000
..\..\..\Desktop\General\noesis\pc_body
  6 -1.382370 9.802854 -6.805361 0.059237 -0.260100 -0.963763 0.647942 0.800907 1 6 1.000000
  6 -0.038943 9.035028 -8.731417 0.252217 -0.967600 -0.011726 0.559003 0.673473 1 6 1.000000
  6 -0.000014 8.979059 -6.731437 -0.064349 -0.997928 -0.000198 0.648135 0.664975 1 6 1.000000
..\..\..\Desktop\General\noesis\pc_body
  6 1.382330 9.802874 -6.805346 0.071697 -0.265273 0.961504 0.647942 0.800907 1 6 1.000000
  6 -0.000014 8.979059 -6.731437 -0.064349 -0.997928 -0.000198 0.648135 0.664975 1 6 1.000000
  6 -0.038943 9.035028 -8.731417 0.252217 -0.967600 -0.011726 0.559003 0.673473 1 6 1.000000
..\..\..\Desktop\General\noesis\pc_body
  6 1.115683 9.934686 -8.223547 0.386925 -0.295467 0.873492 0.584003 0.800939 1 6 1.000000
  6 1.382330 9.802874 -6.805346 0.071697 -0.265273 0.961504 0.647942 0.800907 1 6 1.000000
  6 -0.038943 9.035028 -8.731417 0.252217 -0.967600 -0.011726 0.559003 0.673473 1 6 1.000000
..\..\..\Desktop\General\noesis\pc_body
  6 0.883900 10.580119 -8.476016 0.219004 0.495115 0.840772 0.569076 0.881986 1 6 1.000000
  6 1.382330 9.802874 -6.805346 0.071697 -0.265273 0.961504 0.647942 0.800907 1 6 1.000000
  6 1.115683 9.934686 -8.223547 0.386925 -0.295467 0.873492 0.584003 0.800939 1 6 1.000000
..\..\..\Desktop\General\noesis\pc_body
  6 1.115683 9.934686 -8.223547 0.386925 -0.295467 0.873492 0.584003 0.800939 1 6 1.000000
  6 0.485536 10.307259 -9.415350 0.498974 0.438843 0.747290 0.518623 0.832346 1 6 1.000000
  6 0.883900 10.580119 -8.476016 0.219004 0.495115 0.840772 0.569076 0.881986 1 6 1.000000
..\..\..\Desktop\General\noesis\pc_body
  6 -0.205660 9.713817 -9.921865 0.749070 -0.660258 -0.054335 0.503011 0.732599 1 6 1.000000
  6 0.485536 10.307259 -9.415350 0.498974 0.438843 0.747290 0.518623 0.832346 1 6 1.000000
  6 1.115683 9.934686 -8.223547 0.386925 -0.295467 0.873492 0.584003 0.800939 1 6 1.000000
..\..\..\Desktop\General\noesis\pc_body
  6 -0.038943 9.035028 -8.731417 0.252217 -0.967600 -0.011726 0.559003 0.673473 1 6 1.000000
  6 -0.205660 9.713817 -9.921865 0.749070 -0.660258 -0.054335 0.503011 0.732599 1 6 1.000000
  6 1.115683 9.934686 -8.223547 0.386925 -0.295467 0.873492 0.584003 0.800939 1 6 1.000000
..\..\..\Desktop\General\noesis\pc_body
  6 -0.205660 9.713817 -9.921865 0.749070 -0.660258 -0.054335 0.503011 0.732599 1 6 1.000000
  6 -0.467591 11.133149 -10.328490 0.372517 0.912812 -0.167350 0.466673 0.880584 1 6 1.000000
  6 0.485536 10.307259 -9.415350 0.498974 0.438843 0.747290 0.518623 0.832346 1 6 1.000000
..\..\..\Desktop\General\noesis\pc_body
  6 -0.205660 9.713817 -9.921865 0.749070 -0.660258 -0.054335 0.503011 0.732599 1 6 1.000000
  6 -0.798772 10.307249 -9.415356 0.305810 0.209867 -0.928674 0.518623 0.832346 1 6 1.000000
  6 -0.467591 11.133149 -10.328490 0.372517 0.912812 -0.167350 0.466673 0.880584 1 6 1.000000
..\..\..\Desktop\General\noesis\pc_body
  6 -1.115717 9.934669 -8.223559 0.262026 -0.294426 -0.919052 0.584003 0.800939 1 6 1.000000
  6 -0.038943 9.035028 -8.731417 0.252217 -0.967600 -0.011726 0.559003 0.673473 1 6 1.000000
  6 -1.382370 9.802854 -6.805361 0.059237 -0.260100 -0.963763 0.647942 0.800907 1 6 1.000000
..\..\..\Desktop\General\noesis\pc_body
  6 -0.038943 9.035028 -8.731417 0.252217 -0.967600 -0.011726 0.559003 0.673473 1 6 1.000000
  6 -1.115717 9.934669 -8.223559 0.262026 -0.294426 -0.919052 0.584003 0.800939 1 6 1.000000
  6 -0.205660 9.713817 -9.921865 0.749070 -0.660258 -0.054335 0.503011 0.732599 1 6 1.000000
..\..\..\Desktop\General\noesis\pc_body
  6 -0.205660 9.713817 -9.921865 0.749070 -0.660258 -0.054335 0.503011 0.732599 1 6 1.000000
  6 -1.115717 9.934669 -8.223559 0.262026 -0.294426 -0.919052 0.584003 0.800939 1 6 1.000000
  6 -0.798772 10.307249 -9.415356 0.305810 0.209867 -0.928674 0.518623 0.832346 1 6 1.000000
..\..\..\Desktop\General\noesis\pc_body
  6 -0.883942 10.580109 -8.476026 0.136423 0.465410 -0.874518 0.569076 0.881986 1 6 1.000000
  6 -1.115717 9.934669 -8.223559 0.262026 -0.294426 -0.919052 0.584003 0.800939 1 6 1.000000
  6 -1.382370 9.802854 -6.805361 0.059237 -0.260100 -0.963763 0.647942 0.800907 1 6 1.000000
..\..\..\Desktop\General\noesis\pc_body
  6 -1.115717 9.934669 -8.223559 0.262026 -0.294426 -0.919052 0.584003 0.800939 1 6 1.000000
  6 -0.883942 10.580109 -8.476026 0.136423 0.465410 -0.874518 0.569076 0.881986 1 6 1.000000
  6 -0.798772 10.307249 -9.415356 0.305810 0.209867 -0.928674 0.518623 0.832346 1 6 1.000000
..\..\..\Desktop\General\noesis\pc_body
  6 -0.507248 10.649149 -8.776903 -0.042921 0.920878 -0.387481 0.546896 0.896885 1 6 1.000000
  6 -0.798772 10.307249 -9.415356 0.305810 0.209867 -0.928674 0.518623 0.832346 1 6 1.000000
  6 -0.883942 10.580109 -8.476026 0.136423 0.465410 -0.874518 0.569076 0.881986 1 6 1.000000
..\..\..\Desktop\General\noesis\pc_body
  6 -0.798772 10.307249 -9.415356 0.305810 0.209867 -0.928674 0.518623 0.832346 1 6 1.000000
  6 -0.507248 10.649149 -8.776903 -0.042921 0.920878 -0.387481 0.546896 0.896885 1 6 1.000000
  6 -0.467591 11.133149 -10.328490 0.372517 0.912812 -0.167350 0.466673 0.880584 1 6 1.000000
..\..\..\Desktop\General\noesis\pc_body
  6 -0.467591 11.133149 -10.328490 0.372517 0.912812 -0.167350 0.466673 0.880584 1 6 1.000000
  6 -0.172549 10.726939 -9.115932 0.002150 0.979491 0.201475 0.516762 0.920923 1 6 1.000000
  6 0.485536 10.307259 -9.415350 0.498974 0.438843 0.747290 0.518623 0.832346 1 6 1.000000
..\..\..\Desktop\General\noesis\pc_body
  6 -0.467591 11.133149 -10.328490 0.372517 0.912812 -0.167350 0.466673 0.880584 1 6 1.000000
  6 -0.507248 10.649149 -8.776903 -0.042921 0.920878 -0.387481 0.546896 0.896885 1 6 1.000000
  6 -0.172549 10.726939 -9.115932 0.002150 0.979491 0.201475 0.516762 0.920923 1 6 1.000000
..\..\..\Desktop\General\noesis\pc_body
  6 0.485536 10.307259 -9.415350 0.498974 0.438843 0.747290 0.518623 0.832346 1 6 1.000000
  6 0.467145 10.643419 -8.751898 0.293530 0.906235 0.304268 0.546896 0.896885 1 6 1.000000
  6 0.883900 10.580119 -8.476016 0.219004 0.495115 0.840772 0.569076 0.881986 1 6 1.000000
..\..\..\Desktop\General\noesis\pc_body
  6 -0.172549 10.726939 -9.115932 0.002150 0.979491 0.201475 0.516762 0.920923 1 6 1.000000
  6 0.467145 10.643419 -8.751898 0.293530 0.906235 0.304268 0.546896 0.896885 1 6 1.000000
  6 0.485536 10.307259 -9.415350 0.498974 0.438843 0.747290 0.518623 0.832346 1 6 1.000000
..\..\..\Desktop\General\noesis\pc_body
  6 -0.172549 10.726939 -9.115932 0.002150 0.979491 0.201475 0.516762 0.920923 1 6 1.000000
  6 -0.507248 10.649149 -8.776903 -0.042921 0.920878 -0.387481 0.546896 0.896885 1 6 1.000000
  6 -0.069523 10.739289 -8.354620 0.011808 0.999398 -0.032611 0.544329 0.943812 1 6 1.000000
..\..\..\Desktop\General\noesis\pc_body
  6 -0.172549 10.726939 -9.115932 0.002150 0.979491 0.201475 0.516762 0.920923 1 6 1.000000
  6 -0.069523 10.739289 -8.354620 0.011808 0.999398 -0.032611 0.544329 0.943812 1 6 1.000000
  6 0.467145 10.643419 -8.751898 0.293530 0.906235 0.304268 0.546896 0.896885 1 6 1.000000
..\..\..\Desktop\General\noesis\pc_body
  6 -0.594047 10.430079 -3.523776 -0.658772 0.320647 -0.680591 0.771660 0.849649 1 6 1.000000
  6 -0.573420 9.831825 -3.591984 -0.586450 -0.434442 -0.683620 0.770356 0.796682 1 6 1.000000
  6 0.106599 9.890186 -3.070692 -0.989688 -0.134252 0.049942 0.791851 0.811687 1 6 1.000000
..\..\..\Desktop\General\noesis\pc_body
  6 -0.573420 9.831825 -3.591984 -0.586450 -0.434442 -0.683620 0.770356 0.796682 1 6 1.000000
  6 -0.000024 9.300641 -3.764680 -0.358535 -0.933425 0.013085 0.774804 0.716803 1 6 1.000000
  6 0.106599 9.890186 -3.070692 -0.989688 -0.134252 0.049942 0.791851 0.811687 1 6 1.000000
..\..\..\Desktop\General\noesis\pc_body
  6 -0.000035 10.674509 -3.524320 -0.580580 0.814198 0.002956 0.777307 0.917424 1 6 1.000000
  6 -0.982623 10.904819 -4.908245 -0.229078 0.815963 -0.530780 0.720998 0.897182 1 6 1.000000
  6 -0.594047 10.430079 -3.523776 -0.658772 0.320647 -0.680591 0.771660 0.849649 1 6 1.000000
..\..\..\Desktop\General\noesis\pc_body
  6 -0.000035 10.674509 -3.524320 -0.580580 0.814198 0.002956 0.777307 0.917424 1 6 1.000000
  6 -0.594047 10.430079 -3.523776 -0.658772 0.320647 -0.680591 0.771660 0.849649 1 6 1.000000
  6 0.106599 9.890186 -3.070692 -0.989688 -0.134252 0.049942 0.791851 0.811687 1 6 1.000000
..\..\..\Desktop\General\noesis\pc_body
  6 -0.000035 10.978369 -4.287534 -0.236018 0.971749 0.000000 0.751757 0.957828 1 6 1.000000
  6 -0.982623 10.904819 -4.908245 -0.229078 0.815963 -0.530780 0.720998 0.897182 1 6 1.000000
  6 -0.000035 10.674509 -3.524320 -0.580580 0.814198 0.002956 0.777307 0.917424 1 6 1.000000
..\..\..\Desktop\General\noesis\pc_body
  6 -0.000035 10.978369 -4.287534 -0.236018 0.971749 0.000000 0.751757 0.957828 1 6 1.000000
  6 -0.000035 10.674509 -3.524320 -0.580580 0.814198 0.002956 0.777307 0.917424 1 6 1.000000
  6 0.982557 10.904829 -4.908235 -0.229078 0.815963 0.530780 0.720998 0.897182 1 6 1.000000
..\..\..\Desktop\General\noesis\pc_body
  6 0.982557 10.904829 -4.908235 -0.229078 0.815963 0.530780 0.720998 0.897182 1 6 1.000000
  6 -0.000034 11.039299 -4.880339 0.037887 0.999263 0.006091 0.724346 0.969232 1 6 1.000000
  6 -0.000035 10.978369 -4.287534 -0.236018 0.971749 0.000000 0.751757 0.957828 1 6 1.000000
..\..\..\Desktop\General\noesis\pc_body
  6 -0.982623 10.904819 -4.908245 -0.229078 0.815963 -0.530780 0.720998 0.897182 1 6 1.000000
  6 -0.000035 10.978369 -4.287534 -0.236018 0.971749 0.000000 0.751757 0.957828 1 6 1.000000
  6 -0.000034 11.039299 -4.880339 0.037887 0.999263 0.006091 0.724346 0.969232 1 6 1.000000
..\..\..\Desktop\General\noesis\pc_body
  6 -0.000034 11.039299 -4.880339 0.037887 0.999263 0.006091 0.724346 0.969232 1 6 1.000000
  6 -1.131058 10.792749 -6.707885 -0.077349 0.878328 -0.471759 0.649491 0.892114 1 6 1.000000
  6 -0.982623 10.904819 -4.908245 -0.229078 0.815963 -0.530780 0.720998 0.897182 1 6 1.000000
..\..\..\Desktop\General\noesis\pc_body
  6 1.299715 9.888592 -4.997027 -0.215961 -0.412813 0.884843 0.716097 0.807610 1 6 1.000000
  6 1.382330 9.802874 -6.805346 0.071697 -0.265273 0.961504 0.647942 0.800907 1 6 1.000000
  6 1.131002 10.792769 -6.707874 -0.077349 0.878328 0.471760 0.649491 0.892114 1 6 1.000000
..\..\..\Desktop\General\noesis\pc_body
  6 1.299715 9.888592 -4.997027 -0.215961 -0.412813 0.884843 0.716097 0.807610 1 6 1.000000
  6 1.131002 10.792769 -6.707874 -0.077349 0.878328 0.471760 0.649491 0.892114 1 6 1.000000
  6 0.982557 10.904829 -4.908235 -0.229078 0.815963 0.530780 0.720998 0.897182 1 6 1.000000
..\..\..\Desktop\General\noesis\pc_body
  6 -0.000034 11.039299 -4.880339 0.037887 0.999263 0.006091 0.724346 0.969232 1 6 1.000000
  6 0.982557 10.904829 -4.908235 -0.229078 0.815963 0.530780 0.720998 0.897182 1 6 1.000000
  6 1.131002 10.792769 -6.707874 -0.077349 0.878328 0.471760 0.649491 0.892114 1 6 1.000000
..\..\..\Desktop\General\noesis\pc_body
  6 -1.131058 10.792749 -6.707885 -0.077349 0.878328 -0.471759 0.649491 0.892114 1 6 1.000000
  6 -0.000034 11.039299 -4.880339 0.037887 0.999263 0.006091 0.724346 0.969232 1 6 1.000000
  6 -0.000026 10.733439 -6.966530 0.037887 0.999263 0.006091 0.641885 0.981329 1 6 1.000000
..\..\..\Desktop\General\noesis\pc_body
  6 1.131002 10.792769 -6.707874 -0.077349 0.878328 0.471760 0.649491 0.892114 1 6 1.000000
  6 -0.000026 10.733439 -6.966530 0.037887 0.999263 0.006091 0.641885 0.981329 1 6 1.000000
  6 -0.000034 11.039299 -4.880339 0.037887 0.999263 0.006091 0.724346 0.969232 1 6 1.000000
..\..\..\Desktop\General\noesis\pc_body
  6 1.131002 10.792769 -6.707874 -0.077349 0.878328 0.471760 0.649491 0.892114 1 6 1.000000
  6 0.738330 10.690079 -7.191406 0.149436 0.970038 0.191558 0.634088 0.937959 1 6 1.000000
  6 -0.000026 10.733439 -6.966530 0.037887 0.999263 0.006091 0.641885 0.981329 1 6 1.000000
..\..\..\Desktop\General\noesis\pc_body
  6 1.478882 11.002679 -7.224612 0.502990 0.703860 0.501580 0.624671 0.890567 1 6 1.000000
  6 1.131002 10.792769 -6.707874 -0.077349 0.878328 0.471760 0.649491 0.892114 1 6 1.000000
  6 1.382330 9.802874 -6.805346 0.071697 -0.265273 0.961504 0.647942 0.800907 1 6 1.000000
..\..\..\Desktop\General\noesis\pc_body
  6 1.131002 10.792769 -6.707874 -0.077349 0.878328 0.471760 0.649491 0.892114 1 6 1.000000
  6 1.478882 11.002679 -7.224612 0.502990 0.703860 0.501580 0.624671 0.890567 1 6 1.000000
  6 0.738330 10.690079 -7.191406 0.149436 0.970038 0.191558 0.634088 0.937959 1 6 1.000000
..\..\..\Desktop\General\noesis\pc_body
  6 1.040107 10.422449 -7.399646 0.958850 0.084201 0.271140 0.617572 0.855066 1 6 1.000000
  6 1.478882 11.002679 -7.224612 0.502990 0.703860 0.501580 0.624671 0.890567 1 6 1.000000
  6 1.382330 9.802874 -6.805346 0.071697 -0.265273 0.961504 0.647942 0.800907 1 6 1.000000
..\..\..\Desktop\General\noesis\pc_body
  6 1.478882 11.002679 -7.224612 0.502990 0.703860 0.501580 0.624671 0.890567 1 6 1.000000
  6 1.040107 10.422449 -7.399646 0.958850 0.084201 0.271140 0.617572 0.855066 1 6 1.000000
  6 0.738330 10.690079 -7.191406 0.149436 0.970038 0.191558 0.647942 0.800907 1 6 1.000000
..\..\..\Desktop\General\noesis\pc_body
  6 -0.738382 10.690069 -7.191414 0.138968 0.972838 -0.185132 0.617572 0.890567 1 6 1.000000
  6 -0.591942 10.897189 -8.121583 -0.277360 0.925990 -0.256152 0.580987 0.925716 1 6 1.000000
  6 -0.883942 10.580109 -8.476026 0.136423 0.465410 -0.874518 0.569076 0.881986 1 6 1.000000
..\..\..\Desktop\General\noesis\pc_body
  6 -0.738382 10.690069 -7.191414 0.138968 0.972838 -0.185132 0.617572 0.890567 1 6 1.000000
  6 -0.000026 10.733439 -6.966530 0.037887 0.999263 0.006091 0.617572 0.937610 1 6 1.000000
  6 -0.591942 10.897189 -8.121583 -0.277360 0.925990 -0.256152 0.580987 0.925716 1 6 1.000000
..\..\..\Desktop\General\noesis\pc_body
  6 -0.069523 10.739289 -8.354620 0.147563 0.988568 0.030948 0.573487 0.972057 1 6 1.000000
  6 -0.591942 10.897189 -8.121583 -0.277360 0.925990 -0.256152 0.580987 0.925716 1 6 1.000000
  6 -0.000026 10.733439 -6.966530 0.037887 0.999263 0.006091 0.617572 0.937610 1 6 1.000000
..\..\..\Desktop\General\noesis\pc_body
  6 -0.883942 10.580109 -8.476026 0.136423 0.465410 -0.874518 0.569076 0.881986 1 6 1.000000
  6 -0.591942 10.897189 -8.121583 -0.277360 0.925990 -0.256152 0.580987 0.925716 1 6 1.000000
  6 -0.836397 11.283149 -8.702092 0.427273 0.856809 -0.288645 0.552215 0.948786 1 6 1.000000
..\..\..\Desktop\General\noesis\pc_body
  6 -0.836397 11.283149 -8.702092 0.427273 0.856809 -0.288645 0.552215 0.948786 1 6 1.000000
  6 -0.591942 10.897189 -8.121583 -0.277360 0.925990 -0.256152 0.580987 0.925716 1 6 1.000000
  6 -0.069523 10.739289 -8.354620 0.147563 0.988568 0.030948 0.573487 0.972057 1 6 1.000000
..\..\..\Desktop\General\noesis\pc_body
  6 -0.883942 10.580109 -8.476026 0.136423 0.465410 -0.874518 0.569076 0.881986 1 6 1.000000
  6 -0.836397 11.283149 -8.702092 0.427273 0.856809 -0.288645 0.552215 0.948786 1 6 1.000000
  6 -0.507248 10.649149 -8.776903 0.992690 0.120520 0.006516 0.546896 0.896885 1 6 1.000000
..\..\..\Desktop\General\noesis\pc_body
  6 -0.069523 10.739289 -8.354620 0.147563 0.988568 0.030948 0.569076 0.881986 1 6 1.000000
  6 -0.507248 10.649149 -8.776903 0.992690 0.120520 0.006516 0.546896 0.896885 1 6 1.000000
  6 -0.836397 11.283149 -8.702092 0.427273 0.856809 -0.288645 0.552215 0.948786 1 6 1.000000
..\..\..\Desktop\General\noesis\pc_body
  6 0.883900 10.580119 -8.476016 0.219004 0.495115 0.840772 0.569076 0.881986 1 6 1.000000
  6 0.467145 10.643419 -8.751898 0.996743 0.079835 -0.011382 0.546896 0.896885 1 6 1.000000
  6 0.591637 11.283159 -8.702085 0.502665 0.818603 0.277879 0.552215 0.948786 1 6 1.000000
..\..\..\Desktop\General\noesis\pc_body
  6 -0.069523 10.739289 -8.354620 0.147563 0.988568 0.030948 0.569076 0.881986 1 6 1.000000
  6 0.591637 11.283159 -8.702085 0.502665 0.818603 0.277879 0.552215 0.948786 1 6 1.000000
  6 0.467145 10.643419 -8.751898 0.996743 0.079835 -0.011382 0.546896 0.896885 1 6 1.000000
..\..\..\Desktop\General\noesis\pc_body
  6 0.883900 10.580119 -8.476016 0.219004 0.495115 0.840772 0.569076 0.881986 1 6 1.000000
  6 0.591637 11.283159 -8.702085 0.502665 0.818603 0.277879 0.552215 0.948786 1 6 1.000000
  6 0.591892 10.897199 -8.121577 -0.255942 0.928461 0.269174 0.580987 0.925716 1 6 1.000000
..\..\..\Desktop\General\noesis\pc_body
  6 -0.069523 10.739289 -8.354620 0.147563 0.988568 0.030948 0.573487 0.972057 1 6 1.000000
  6 -0.000026 10.733439 -6.966530 0.037887 0.999263 0.006091 0.617572 0.937610 1 6 1.000000
  6 0.591892 10.897199 -8.121577 -0.255942 0.928461 0.269174 0.580987 0.925716 1 6 1.000000
..\..\..\Desktop\General\noesis\pc_body
  6 0.591637 11.283159 -8.702085 0.502665 0.818603 0.277879 0.552215 0.948786 1 6 1.000000
  6 -0.069523 10.739289 -8.354620 0.147563 0.988568 0.030948 0.573487 0.972057 1 6 1.000000
  6 0.591892 10.897199 -8.121577 -0.255942 0.928461 0.269174 0.580987 0.925716 1 6 1.000000
..\..\..\Desktop\General\noesis\pc_body
  6 0.738330 10.690079 -7.191406 0.149436 0.970038 0.191558 0.617572 0.890567 1 6 1.000000
  6 0.591892 10.897199 -8.121577 -0.255942 0.928461 0.269174 0.580987 0.925716 1 6 1.000000
  6 -0.000026 10.733439 -6.966530 0.037887 0.999263 0.006091 0.617572 0.937610 1 6 1.000000
..\..\..\Desktop\General\noesis\pc_body
  6 0.738330 10.690079 -7.191406 0.149436 0.970038 0.191558 0.617572 0.890567 1 6 1.000000
  6 0.883900 10.580119 -8.476016 0.219004 0.495115 0.840772 0.569076 0.881986 1 6 1.000000
  6 0.591892 10.897199 -8.121577 -0.255942 0.928461 0.269174 0.580987 0.925716 1 6 1.000000
..\..\..\Desktop\General\noesis\pc_body
  6 0.883900 10.580119 -8.476016 0.219004 0.495115 0.840772 0.569076 0.881986 1 6 1.000000
  6 0.738330 10.690079 -7.191406 0.149436 0.970038 0.191558 0.617572 0.890567 1 6 1.000000
  6 1.040107 10.422449 -7.399646 0.028139 0.599995 0.799509 0.617572 0.855066 1 6 1.000000
..\..\..\Desktop\General\noesis\pc_body
  6 0.883900 10.580119 -8.476016 0.219004 0.495115 0.840772 0.569076 0.881986 1 6 1.000000
  6 1.040107 10.422449 -7.399646 0.028139 0.599995 0.799509 0.617572 0.855066 1 6 1.000000
  6 1.382330 9.802874 -6.805346 0.071697 -0.265273 0.961504 0.647942 0.800907 1 6 1.000000
..\..\..\Desktop\General\noesis\pc_body
  6 -1.478938 11.002659 -7.224627 0.422137 0.739928 -0.523744 0.624671 0.890567 1 6 1.000000
  6 -1.382370 9.802854 -6.805361 0.059237 -0.260100 -0.963763 0.647942 0.800907 1 6 1.000000
  6 -1.131058 10.792749 -6.707885 -0.077349 0.878328 -0.471759 0.649491 0.892114 1 6 1.000000
..\..\..\Desktop\General\noesis\pc_body
  6 -1.064083 10.399029 -7.462177 0.935000 0.145754 -0.323311 0.617572 0.855066 1 6 1.000000
  6 -1.382370 9.802854 -6.805361 0.059237 -0.260100 -0.963763 0.647942 0.800907 1 6 1.000000
  6 -1.478938 11.002659 -7.224627 0.422137 0.739928 -0.523744 0.624671 0.890567 1 6 1.000000
..\..\..\Desktop\General\noesis\pc_body
  6 -1.478938 11.002659 -7.224627 0.422137 0.739928 -0.523744 0.624671 0.890567 1 6 1.000000
  6 -0.738382 10.690069 -7.191414 0.138968 0.972838 -0.185132 0.647942 0.800907 1 6 1.000000
  6 -1.064083 10.399029 -7.462177 0.935000 0.145754 -0.323311 0.617572 0.855066 1 6 1.000000
..\..\..\Desktop\General\noesis\pc_body
  6 -1.131058 10.792749 -6.707885 -0.077349 0.878328 -0.471759 0.649491 0.892114 1 6 1.000000
  6 -0.000026 10.733439 -6.966530 0.037887 0.999263 0.006091 0.641885 0.981329 1 6 1.000000
  6 -0.738382 10.690069 -7.191414 0.138968 0.972838 -0.185132 0.634088 0.937959 1 6 1.000000
..\..\..\Desktop\General\noesis\pc_body
  6 -1.131058 10.792749 -6.707885 -0.077349 0.878328 -0.471759 0.649491 0.892114 1 6 1.000000
  6 -0.738382 10.690069 -7.191414 0.138968 0.972838 -0.185132 0.634088 0.937959 1 6 1.000000
  6 -1.478938 11.002659 -7.224627 0.422137 0.739928 -0.523744 0.624671 0.890567 1 6 1.000000
..\..\..\Desktop\General\noesis\pc_body
  6 -0.883942 10.580109 -8.476026 0.136423 0.465410 -0.874518 0.569076 0.881986 1 6 1.000000
  6 -1.064083 10.399029 -7.462177 0.041662 0.577695 -0.815189 0.617572 0.855066 1 6 1.000000
  6 -0.738382 10.690069 -7.191414 0.138968 0.972838 -0.185132 0.617572 0.890567 1 6 1.000000
..\..\..\Desktop\General\noesis\pc_body
  6 -0.883942 10.580109 -8.476026 0.136423 0.465410 -0.874518 0.569076 0.881986 1 6 1.000000
  6 -1.382370 9.802854 -6.805361 0.059237 -0.260100 -0.963763 0.647942 0.800907 1 6 1.000000
  6 -1.064083 10.399029 -7.462177 0.041662 0.577695 -0.815189 0.617572 0.855066 1 6 1.000000
..\..\..\Desktop\General\noesis\pc_body
  6 -0.000035 10.674509 -3.524320 -0.580580 0.814198 0.002956 0.777307 0.917424 1 6 1.000000
  6 0.593981 10.430089 -3.523770 -0.619931 0.332406 0.710768 0.771660 0.849649 1 6 1.000000
  6 0.982557 10.904829 -4.908235 -0.229078 0.815963 0.530780 0.720998 0.897182 1 6 1.000000
..\..\..\Desktop\General\noesis\pc_body
  6 1.299715 9.888592 -4.997027 -0.215961 -0.412813 0.884843 0.716097 0.807610 1 6 1.000000
  6 0.982557 10.904829 -4.908235 -0.229078 0.815963 0.530780 0.720998 0.897182 1 6 1.000000
  6 0.593981 10.430089 -3.523770 -0.619931 0.332406 0.710768 0.771660 0.849649 1 6 1.000000
..\..\..\Desktop\General\noesis\pc_body
  6 0.593981 10.430089 -3.523770 -0.619931 0.332406 0.710768 0.771660 0.849649 1 6 1.000000
  6 -0.000035 10.674509 -3.524320 -0.580580 0.814198 0.002956 0.777307 0.917424 1 6 1.000000
  6 0.106599 9.890186 -3.070692 -0.989688 -0.134252 0.049942 0.791851 0.811687 1 6 1.000000
..\..\..\Desktop\General\noesis\pc_body
  6 1.299715 9.888592 -4.997027 -0.215961 -0.412813 0.884843 0.716097 0.807610 1 6 1.000000
  6 0.577960 9.831834 -3.591978 -0.520608 -0.437686 0.733075 0.770356 0.796682 1 6 1.000000
  6 -0.000024 9.300641 -3.764680 -0.358535 -0.933425 0.013085 0.774804 0.716803 1 6 1.000000
..\..\..\Desktop\General\noesis\pc_body
  6 -0.000024 9.300641 -3.764680 -0.358535 -0.933425 0.013085 0.774804 0.716803 1 6 1.000000
  6 0.577960 9.831834 -3.591978 -0.520608 -0.437686 0.733075 0.770356 0.796682 1 6 1.000000
  6 0.106599 9.890186 -3.070692 -0.989688 -0.134252 0.049942 0.791851 0.811687 1 6 1.000000
..\..\..\Desktop\General\noesis\pc_body
  6 0.593981 10.430089 -3.523770 -0.619931 0.332406 0.710768 0.771660 0.849649 1 6 1.000000
  6 0.106599 9.890186 -3.070692 -0.989688 -0.134252 0.049942 0.791851 0.811687 1 6 1.000000
  6 0.577960 9.831834 -3.591978 -0.520608 -0.437686 0.733075 0.770356 0.796682 1 6 1.000000
..\..\..\Desktop\General\noesis\pc_body
  6 0.593981 10.430089 -3.523770 -0.619931 0.332406 0.710768 0.771660 0.849649 1 6 1.000000
  6 0.577960 9.831834 -3.591978 -0.520608 -0.437686 0.733075 0.770356 0.796682 1 6 1.000000
  6 1.299715 9.888592 -4.997027 -0.215961 -0.412813 0.884843 0.716097 0.807610 1 6 1.000000
..\..\..\Desktop\General\noesis\pc_body
  7 -0.921421 10.506288 -1.312469 0.000000 0.948062 0.318084 0.479349 0.750789 1 7 1.000000
  7 -0.000032 10.506290 -0.206005 0.965132 -0.000000 0.261762 0.399363 0.750789 1 7 1.000000
  7 -0.720409 11.359268 -0.592089 0.660194 0.723486 0.201775 0.441292 0.615293 1 7 1.000000
..\..\..\Desktop\General\noesis\pc_body
  7 -1.290808 12.150826 -1.312458 0.000000 0.975691 0.219150 0.509017 0.520449 1 7 1.000000
  7 -0.921421 10.506288 -1.312469 0.000000 0.948062 0.318084 0.479349 0.750789 1 7 1.000000
  7 -0.720409 11.359268 -0.592089 0.660194 0.723486 0.201775 0.441292 0.615293 1 7 1.000000
..\..\..\Desktop\General\noesis\pc_body
  7 -0.921421 10.506288 -1.312469 0.000000 0.948062 0.318084 0.479349 0.750789 1 7 1.000000
  7 -1.290808 12.150826 -1.312458 0.000000 0.975691 0.219150 0.509017 0.520449 1 7 1.000000
  7 -0.720409 11.359268 -2.032836 -0.660194 0.723485 0.201775 0.441292 0.615293 1 7 1.000000
..\..\..\Desktop\General\noesis\pc_body
  7 -0.720409 11.359268 -2.032836 -0.660194 0.723485 0.201775 0.441292 0.615293 1 7 1.000000
  7 -0.000032 10.506290 -2.418934 -0.965132 0.000000 0.261762 0.399363 0.750789 1 7 1.000000
  7 -0.921421 10.506288 -1.312469 0.000000 0.948062 0.318084 0.479349 0.750789 1 7 1.000000
..\..\..\Desktop\General\noesis\pc_body
  7 -0.000038 12.150840 -2.527052 -0.997845 0.000000 0.065608 0.373067 0.520450 1 7 1.000000
  7 -0.000032 10.506290 -2.418934 -0.965132 0.000000 0.261762 0.399363 0.750789 1 7 1.000000
  7 -0.720409 11.359268 -2.032836 -0.660194 0.723485 0.201775 0.441292 0.615293 1 7 1.000000
..\..\..\Desktop\General\noesis\pc_body
  7 -0.000038 12.150840 -2.527052 -0.997845 0.000000 0.065608 0.373067 0.520450 1 7 1.000000
  7 0.720339 11.359282 -2.032836 -0.660194 -0.723485 0.201775 0.441292 0.615293 1 7 1.000000
  7 -0.000032 10.506290 -2.418934 -0.965132 0.000000 0.261762 0.399363 0.750789 1 7 1.000000
..\..\..\Desktop\General\noesis\pc_body
  7 0.720339 11.359282 -2.032836 -0.660194 -0.723485 0.201775 0.441292 0.615293 1 7 1.000000
  7 0.921357 10.506294 -1.312469 -0.000000 -0.948062 0.318084 0.479349 0.750789 1 7 1.000000
  7 -0.000032 10.506290 -2.418934 -0.965132 0.000000 0.261762 0.399363 0.750789 1 7 1.000000
..\..\..\Desktop\General\noesis\pc_body
  7 0.921357 10.506294 -1.312469 -0.000000 -0.948062 0.318084 0.479349 0.750789 1 7 1.000000
  7 0.720339 11.359282 -2.032836 -0.660194 -0.723485 0.201775 0.441292 0.615293 1 7 1.000000
  7 1.290732 12.150845 -1.312458 -0.000000 -0.975691 0.219150 0.509017 0.520449 1 7 1.000000
..\..\..\Desktop\General\noesis\pc_body
  7 0.921357 10.506294 -1.312469 -0.000000 -0.948062 0.318084 0.479349 0.750789 1 7 1.000000
  7 0.720339 11.359273 -0.592089 0.660194 -0.723486 0.201775 0.441292 0.615293 1 7 1.000000
  7 -0.000032 10.506290 -0.206005 0.965132 -0.000000 0.261762 0.399363 0.750789 1 7 1.000000
..\..\..\Desktop\General\noesis\pc_body
  7 1.290732 12.150845 -1.312458 -0.000000 -0.975691 0.219150 0.509017 0.520449 1 7 1.000000
  7 0.720339 11.359273 -0.592089 0.660194 -0.723486 0.201775 0.441292 0.615293 1 7 1.000000
  7 0.921357 10.506294 -1.312469 -0.000000 -0.948062 0.318084 0.479349 0.750789 1 7 1.000000
..\..\..\Desktop\General\noesis\pc_body
  7 0.720339 11.359273 -0.592089 0.660194 -0.723486 0.201775 0.441292 0.615293 1 7 1.000000
  7 -0.000038 12.150830 -0.097861 0.997846 -0.000000 0.065609 0.373067 0.520450 1 7 1.000000
  7 -0.000032 10.506290 -0.206005 0.965132 -0.000000 0.261762 0.399363 0.750789 1 7 1.000000
..\..\..\Desktop\General\noesis\pc_body
  7 -0.720409 11.359268 -0.592089 0.660194 0.723486 0.201775 0.441292 0.615293 1 7 1.000000
  7 -0.000032 10.506290 -0.206005 0.965132 -0.000000 0.261762 0.399363 0.750789 1 7 1.000000
  7 -0.000038 12.150830 -0.097861 0.997846 -0.000000 0.065609 0.373067 0.520450 1 7 1.000000
..\..\..\Desktop\General\noesis\pc_body
  7 -0.000038 12.150830 -0.097861 -0.699990 0.000000 -0.714153 0.461884 0.510629 1 7 1.000000
  7 -0.000034 10.960320 -1.312466 -0.000000 0.000000 -1.000000 0.440493 0.571288 1 7 1.000000
  7 -0.720409 11.359268 -0.592089 -0.272836 -0.242717 -0.930940 0.418691 0.510629 1 7 1.000000
..\..\..\Desktop\General\noesis\pc_body
  7 -0.000038 12.150830 -0.097861 -0.699990 0.000000 -0.714153 0.461884 0.510629 1 7 1.000000
  7 0.720339 11.359273 -0.592089 -0.272836 0.242717 -0.930940 0.418691 0.510629 1 7 1.000000
  7 -0.000034 10.960320 -1.312466 -0.000000 0.000000 -1.000000 0.440493 0.571288 1 7 1.000000
..\..\..\Desktop\General\noesis\pc_body
  7 0.720339 11.359273 -0.592089 -0.272836 0.242717 -0.930940 0.418691 0.510629 1 7 1.000000
  7 1.290732 12.150845 -1.312458 0.000000 0.677981 -0.735080 0.461884 0.510629 1 7 1.000000
  7 -0.000034 10.960320 -1.312466 -0.000000 0.000000 -1.000000 0.440493 0.571288 1 7 1.000000
..\..\..\Desktop\General\noesis\pc_body
  7 -0.000034 10.960320 -1.312466 -0.000000 0.000000 -1.000000 0.440493 0.571288 1 7 1.000000
  7 1.290732 12.150845 -1.312458 0.000000 0.677981 -0.735080 0.461884 0.510629 1 7 1.000000
  7 0.720339 11.359282 -2.032836 0.272836 0.242717 -0.930940 0.418691 0.510629 1 7 1.000000
..\..\..\Desktop\General\noesis\pc_body
  7 -0.000038 12.150840 -2.527052 0.699990 -0.000000 -0.714153 0.461884 0.510629 1 7 1.000000
  7 -0.000034 10.960320 -1.312466 -0.000000 0.000000 -1.000000 0.440493 0.571288 1 7 1.000000
  7 0.720339 11.359282 -2.032836 0.272836 0.242717 -0.930940 0.418691 0.510629 1 7 1.000000
..\..\..\Desktop\General\noesis\pc_body
  7 -0.000038 12.150840 -2.527052 0.699990 -0.000000 -0.714153 0.461884 0.510629 1 7 1.000000
  7 -0.720409 11.359268 -2.032836 0.272836 -0.242717 -0.930940 0.418691 0.510629 1 7 1.000000
  7 -0.000034 10.960320 -1.312466 -0.000000 0.000000 -1.000000 0.440493 0.571288 1 7 1.000000
..\..\..\Desktop\General\noesis\pc_body
  7 -0.720409 11.359268 -2.032836 0.272836 -0.242717 -0.930940 0.418691 0.510629 1 7 1.000000
  7 -1.290808 12.150826 -1.312458 -0.000000 -0.677981 -0.735080 0.461884 0.510629 1 7 1.000000
  7 -0.000034 10.960320 -1.312466 -0.000000 0.000000 -1.000000 0.440493 0.571288 1 7 1.000000
..\..\..\Desktop\General\noesis\pc_body
  7 -1.290808 12.150826 -1.312458 -0.000000 -0.677981 -0.735080 0.461884 0.510629 1 7 1.000000
  7 -0.720409 11.359268 -0.592089 -0.272836 -0.242717 -0.930940 0.418691 0.510629 1 7 1.000000
  7 -0.000034 10.960320 -1.312466 -0.000000 0.000000 -1.000000 0.440493 0.571288 1 7 1.000000
..\..\..\Desktop\General\noesis\pc_body
  7 -1.833177 6.299643 -0.956613 -0.000001 0.579661 0.814858 0.272978 0.044585 1 7 1.000000
  7 -1.401407 6.305330 -0.956613 -0.000002 -0.590736 0.806865 0.308356 0.044866 1 7 1.000000
  7 -1.612798 6.707000 -0.512430 0.999397 -0.008327 0.033723 0.290878 0.066893 1 7 1.000000
..\..\..\Desktop\General\noesis\pc_body
  7 -1.998549 6.735307 -0.956608 -0.000001 0.970901 -0.239481 0.271063 0.091674 1 7 1.000000
  7 -1.833177 6.299643 -0.956613 -0.000001 0.579661 0.814858 0.272978 0.044585 1 7 1.000000
  7 -1.612798 6.707000 -0.512430 0.999397 -0.008327 0.033723 0.290878 0.066893 1 7 1.000000
..\..\..\Desktop\General\noesis\pc_body
  7 -1.612800 7.107888 -0.956607 -0.000000 0.000000 -1.000000 0.290853 0.112489 1 7 1.000000
  7 -1.998549 6.735307 -0.956608 -0.000001 0.970901 -0.239481 0.271063 0.091674 1 7 1.000000
  7 -1.612798 6.707000 -0.512430 0.999397 -0.008327 0.033723 0.290878 0.066893 1 7 1.000000
..\..\..\Desktop\General\noesis\pc_body
  7 -1.401407 6.305330 -0.956613 -0.000002 -0.590736 0.806865 0.308356 0.044866 1 7 1.000000
  7 -1.236029 6.735313 -0.956609 -0.000002 -0.973337 -0.229378 0.310339 0.091674 1 7 1.000000
  7 -1.612798 6.707000 -0.512430 0.999397 -0.008327 0.033723 0.290878 0.066893 1 7 1.000000
..\..\..\Desktop\General\noesis\pc_body
  7 -1.236029 6.735313 -0.956609 -0.000002 -0.973337 -0.229378 0.310339 0.091674 1 7 1.000000
  7 -1.612800 7.107888 -0.956607 -0.000000 0.000000 -1.000000 0.290853 0.112489 1 7 1.000000
  7 -1.612798 6.707000 -0.512430 0.999397 -0.008327 0.033723 0.290878 0.066893 1 7 1.000000
..\..\..\Desktop\General\noesis\pc_body
  7 -1.612800 7.107888 -0.956607 -0.000000 0.000000 -1.000000 0.290853 0.112489 1 7 1.000000
  7 -1.236029 6.735313 -0.956609 -0.000002 -0.973337 -0.229378 0.310339 0.091674 1 7 1.000000
  7 -1.612798 6.707004 -1.400786 -0.999397 -0.008327 0.033722 0.290878 0.066893 1 7 1.000000
..\..\..\Desktop\General\noesis\pc_body
  7 -1.998549 6.735307 -0.956608 -0.000001 0.970901 -0.239481 0.271063 0.091674 1 7 1.000000
  7 -1.612800 7.107888 -0.956607 -0.000000 0.000000 -1.000000 0.290853 0.112489 1 7 1.000000
  7 -1.612798 6.707004 -1.400786 -0.999397 -0.008327 0.033722 0.290878 0.066893 1 7 1.000000
..\..\..\Desktop\General\noesis\pc_body
  7 -1.833177 6.299643 -0.956613 -0.000001 0.579661 0.814858 0.272978 0.044585 1 7 1.000000
  7 -1.998549 6.735307 -0.956608 -0.000001 0.970901 -0.239481 0.271063 0.091674 1 7 1.000000
  7 -1.612798 6.707004 -1.400786 -0.999397 -0.008327 0.033722 0.290878 0.066893 1 7 1.000000
..\..\..\Desktop\General\noesis\pc_body
  7 -1.401407 6.305330 -0.956613 -0.000002 -0.590736 0.806865 0.308356 0.044866 1 7 1.000000
  7 -1.833177 6.299643 -0.956613 -0.000001 0.579661 0.814858 0.272978 0.044585 1 7 1.000000
  7 -1.612798 6.707004 -1.400786 -0.999397 -0.008327 0.033722 0.290878 0.066893 1 7 1.000000
..\..\..\Desktop\General\noesis\pc_body
  7 -1.236029 6.735313 -0.956609 -0.000002 -0.973337 -0.229378 0.310339 0.091674 1 7 1.000000
  7 -1.401407 6.305330 -0.956613 -0.000002 -0.590736 0.806865 0.308356 0.044866 1 7 1.000000
  7 -1.612798 6.707004 -1.400786 -0.999397 -0.008327 0.033722 0.290878 0.066893 1 7 1.000000
..\..\..\Desktop\General\noesis\pc_body
  7 1.833143 6.299669 -0.956613 -0.000001 -0.579661 0.814857 0.272978 0.044585 1 7 1.000000
  7 1.612761 6.707024 -0.512430 0.999397 0.008327 0.033723 0.290878 0.066893 1 7 1.000000
  7 1.401373 6.305350 -0.956613 -0.000002 0.590736 0.806865 0.308356 0.044866 1 7 1.000000
..\..\..\Desktop\General\noesis\pc_body
  7 1.998511 6.735336 -0.956608 -0.000001 -0.970901 -0.239481 0.271063 0.091674 1 7 1.000000
  7 1.612761 6.707024 -0.512430 0.999397 0.008327 0.033723 0.290878 0.066893 1 7 1.000000
  7 1.833143 6.299669 -0.956613 -0.000001 -0.579661 0.814857 0.272978 0.044585 1 7 1.000000
..\..\..\Desktop\General\noesis\pc_body
  7 1.612760 7.107912 -0.956607 -0.000000 0.000000 -1.000000 0.290853 0.112489 1 7 1.000000
  7 1.612761 6.707024 -0.512430 0.999397 0.008327 0.033723 0.290878 0.066893 1 7 1.000000
  7 1.998511 6.735336 -0.956608 -0.000001 -0.970901 -0.239481 0.271063 0.091674 1 7 1.000000
..\..\..\Desktop\General\noesis\pc_body
  7 1.235991 6.735331 -0.956609 -0.000001 0.973337 -0.229378 0.310339 0.091674 1 7 1.000000
  7 1.612761 6.707024 -0.512430 0.999397 0.008327 0.033723 0.290878 0.066893 1 7 1.000000
  7 1.612760 7.107912 -0.956607 -0.000000 0.000000 -1.000000 0.290853 0.112489 1 7 1.000000
..\..\..\Desktop\General\noesis\pc_body
  7 1.401373 6.305350 -0.956613 -0.000002 0.590736 0.806865 0.308356 0.044866 1 7 1.000000
  7 1.612761 6.707024 -0.512430 0.999397 0.008327 0.033723 0.290878 0.066893 1 7 1.000000
  7 1.235991 6.735331 -0.956609 -0.000001 0.973337 -0.229378 0.310339 0.091674 1 7 1.000000
..\..\..\Desktop\General\noesis\pc_body
  7 1.612760 7.107912 -0.956607 -0.000000 0.000000 -1.000000 0.290853 0.112489 1 7 1.000000
  7 1.612761 6.707028 -1.400786 -0.999397 0.008327 0.033723 0.290878 0.066893 1 7 1.000000
  7 1.235991 6.735331 -0.956609 -0.000001 0.973337 -0.229378 0.310339 0.091674 1 7 1.000000
..\..\..\Desktop\General\noesis\pc_body
  7 1.998511 6.735336 -0.956608 -0.000001 -0.970901 -0.239481 0.271063 0.091674 1 7 1.000000
  7 1.612761 6.707028 -1.400786 -0.999397 0.008327 0.033723 0.290878 0.066893 1 7 1.000000
  7 1.612760 7.107912 -0.956607 -0.000000 0.000000 -1.000000 0.290853 0.112489 1 7 1.000000
..\..\..\Desktop\General\noesis\pc_body
  7 1.833143 6.299669 -0.956613 -0.000001 -0.579661 0.814857 0.272978 0.044585 1 7 1.000000
  7 1.612761 6.707028 -1.400786 -0.999397 0.008327 0.033723 0.290878 0.066893 1 7 1.000000
  7 1.998511 6.735336 -0.956608 -0.000001 -0.970901 -0.239481 0.271063 0.091674 1 7 1.000000
..\..\..\Desktop\General\noesis\pc_body
  7 1.401373 6.305350 -0.956613 -0.000002 0.590736 0.806865 0.308356 0.044866 1 7 1.000000
  7 1.612761 6.707028 -1.400786 -0.999397 0.008327 0.033723 0.290878 0.066893 1 7 1.000000
  7 1.833143 6.299669 -0.956613 -0.000001 -0.579661 0.814857 0.272978 0.044585 1 7 1.000000
..\..\..\Desktop\General\noesis\pc_body
  7 1.235991 6.735331 -0.956609 -0.000001 0.973337 -0.229378 0.310339 0.091674 1 7 1.000000
  7 1.612761 6.707028 -1.400786 -0.999397 0.008327 0.033723 0.290878 0.066893 1 7 1.000000
  7 1.401373 6.305350 -0.956613 -0.000002 0.590736 0.806865 0.308356 0.044866 1 7 1.000000
..\..\..\Desktop\General\noesis\pc_body
  7 1.444145 8.420929 -3.323188 -0.751720 -0.631805 0.189049 0.784486 0.306433 1 7 1.000000
  7 1.541049 10.167875 -2.568096 -0.524683 -0.614122 -0.589544 0.744385 0.433852 1 7 1.000000
  7 2.367523 9.118459 -1.573056 -0.269670 -0.952000 -0.144822 0.810329 0.469336 1 7 1.000000
..\..\..\Desktop\General\noesis\pc_body
  7 1.903127 7.961497 -2.024099 -0.211357 -0.882334 0.420494 0.833154 0.376077 1 7 1.000000
  7 1.444145 8.420929 -3.323188 -0.751720 -0.631805 0.189049 0.784486 0.306433 1 7 1.000000
  7 2.367523 9.118459 -1.573056 -0.269670 -0.952000 -0.144822 0.810329 0.469336 1 7 1.000000
..\..\..\Desktop\General\noesis\pc_body
  7 1.903127 7.961497 -2.024099 -0.211357 -0.882334 0.420494 0.833154 0.376077 1 7 1.000000
  7 2.367523 9.118459 -1.573056 -0.269670 -0.952000 -0.144822 0.810329 0.469336 1 7 1.000000
  7 1.970206 8.163915 -1.075921 0.193895 -0.941088 0.277054 0.857663 0.483607 1 7 1.000000
..\..\..\Desktop\General\noesis\pc_body
  7 1.903127 7.961497 -2.024099 -0.211357 -0.882334 0.420494 0.833154 0.376077 1 7 1.000000
  7 1.970206 8.163915 -1.075921 0.193895 -0.941088 0.277054 0.857663 0.483607 1 7 1.000000
  7 1.500941 6.902786 -0.658829 0.084173 -0.834089 0.545170 0.899924 0.354503 1 7 1.000000
..\..\..\Desktop\General\noesis\pc_body
  7 1.903127 7.961497 -2.024099 -0.211357 -0.882334 0.420494 0.833154 0.376077 1 7 1.000000
  7 1.133361 6.898479 -2.009135 -0.385290 -0.519911 0.762394 0.863053 0.266044 1 7 1.000000
  7 1.444145 8.420929 -3.323188 -0.751720 -0.631805 0.189049 0.784486 0.306433 1 7 1.000000
..\..\..\Desktop\General\noesis\pc_body
  7 1.133361 6.898479 -2.009135 -0.385290 -0.519911 0.762394 0.863053 0.266044 1 7 1.000000
  7 1.903127 7.961497 -2.024099 -0.211357 -0.882334 0.420494 0.833154 0.376077 1 7 1.000000
  7 1.500941 6.902786 -0.658829 0.084173 -0.834089 0.545170 0.899924 0.354503 1 7 1.000000
..\..\..\Desktop\General\noesis\pc_body
  7 0.653211 6.444186 -1.178896 -0.186407 -0.595111 0.781726 0.917111 0.239032 1 7 1.000000
  7 1.133361 6.898479 -2.009135 -0.385290 -0.519911 0.762394 0.863053 0.266044 1 7 1.000000
  7 1.500941 6.902786 -0.658829 0.084173 -0.834089 0.545170 0.899924 0.354503 1 7 1.000000
..\..\..\Desktop\General\noesis\pc_body
  7 0.653211 6.444186 -1.178896 -0.186407 -0.595111 0.781726 0.917111 0.239032 1 7 1.000000
  7 -0.000018 6.497170 -1.772295 -0.587625 0.000000 0.809133 0.900034 0.179958 1 7 1.000000
  7 1.133361 6.898479 -2.009135 -0.385290 -0.519911 0.762394 0.863053 0.266044 1 7 1.000000
..\..\..\Desktop\General\noesis\pc_body
  7 0.653211 6.444186 -1.178896 -0.186407 -0.595111 0.781726 0.917111 0.239032 1 7 1.000000
  8 -0.000011 4.557540 -1.095547 -0.988657 0.000000 -0.150190 0.941241 0.127512 1 8 1.000000
  7 -0.000018 6.497170 -1.772295 -0.587625 0.000000 0.809133 0.900034 0.179958 1 7 1.000000
..\..\..\Desktop\General\noesis\pc_body
  7 0.653211 6.444186 -1.178896 -0.186407 -0.595111 0.781726 0.917111 0.239032 1 7 1.000000
  7 -0.000016 6.109599 -0.549121 0.145141 -0.000000 0.989411 0.963172 0.224511 1 7 1.000000
  8 -0.000011 4.557540 -1.095547 -0.988657 0.000000 -0.150190 0.941241 0.127512 1 8 1.000000
..\..\..\Desktop\General\noesis\pc_body
  7 0.802126 6.273242 -0.042614 0.188817 -0.582579 0.790538 0.953712 0.313592 1 7 1.000000
  7 0.653211 6.444186 -1.178896 -0.186407 -0.595111 0.781726 0.917111 0.239032 1 7 1.000000
  7 1.500941 6.902786 -0.658829 0.084173 -0.834089 0.545170 0.899924 0.354503 1 7 1.000000
..\..\..\Desktop\General\noesis\pc_body
  7 -0.000016 6.109599 -0.549121 0.145141 -0.000000 0.989411 0.963172 0.224511 1 7 1.000000
  7 0.653211 6.444186 -1.178896 -0.186407 -0.595111 0.781726 0.917111 0.239032 1 7 1.000000
  7 0.802126 6.273242 -0.042614 0.188817 -0.582579 0.790538 0.953712 0.313592 1 7 1.000000
..\..\..\Desktop\General\noesis\pc_body
  7 -0.000016 6.109599 -0.549121 0.145141 -0.000000 0.989411 0.963172 0.224511 1 7 1.000000
  7 0.802126 6.273242 -0.042614 0.188817 -0.582579 0.790538 0.953712 0.313592 1 7 1.000000
  7 -0.000016 5.951355 0.357204 0.735850 -0.000000 0.677145 0.993518 0.274965 1 7 1.000000
..\..\..\Desktop\General\noesis\pc_body
  7 -0.000016 6.109599 -0.549121 0.145141 -0.000000 0.989411 0.963172 0.224511 1 7 1.000000
  7 -0.000016 5.951355 0.357204 0.735850 -0.000000 0.677145 0.993518 0.274965 1 7 1.000000
  7 -0.802160 6.273229 -0.042614 0.188816 0.582579 0.790538 0.953712 0.313592 1 7 1.000000
..\..\..\Desktop\General\noesis\pc_body
  7 -0.653246 6.444178 -1.178896 -0.186407 0.595111 0.781726 0.917111 0.239032 1 7 1.000000
  8 -0.000011 4.557540 -1.095547 -0.988657 0.000000 -0.150190 0.941241 0.127512 1 8 1.000000
  7 -0.000016 6.109599 -0.549121 0.145141 -0.000000 0.989411 0.963172 0.224511 1 7 1.000000
..\..\..\Desktop\General\noesis\pc_body
  7 -0.000016 6.109599 -0.549121 0.145141 -0.000000 0.989411 0.963172 0.224511 1 7 1.000000
  7 -0.802160 6.273229 -0.042614 0.188816 0.582579 0.790538 0.953712 0.313592 1 7 1.000000
  7 -0.653246 6.444178 -1.178896 -0.186407 0.595111 0.781726 0.917111 0.239032 1 7 1.000000
..\..\..\Desktop\General\noesis\pc_body
  7 -0.653246 6.444178 -1.178896 -0.186407 0.595111 0.781726 0.917111 0.239032 1 7 1.000000
  7 -0.000018 6.497170 -1.772295 -0.587625 0.000000 0.809133 0.900034 0.179958 1 7 1.000000
  8 -0.000011 4.557540 -1.095547 -0.988657 0.000000 -0.150190 0.941241 0.127512 1 8 1.000000
..\..\..\Desktop\General\noesis\pc_body
  7 -0.653246 6.444178 -1.178896 -0.186407 0.595111 0.781726 0.917111 0.239032 1 7 1.000000
  7 -1.133399 6.898463 -2.009135 -0.385290 0.519911 0.762394 0.863053 0.266044 1 7 1.000000
  7 -0.000018 6.497170 -1.772295 -0.587625 0.000000 0.809133 0.900034 0.179958 1 7 1.000000
..\..\..\Desktop\General\noesis\pc_body
  7 -0.653246 6.444178 -1.178896 -0.186407 0.595111 0.781726 0.917111 0.239032 1 7 1.000000
  7 -1.500979 6.902764 -0.658829 0.084173 0.834089 0.545170 0.899924 0.354503 1 7 1.000000
  7 -1.133399 6.898463 -2.009135 -0.385290 0.519911 0.762394 0.863053 0.266044 1 7 1.000000
..\..\..\Desktop\General\noesis\pc_body
  7 -0.802160 6.273229 -0.042614 0.188816 0.582579 0.790538 0.953712 0.313592 1 7 1.000000
  7 -1.500979 6.902764 -0.658829 0.084173 0.834089 0.545170 0.899924 0.354503 1 7 1.000000
  7 -0.653246 6.444178 -1.178896 -0.186407 0.595111 0.781726 0.917111 0.239032 1 7 1.000000
..\..\..\Desktop\General\noesis\pc_body
  7 -1.188100 7.002499 0.149852 0.649308 0.707906 0.277973 0.931417 0.401853 1 7 1.000000
  7 -1.500979 6.902764 -0.658829 0.084173 0.834089 0.545170 0.899924 0.354503 1 7 1.000000
  7 -0.802160 6.273229 -0.042614 0.188816 0.582579 0.790538 0.953712 0.313592 1 7 1.000000
..\..\..\Desktop\General\noesis\pc_body
  7 -1.493272 7.732466 -0.107783 0.515012 0.842330 0.158880 0.920182 0.447303 1 7 1.000000
  7 -1.500979 6.902764 -0.658829 0.084173 0.834089 0.545170 0.899924 0.354503 1 7 1.000000
  7 -1.188100 7.002499 0.149852 0.649308 0.707906 0.277973 0.931417 0.401853 1 7 1.000000
..\..\..\Desktop\General\noesis\pc_body
  7 -1.493272 7.732466 -0.107783 0.515012 0.842330 0.158880 0.920182 0.447303 1 7 1.000000
  7 -1.970254 8.163886 -1.075921 0.193895 0.941088 0.277054 0.857663 0.483607 1 7 1.000000
  7 -1.500979 6.902764 -0.658829 0.084173 0.834089 0.545170 0.899924 0.354503 1 7 1.000000
..\..\..\Desktop\General\noesis\pc_body
  7 -1.970254 8.163886 -1.075921 0.193895 0.941088 0.277054 0.857663 0.483607 1 7 1.000000
  7 -1.493272 7.732466 -0.107783 0.515012 0.842330 0.158880 0.920182 0.447303 1 7 1.000000
  7 -1.561964 8.240054 -0.089019 0.697075 0.706090 0.124596 0.908947 0.492753 1 7 1.000000
..\..\..\Desktop\General\noesis\pc_body
  7 -1.903173 7.961469 -2.024099 -0.211358 0.882334 0.420494 0.833154 0.376077 1 7 1.000000
  7 -1.500979 6.902764 -0.658829 0.084173 0.834089 0.545170 0.899924 0.354503 1 7 1.000000
  7 -1.970254 8.163886 -1.075921 0.193895 0.941088 0.277054 0.857663 0.483607 1 7 1.000000
..\..\..\Desktop\General\noesis\pc_body
  7 -1.133399 6.898463 -2.009135 -0.385290 0.519911 0.762394 0.863053 0.266044 1 7 1.000000
  7 -1.500979 6.902764 -0.658829 0.084173 0.834089 0.545170 0.899924 0.354503 1 7 1.000000
  7 -1.903173 7.961469 -2.024099 -0.211358 0.882334 0.420494 0.833154 0.376077 1 7 1.000000
..\..\..\Desktop\General\noesis\pc_body
  7 -1.903173 7.961469 -2.024099 -0.211358 0.882334 0.420494 0.833154 0.376077 1 7 1.000000
  7 -1.970254 8.163886 -1.075921 0.193895 0.941088 0.277054 0.857663 0.483607 1 7 1.000000
  7 -2.367577 9.118424 -1.573056 -0.269670 0.952000 -0.144822 0.810329 0.469336 1 7 1.000000
..\..\..\Desktop\General\noesis\pc_body
  7 -1.903173 7.961469 -2.024099 -0.211358 0.882334 0.420494 0.833154 0.376077 1 7 1.000000
  7 -1.444195 8.420908 -3.323188 -0.751720 0.631805 0.189049 0.784486 0.306433 1 7 1.000000
  7 -1.133399 6.898463 -2.009135 -0.385290 0.519911 0.762394 0.863053 0.266044 1 7 1.000000
..\..\..\Desktop\General\noesis\pc_body
  7 -1.903173 7.961469 -2.024099 -0.211358 0.882334 0.420494 0.833154 0.376077 1 7 1.000000
  7 -2.367577 9.118424 -1.573056 -0.269670 0.952000 -0.144822 0.810329 0.469336 1 7 1.000000
  7 -1.444195 8.420908 -3.323188 -0.751720 0.631805 0.189049 0.784486 0.306433 1 7 1.000000
..\..\..\Desktop\General\noesis\pc_body
  7 -1.444195 8.420908 -3.323188 -0.751720 0.631805 0.189049 0.784486 0.306433 1 7 1.000000
  7 -2.367577 9.118424 -1.573056 -0.269670 0.952000 -0.144822 0.810329 0.469336 1 7 1.000000
  7 -1.541111 10.167854 -2.568096 -0.524683 0.614122 -0.589544 0.744385 0.433852 1 7 1.000000
..\..\..\Desktop\General\noesis\pc_body
  7 -0.000030 9.847018 -3.486088 -0.904651 0.000000 -0.426154 0.708465 0.288303 1 7 1.000000
  7 -1.444195 8.420908 -3.323188 -0.751720 0.631805 0.189049 0.784486 0.306433 1 7 1.000000
  7 -1.541111 10.167854 -2.568096 -0.524683 0.614122 -0.589544 0.744385 0.433852 1 7 1.000000
..\..\..\Desktop\General\noesis\pc_body
  7 -0.000030 9.847018 -3.486088 -0.904651 0.000000 -0.426154 0.708465 0.288303 1 7 1.000000
  7 1.541049 10.167875 -2.568096 -0.524683 -0.614122 -0.589544 0.744385 0.433852 1 7 1.000000
  7 1.444145 8.420929 -3.323188 -0.751720 -0.631805 0.189049 0.784486 0.306433 1 7 1.000000
..\..\..\Desktop\General\noesis\pc_body
  7 -0.000030 9.847018 -3.486088 -0.904651 0.000000 -0.426154 0.708465 0.288303 1 7 1.000000
  7 -1.541111 10.167854 -2.568096 -0.524683 0.614122 -0.589544 0.744385 0.433852 1 7 1.000000
  7 -0.000033 10.730250 -2.660012 -0.357643 0.000000 -0.933858 0.680220 0.394517 1 7 1.000000
..\..\..\Desktop\General\noesis\pc_body
  7 -0.000030 9.847018 -3.486088 -0.904651 0.000000 -0.426154 0.708465 0.288303 1 7 1.000000
  7 -0.000033 10.730250 -2.660012 -0.357643 0.000000 -0.933858 0.680220 0.394517 1 7 1.000000
  7 1.541049 10.167875 -2.568096 -0.524683 -0.614122 -0.589544 0.744385 0.433852 1 7 1.000000
..\..\..\Desktop\General\noesis\pc_body
  7 1.444145 8.420929 -3.323188 -0.751720 -0.631805 0.189049 0.784486 0.306433 1 7 1.000000
  7 -0.000025 8.419509 -3.751638 -0.986375 0.000000 0.164513 0.762990 0.193329 1 7 1.000000
  7 -0.000030 9.847018 -3.486088 -0.904651 0.000000 -0.426154 0.708465 0.288303 1 7 1.000000
..\..\..\Desktop\General\noesis\pc_body
  7 -1.444195 8.420908 -3.323188 -0.751720 0.631805 0.189049 0.784486 0.306433 1 7 1.000000
  7 -0.000030 9.847018 -3.486088 -0.904651 0.000000 -0.426154 0.708465 0.288303 1 7 1.000000
  7 -0.000025 8.419509 -3.751638 -0.986375 0.000000 0.164513 0.762990 0.193329 1 7 1.000000
..\..\..\Desktop\General\noesis\pc_body
  7 -0.000020 7.082551 -3.001278 -0.689461 0.000000 0.724323 0.836796 0.154242 1 7 1.000000
  7 -1.444195 8.420908 -3.323188 -0.751720 0.631805 0.189049 0.784486 0.306433 1 7 1.000000
  7 -0.000025 8.419509 -3.751638 -0.986375 0.000000 0.164513 0.762990 0.193329 1 7 1.000000
..\..\..\Desktop\General\noesis\pc_body
  7 -0.000020 7.082551 -3.001278 -0.689461 0.000000 0.724323 0.836796 0.154242 1 7 1.000000
  7 -0.000025 8.419509 -3.751638 -0.986375 0.000000 0.164513 0.762990 0.193329 1 7 1.000000
  7 1.444145 8.420929 -3.323188 -0.751720 -0.631805 0.189049 0.784486 0.306433 1 7 1.000000
..\..\..\Desktop\General\noesis\pc_body
  7 1.133361 6.898479 -2.009135 -0.385290 -0.519911 0.762394 0.863053 0.266044 1 7 1.000000
  7 -0.000018 6.497170 -1.772295 -0.587625 0.000000 0.809133 0.900034 0.179958 1 7 1.000000
  7 -0.000020 7.082551 -3.001278 -0.689461 0.000000 0.724323 0.836796 0.154242 1 7 1.000000
..\..\..\Desktop\General\noesis\pc_body
  7 1.133361 6.898479 -2.009135 -0.385290 -0.519911 0.762394 0.863053 0.266044 1 7 1.000000
  7 -0.000020 7.082551 -3.001278 -0.689461 0.000000 0.724323 0.836796 0.154242 1 7 1.000000
  7 1.444145 8.420929 -3.323188 -0.751720 -0.631805 0.189049 0.784486 0.306433 1 7 1.000000
..\..\..\Desktop\General\noesis\pc_body
  7 -1.133399 6.898463 -2.009135 -0.385290 0.519911 0.762394 0.863053 0.266044 1 7 1.000000
  7 -0.000020 7.082551 -3.001278 -0.689461 0.000000 0.724323 0.836796 0.154242 1 7 1.000000
  7 -0.000018 6.497170 -1.772295 -0.587625 0.000000 0.809133 0.900034 0.179958 1 7 1.000000
..\..\..\Desktop\General\noesis\pc_body
  7 -1.133399 6.898463 -2.009135 -0.385290 0.519911 0.762394 0.863053 0.266044 1 7 1.000000
  7 -1.444195 8.420908 -3.323188 -0.751720 0.631805 0.189049 0.784486 0.306433 1 7 1.000000
  7 -0.000020 7.082551 -3.001278 -0.689461 0.000000 0.724323 0.836796 0.154242 1 7 1.000000
..\..\..\Desktop\General\noesis\pc_body
  7 1.541049 10.167875 -2.568096 -0.524683 -0.614122 -0.589544 0.744385 0.433852 1 7 1.000000
  7 1.657628 10.344136 -1.178865 -0.306283 -0.436343 -0.846047 0.755173 0.537459 1 7 1.000000
  7 2.367523 9.118459 -1.573056 -0.269670 -0.952000 -0.144822 0.810329 0.469336 1 7 1.000000
..\..\..\Desktop\General\noesis\pc_body
  7 1.541049 10.167875 -2.568096 -0.524683 -0.614122 -0.589544 0.744385 0.433852 1 7 1.000000
  7 -0.000033 10.730250 -2.660012 -0.357643 0.000000 -0.933858 0.680220 0.394517 1 7 1.000000
  7 1.657628 10.344136 -1.178865 -0.306283 -0.436343 -0.846047 0.755173 0.537459 1 7 1.000000
..\..\..\Desktop\General\noesis\pc_body
  7 1.657628 10.344136 -1.178865 -0.306283 -0.436343 -0.846047 0.755173 0.537459 1 7 1.000000
  7 -0.000033 10.730250 -2.660012 -0.357643 0.000000 -0.933858 0.680220 0.394517 1 7 1.000000
  7 -0.000034 10.919850 -1.149059 -0.130668 0.000000 -0.991426 0.663793 0.536727 1 7 1.000000
..\..\..\Desktop\General\noesis\pc_body
  7 -0.000033 10.730250 -2.660012 -0.357643 0.000000 -0.933858 0.680220 0.394517 1 7 1.000000
  7 -1.541111 10.167854 -2.568096 -0.524683 0.614122 -0.589544 0.744385 0.433852 1 7 1.000000
  7 -1.657692 10.344104 -1.178865 -0.306283 0.436343 -0.846047 0.755173 0.537459 1 7 1.000000
..\..\..\Desktop\General\noesis\pc_body
  7 -1.541111 10.167854 -2.568096 -0.524683 0.614122 -0.589544 0.744385 0.433852 1 7 1.000000
  7 -2.367577 9.118424 -1.573056 -0.269670 0.952000 -0.144822 0.810329 0.469336 1 7 1.000000
  7 -1.657692 10.344104 -1.178865 -0.306283 0.436343 -0.846047 0.755173 0.537459 1 7 1.000000
..\..\..\Desktop\General\noesis\pc_body
  7 -0.000034 10.919850 -1.149059 -0.130668 0.000000 -0.991426 0.663793 0.536727 1 7 1.000000
  7 -0.000033 10.730250 -2.660012 -0.357643 0.000000 -0.933858 0.680220 0.394517 1 7 1.000000
  7 -1.657692 10.344104 -1.178865 -0.306283 0.436343 -0.846047 0.755173 0.537459 1 7 1.000000
..\..\..\Desktop\General\noesis\pc_body
  7 -1.657692 10.344104 -1.178865 -0.306283 0.436343 -0.846047 0.755173 0.537459 1 7 1.000000
  7 -2.367577 9.118424 -1.573056 -0.269670 0.952000 -0.144822 0.810329 0.469336 1 7 1.000000
  7 -2.269598 9.454755 -1.063851 -0.197794 0.819316 -0.538144 0.804017 0.526217 1 7 1.000000
..\..\..\Desktop\General\noesis\pc_body
  7 1.657628 10.344136 -1.178865 -0.306283 -0.436343 -0.846047 0.755173 0.537459 1 7 1.000000
  7 2.269542 9.454786 -1.063851 -0.197793 -0.819316 -0.538144 0.804017 0.526217 1 7 1.000000
  7 2.367523 9.118459 -1.573056 -0.269670 -0.952000 -0.144822 0.810329 0.469336 1 7 1.000000
..\..\..\Desktop\General\noesis\pc_body
  7 1.321300 9.946761 1.110873 0.877603 -0.468976 0.099367 0.931353 0.658406 1 7 1.000000
  7 -0.000027 8.967301 1.289796 0.805299 -0.000000 0.592869 0.990810 0.564582 1 7 1.000000
  7 1.086552 9.272002 0.467298 0.677874 -0.292694 0.674402 0.941581 0.593768 1 7 1.000000
..\..\..\Desktop\General\noesis\pc_body
  7 -0.000027 8.967301 1.289796 0.805299 -0.000000 0.592869 0.990810 0.564582 1 7 1.000000
  7 1.321300 9.946761 1.110873 0.877603 -0.468976 0.099367 0.931353 0.658406 1 7 1.000000
  7 -0.000030 9.884980 1.529692 0.939969 -0.000000 -0.341261 0.990810 0.652489 1 7 1.000000
..\..\..\Desktop\General\noesis\pc_body
  7 -0.000027 8.967301 1.289796 0.805299 -0.000000 0.592869 0.990810 0.564582 1 7 1.000000
  7 -0.000030 9.884980 1.529692 0.939969 -0.000000 -0.341261 0.990810 0.652489 1 7 1.000000
  7 -1.321360 9.946742 1.110873 0.877604 0.468976 0.099367 0.931353 0.658406 1 7 1.000000
..\..\..\Desktop\General\noesis\pc_body
  7 -1.321360 9.946742 1.110873 0.877604 0.468976 0.099367 0.931353 0.658406 1 7 1.000000
  7 -1.086608 9.271986 0.467298 0.677874 0.292693 0.674402 0.941581 0.593768 1 7 1.000000
  7 -0.000027 8.967301 1.289796 0.805299 -0.000000 0.592869 0.990810 0.564582 1 7 1.000000
..\..\..\Desktop\General\noesis\pc_body
  7 -1.086608 9.271986 0.467298 0.677874 0.292693 0.674402 0.941581 0.593768 1 7 1.000000
  7 -1.321360 9.946742 1.110873 0.877604 0.468976 0.099367 0.931353 0.658406 1 7 1.000000
  7 -1.561964 8.240054 -0.089019 0.621749 0.298783 0.723987 0.908947 0.492753 1 7 1.000000
..\..\..\Desktop\General\noesis\pc_body
  7 -1.561964 8.240054 -0.089019 0.621749 0.298783 0.723987 0.908947 0.492753 1 7 1.000000
  7 -1.321360 9.946742 1.110873 0.877604 0.468976 0.099367 0.931353 0.658406 1 7 1.000000
  7 -2.494727 9.125328 0.088627 0.618817 0.785316 0.018551 0.884539 0.579394 1 7 1.000000
..\..\..\Desktop\General\noesis\pc_body
  7 -2.903886 8.760439 -1.106312 -0.125648 0.680470 0.721924 0.841161 0.543795 1 7 1.000000
  7 -1.561964 8.240054 -0.089019 0.621749 0.298783 0.723987 0.908947 0.492753 1 7 1.000000
  7 -2.494727 9.125328 0.088627 0.618817 0.785316 0.018551 0.884539 0.579394 1 7 1.000000
..\..\..\Desktop\General\noesis\pc_body
  7 -2.903886 8.760439 -1.106312 -0.125648 0.680470 0.721924 0.841161 0.543795 1 7 1.000000
  7 -1.970254 8.163886 -1.075921 -0.301173 0.506462 0.807955 0.857663 0.483607 1 7 1.000000
  7 -1.561964 8.240054 -0.089019 0.621749 0.298783 0.723987 0.908947 0.492753 1 7 1.000000
..\..\..\Desktop\General\noesis\pc_body
  7 -1.970254 8.163886 -1.075921 -0.301173 0.506462 0.807955 0.857663 0.483607 1 7 1.000000
  7 -2.903886 8.760439 -1.106312 -0.125648 0.680470 0.721924 0.841161 0.543795 1 7 1.000000
  7 -2.367577 9.118424 -1.573056 -0.976143 0.183784 0.115619 0.815734 0.537659 1 7 1.000000
..\..\..\Desktop\General\noesis\pc_body
  7 -2.367577 9.118424 -1.573056 -0.976143 0.183784 0.115619 0.815734 0.537659 1 7 1.000000
  7 -2.903886 8.760439 -1.106312 -0.125648 0.680470 0.721924 0.841161 0.543795 1 7 1.000000
  7 -3.314639 9.570897 -1.419619 -0.225515 0.683602 -0.694141 0.824660 0.603984 1 7 1.000000
..\..\..\Desktop\General\noesis\pc_body
  7 -2.903886 8.760439 -1.106312 -0.125648 0.680470 0.721924 0.841161 0.543795 1 7 1.000000
  7 -2.494727 9.125328 0.088627 0.618817 0.785316 0.018551 0.884539 0.579394 1 7 1.000000
  7 -3.314639 9.570897 -1.419619 -0.225515 0.683602 -0.694141 0.824660 0.603984 1 7 1.000000
..\..\..\Desktop\General\noesis\pc_body
  7 -2.494727 9.125328 0.088627 0.618817 0.785316 0.018551 0.884539 0.579394 1 7 1.000000
  7 -2.761869 9.534019 -0.674605 0.177483 0.445476 -0.877525 0.865674 0.630781 1 7 1.000000
  7 -3.314639 9.570897 -1.419619 -0.225515 0.683602 -0.694141 0.824660 0.603984 1 7 1.000000
..\..\..\Desktop\General\noesis\pc_body
  7 -1.321360 9.946742 1.110873 0.877604 0.468976 0.099367 0.931353 0.658406 1 7 1.000000
  7 -2.291950 9.819421 -0.212945 0.376032 0.767039 -0.519857 0.881882 0.657577 1 7 1.000000
  7 -2.494727 9.125328 0.088627 0.618817 0.785316 0.018551 0.884539 0.579394 1 7 1.000000
..\..\..\Desktop\General\noesis\pc_body
  7 -2.291950 9.819421 -0.212945 0.376032 0.767039 -0.519857 0.881882 0.657577 1 7 1.000000
  7 -2.761869 9.534019 -0.674605 0.177483 0.445476 -0.877525 0.865674 0.630781 1 7 1.000000
  7 -2.494727 9.125328 0.088627 0.618817 0.785316 0.018551 0.884539 0.579394 1 7 1.000000
..\..\..\Desktop\General\noesis\pc_body
  7 -1.172984 10.885146 0.488970 0.320416 0.433062 -0.842491 0.935271 0.758127 1 7 1.000000
  7 -1.321360 9.946742 1.110873 0.877604 0.468976 0.099367 0.931353 0.658406 1 7 1.000000
  7 -0.000030 9.884980 1.529692 0.939969 -0.000000 -0.341261 0.990810 0.652489 1 7 1.000000
..\..\..\Desktop\General\noesis\pc_body
  7 -1.321360 9.946742 1.110873 0.877604 0.468976 0.099367 0.931353 0.658406 1 7 1.000000
  7 -1.172984 10.885146 0.488970 0.320416 0.433062 -0.842491 0.935271 0.758127 1 7 1.000000
  7 -2.291950 9.819421 -0.212945 0.376032 0.767039 -0.519857 0.881882 0.657577 1 7 1.000000
..\..\..\Desktop\General\noesis\pc_body
  7 -1.172984 10.885146 0.488970 0.320416 0.433062 -0.842491 0.935271 0.758127 1 7 1.000000
  7 -0.000030 9.884980 1.529692 0.939969 -0.000000 -0.341261 0.990810 0.652489 1 7 1.000000
  7 -0.000034 11.014020 0.686201 0.421447 -0.000000 -0.906853 0.993625 0.775348 1 7 1.000000
..\..\..\Desktop\General\noesis\pc_body
  7 -1.172984 10.885146 0.488970 0.320416 0.433062 -0.842491 0.935271 0.758127 1 7 1.000000
  7 -0.000034 11.014020 0.686201 0.421447 -0.000000 -0.906853 0.993625 0.775348 1 7 1.000000
  7 -0.000034 10.919850 -1.149059 -0.130668 0.000000 -0.991426 0.945812 0.930723 1 7 1.000000
..\..\..\Desktop\General\noesis\pc_body
  7 -1.172984 10.885146 0.488970 0.320416 0.433062 -0.842491 0.935271 0.758127 1 7 1.000000
  7 -0.000034 10.919850 -1.149059 -0.130668 0.000000 -0.991426 0.945812 0.930723 1 7 1.000000
  7 -1.657692 10.344104 -1.178865 -0.306283 0.436343 -0.846047 0.868864 0.814456 1 7 1.000000
..\..\..\Desktop\General\noesis\pc_body
  7 -2.291950 9.819421 -0.212945 0.376032 0.767039 -0.519857 0.881882 0.657577 1 7 1.000000
  7 -1.172984 10.885146 0.488970 0.320416 0.433062 -0.842491 0.935271 0.758127 1 7 1.000000
  7 -2.110982 10.335742 -0.713467 0.176706 0.412529 -0.893641 0.870234 0.746349 1 7 1.000000
..\..\..\Desktop\General\noesis\pc_body
  7 -2.110982 10.335742 -0.713467 0.176706 0.412529 -0.893641 0.870234 0.746349 1 7 1.000000
  7 -1.172984 10.885146 0.488970 0.320416 0.433062 -0.842491 0.935271 0.758127 1 7 1.000000
  7 -1.657692 10.344104 -1.178865 -0.306283 0.436343 -0.846047 0.868864 0.814456 1 7 1.000000
..\..\..\Desktop\General\noesis\pc_body
  7 -1.657692 10.344104 -1.178865 -0.306283 0.436343 -0.846047 0.868864 0.814456 1 7 1.000000
  7 -2.782762 10.301280 -1.196933 -0.151635 0.765948 -0.624764 0.832679 0.740273 1 7 1.000000
  7 -2.110982 10.335742 -0.713467 0.176706 0.412529 -0.893641 0.870234 0.746349 1 7 1.000000
..\..\..\Desktop\General\noesis\pc_body
  7 -2.291950 9.819421 -0.212945 0.376032 0.767039 -0.519857 0.881882 0.657577 1 7 1.000000
  7 -2.110982 10.335742 -0.713467 0.176706 0.412529 -0.893641 0.870234 0.746349 1 7 1.000000
  7 -2.782762 10.301280 -1.196933 -0.151635 0.765948 -0.624764 0.832679 0.740273 1 7 1.000000
..\..\..\Desktop\General\noesis\pc_body
  7 -2.291950 9.819421 -0.212945 0.376032 0.767039 -0.519857 0.881882 0.657577 1 7 1.000000
  7 -2.782762 10.301280 -1.196933 -0.151635 0.765948 -0.624764 0.832679 0.740273 1 7 1.000000
  7 -2.269598 9.454755 -1.063851 -0.609860 0.631573 0.478734 0.843620 0.677048 1 7 1.000000
..\..\..\Desktop\General\noesis\pc_body
  7 -1.657692 10.344104 -1.178865 -0.306283 0.436343 -0.846047 0.881882 0.657577 1 7 1.000000
  7 -2.269598 9.454755 -1.063851 -0.609860 0.631573 0.478734 0.843620 0.677048 1 7 1.000000
  7 -2.782762 10.301280 -1.196933 -0.151635 0.765948 -0.624764 0.832679 0.740273 1 7 1.000000
..\..\..\Desktop\General\noesis\pc_body
  7 1.172916 10.885165 0.488970 0.320415 -0.433062 -0.842491 0.935271 0.758127 1 7 1.000000
  7 -0.000034 11.014020 0.686201 0.421447 -0.000000 -0.906853 0.993625 0.775348 1 7 1.000000
  7 -0.000030 9.884980 1.529692 0.939969 -0.000000 -0.341261 0.990810 0.652489 1 7 1.000000
..\..\..\Desktop\General\noesis\pc_body
  7 1.172916 10.885165 0.488970 0.320415 -0.433062 -0.842491 0.935271 0.758127 1 7 1.000000
  7 -0.000034 10.919850 -1.149059 -0.130668 0.000000 -0.991426 0.945812 0.930723 1 7 1.000000
  7 -0.000034 11.014020 0.686201 0.421447 -0.000000 -0.906853 0.993625 0.775348 1 7 1.000000
..\..\..\Desktop\General\noesis\pc_body
  7 1.172916 10.885165 0.488970 0.320415 -0.433062 -0.842491 0.935271 0.758127 1 7 1.000000
  7 -0.000030 9.884980 1.529692 0.939969 -0.000000 -0.341261 0.990810 0.652489 1 7 1.000000
  7 1.321300 9.946761 1.110873 0.877603 -0.468976 0.099367 0.931353 0.658406 1 7 1.000000
..\..\..\Desktop\General\noesis\pc_body
  7 1.321300 9.946761 1.110873 0.877603 -0.468976 0.099367 0.931353 0.658406 1 7 1.000000
  7 2.291890 9.819453 -0.212945 0.376032 -0.767039 -0.519857 0.881882 0.657577 1 7 1.000000
  7 1.172916 10.885165 0.488970 0.320415 -0.433062 -0.842491 0.935271 0.758127 1 7 1.000000
..\..\..\Desktop\General\noesis\pc_body
  7 1.321300 9.946761 1.110873 0.877603 -0.468976 0.099367 0.931353 0.658406 1 7 1.000000
  7 2.494673 9.125364 0.088627 0.618816 -0.785317 0.018551 0.884539 0.579394 1 7 1.000000
  7 2.291890 9.819453 -0.212945 0.376032 -0.767039 -0.519857 0.881882 0.657577 1 7 1.000000
..\..\..\Desktop\General\noesis\pc_body
  7 1.561916 8.240077 -0.089019 0.621749 -0.298783 0.723987 0.908947 0.492753 1 7 1.000000
  7 2.494673 9.125364 0.088627 0.618816 -0.785317 0.018551 0.884539 0.579394 1 7 1.000000
  7 1.321300 9.946761 1.110873 0.877603 -0.468976 0.099367 0.931353 0.658406 1 7 1.000000
..\..\..\Desktop\General\noesis\pc_body
  7 1.086552 9.272002 0.467298 0.677874 -0.292694 0.674402 0.941581 0.593768 1 7 1.000000
  7 1.561916 8.240077 -0.089019 0.621749 -0.298783 0.723987 0.908947 0.492753 1 7 1.000000
  7 1.321300 9.946761 1.110873 0.877603 -0.468976 0.099367 0.931353 0.658406 1 7 1.000000
..\..\..\Desktop\General\noesis\pc_body
  7 2.903834 8.760481 -1.106312 -0.125648 -0.680470 0.721924 0.841161 0.543795 1 7 1.000000
  7 2.494673 9.125364 0.088627 0.618816 -0.785317 0.018551 0.884539 0.579394 1 7 1.000000
  7 1.561916 8.240077 -0.089019 0.621749 -0.298783 0.723987 0.908947 0.492753 1 7 1.000000
..\..\..\Desktop\General\noesis\pc_body
  7 2.903834 8.760481 -1.106312 -0.125648 -0.680470 0.721924 0.841161 0.543795 1 7 1.000000
  7 1.561916 8.240077 -0.089019 0.621749 -0.298783 0.723987 0.908947 0.492753 1 7 1.000000
  7 1.970206 8.163915 -1.075921 -0.301173 -0.506462 0.807955 0.857663 0.483607 1 7 1.000000
..\..\..\Desktop\General\noesis\pc_body
  7 1.970206 8.163915 -1.075921 -0.301173 -0.506462 0.807955 0.857663 0.483607 1 7 1.000000
  7 2.367523 9.118459 -1.573056 -0.976143 -0.183784 0.115619 0.815734 0.537659 1 7 1.000000
  7 2.903834 8.760481 -1.106312 -0.125648 -0.680470 0.721924 0.841161 0.543795 1 7 1.000000
..\..\..\Desktop\General\noesis\pc_body
  7 2.367523 9.118459 -1.573056 -0.976143 -0.183784 0.115619 0.815734 0.537659 1 7 1.000000
  7 3.314581 9.570945 -1.419619 -0.225515 -0.683602 -0.694141 0.824660 0.603984 1 7 1.000000
  7 2.903834 8.760481 -1.106312 -0.125648 -0.680470 0.721924 0.841161 0.543795 1 7 1.000000
..\..\..\Desktop\General\noesis\pc_body
  7 2.903834 8.760481 -1.106312 -0.125648 -0.680470 0.721924 0.841161 0.543795 1 7 1.000000
  7 3.314581 9.570945 -1.419619 -0.225515 -0.683602 -0.694141 0.824660 0.603984 1 7 1.000000
  7 2.494673 9.125364 0.088627 0.618816 -0.785317 0.018551 0.884539 0.579394 1 7 1.000000
..\..\..\Desktop\General\noesis\pc_body
  7 2.494673 9.125364 0.088627 0.618816 -0.785317 0.018551 0.884539 0.579394 1 7 1.000000
  7 3.314581 9.570945 -1.419619 -0.225515 -0.683602 -0.694141 0.824660 0.603984 1 7 1.000000
  7 2.761811 9.534059 -0.674605 0.177483 -0.445477 -0.877525 0.865674 0.630781 1 7 1.000000
..\..\..\Desktop\General\noesis\pc_body
  7 2.291890 9.819453 -0.212945 0.376032 -0.767039 -0.519857 0.881882 0.657577 1 7 1.000000
  7 2.494673 9.125364 0.088627 0.618816 -0.785317 0.018551 0.884539 0.579394 1 7 1.000000
  7 2.761811 9.534059 -0.674605 0.177483 -0.445477 -0.877525 0.865674 0.630781 1 7 1.000000
..\..\..\Desktop\General\noesis\pc_body
  7 2.761811 9.534059 -0.674605 0.177483 -0.445477 -0.877525 0.865674 0.630781 1 7 1.000000
  7 3.314581 9.570945 -1.419619 -0.225515 -0.683602 -0.694141 0.824660 0.603984 1 7 1.000000
  7 2.269542 9.454786 -1.063851 -0.349882 0.083670 -0.933050 0.843620 0.677048 1 7 1.000000
..\..\..\Desktop\General\noesis\pc_body
  7 2.291890 9.819453 -0.212945 0.376032 -0.767039 -0.519857 0.881882 0.657577 1 7 1.000000
  7 2.761811 9.534059 -0.674605 0.177483 -0.445477 -0.877525 0.865674 0.630781 1 7 1.000000
  7 2.269542 9.454786 -1.063851 -0.349882 0.083670 -0.933050 0.843620 0.677048 1 7 1.000000
..\..\..\Desktop\General\noesis\pc_body
  7 3.314581 9.570945 -1.419619 -0.225515 -0.683602 -0.694141 0.824660 0.603984 1 7 1.000000
  7 2.367523 9.118459 -1.573056 -0.976143 -0.183784 0.115619 0.831787 0.692355 1 7 1.000000
  7 2.269542 9.454786 -1.063851 -0.349882 0.083670 -0.933050 0.843620 0.677048 1 7 1.000000
..\..\..\Desktop\General\noesis\pc_body
  7 2.291890 9.819453 -0.212945 0.376032 -0.767039 -0.519857 0.881882 0.657577 1 7 1.000000
  7 2.110918 10.335777 -0.713467 0.176705 -0.412529 -0.893642 0.870234 0.746349 1 7 1.000000
  7 1.172916 10.885165 0.488970 0.320415 -0.433062 -0.842491 0.935271 0.758127 1 7 1.000000
..\..\..\Desktop\General\noesis\pc_body
  7 2.291890 9.819453 -0.212945 0.376032 -0.767039 -0.519857 0.881882 0.657577 1 7 1.000000
  7 2.782699 10.301320 -1.196933 -0.151637 -0.765948 -0.624764 0.832679 0.740273 1 7 1.000000
  7 2.110918 10.335777 -0.713467 0.176705 -0.412529 -0.893642 0.870234 0.746349 1 7 1.000000
..\..\..\Desktop\General\noesis\pc_body
  7 2.291890 9.819453 -0.212945 0.376032 -0.767039 -0.519857 0.881882 0.657577 1 7 1.000000
  7 2.269542 9.454786 -1.063851 -0.609861 -0.631573 0.478734 0.843620 0.677048 1 7 1.000000
  7 2.782699 10.301320 -1.196933 -0.151637 -0.765948 -0.624764 0.832679 0.740273 1 7 1.000000
..\..\..\Desktop\General\noesis\pc_body
  7 1.657628 10.344136 -1.178865 -0.306283 -0.436343 -0.846047 0.881882 0.657577 1 7 1.000000
  7 2.782699 10.301320 -1.196933 -0.151637 -0.765948 -0.624764 0.832679 0.740273 1 7 1.000000
  7 2.269542 9.454786 -1.063851 -0.609861 -0.631573 0.478734 0.843620 0.677048 1 7 1.000000
..\..\..\Desktop\General\noesis\pc_body
  7 1.172916 10.885165 0.488970 0.320415 -0.433062 -0.842491 0.935271 0.758127 1 7 1.000000
  7 1.657628 10.344136 -1.178865 -0.306283 -0.436343 -0.846047 0.868864 0.814456 1 7 1.000000
  7 -0.000034 10.919850 -1.149059 -0.130668 0.000000 -0.991426 0.945812 0.930723 1 7 1.000000
..\..\..\Desktop\General\noesis\pc_body
  7 2.110918 10.335777 -0.713467 0.176705 -0.412529 -0.893642 0.870234 0.746349 1 7 1.000000
  7 1.657628 10.344136 -1.178865 -0.306283 -0.436343 -0.846047 0.868864 0.814456 1 7 1.000000
  7 1.172916 10.885165 0.488970 0.320415 -0.433062 -0.842491 0.935271 0.758127 1 7 1.000000
..\..\..\Desktop\General\noesis\pc_body
  7 1.657628 10.344136 -1.178865 -0.306283 -0.436343 -0.846047 0.868864 0.814456 1 7 1.000000
  7 2.110918 10.335777 -0.713467 0.176705 -0.412529 -0.893642 0.870234 0.746349 1 7 1.000000
  7 2.782699 10.301320 -1.196933 -0.151637 -0.765948 -0.624764 0.832679 0.740273 1 7 1.000000
..\..\..\Desktop\General\noesis\pc_body
  7 1.500941 6.902786 -0.658829 0.084173 -0.834089 0.545170 0.899924 0.354503 1 7 1.000000
  7 1.970206 8.163915 -1.075921 0.193895 -0.941088 0.277054 0.857663 0.483607 1 7 1.000000
  7 1.493228 7.732487 -0.107783 0.515012 -0.842330 0.158880 0.920182 0.447303 1 7 1.000000
..\..\..\Desktop\General\noesis\pc_body
  7 1.188060 7.002517 0.149852 0.649308 -0.707906 0.277973 0.931417 0.401853 1 7 1.000000
  7 0.802126 6.273242 -0.042614 0.188817 -0.582579 0.790538 0.953712 0.313592 1 7 1.000000
  7 1.500941 6.902786 -0.658829 0.084173 -0.834089 0.545170 0.899924 0.354503 1 7 1.000000
..\..\..\Desktop\General\noesis\pc_body
  7 1.500941 6.902786 -0.658829 0.084173 -0.834089 0.545170 0.899924 0.354503 1 7 1.000000
  7 1.493228 7.732487 -0.107783 0.515012 -0.842330 0.158880 0.920182 0.447303 1 7 1.000000
  7 1.188060 7.002517 0.149852 0.649308 -0.707906 0.277973 0.931417 0.401853 1 7 1.000000
..\..\..\Desktop\General\noesis\pc_body
  7 1.970206 8.163915 -1.075921 0.193895 -0.941088 0.277054 0.857663 0.483607 1 7 1.000000
  7 1.561916 8.240077 -0.089019 0.697075 -0.706090 0.124596 0.908947 0.492753 1 7 1.000000
  7 1.493228 7.732487 -0.107783 0.515012 -0.842330 0.158880 0.920182 0.447303 1 7 1.000000
..\..\..\Desktop\General\noesis\pc_body
  7 -0.000027 8.967301 1.289796 0.805299 -0.000000 0.592869 0.990810 0.564582 1 7 1.000000
  7 -1.086608 9.271986 0.467298 0.677874 0.292693 0.674402 0.941581 0.593768 1 7 1.000000
  7 -0.000025 8.506582 0.842443 0.717438 -0.000000 0.696622 0.993625 0.513752 1 7 1.000000
..\..\..\Desktop\General\noesis\pc_body
  7 -0.000027 8.967301 1.289796 0.805299 -0.000000 0.592869 0.990810 0.564582 1 7 1.000000
  7 -0.000025 8.506582 0.842443 0.717438 -0.000000 0.696622 0.993625 0.513752 1 7 1.000000
  7 1.086552 9.272002 0.467298 0.677874 -0.292694 0.674402 0.941581 0.593768 1 7 1.000000
..\..\..\Desktop\General\noesis\pc_body
  7 -2.761869 9.534019 -0.674605 0.177483 0.445476 -0.877525 0.865674 0.630781 1 7 1.000000
  7 -2.269598 9.454755 -1.063851 -0.349882 -0.083670 -0.933050 0.843620 0.677048 1 7 1.000000
  7 -3.314639 9.570897 -1.419619 -0.225515 0.683602 -0.694141 0.824660 0.603984 1 7 1.000000
..\..\..\Desktop\General\noesis\pc_body
  7 -2.291950 9.819421 -0.212945 0.376032 0.767039 -0.519857 0.881882 0.657577 1 7 1.000000
  7 -2.269598 9.454755 -1.063851 -0.349882 -0.083670 -0.933050 0.843620 0.677048 1 7 1.000000
  7 -2.761869 9.534019 -0.674605 0.177483 0.445476 -0.877525 0.865674 0.630781 1 7 1.000000
..\..\..\Desktop\General\noesis\pc_body
  7 -3.314639 9.570897 -1.419619 -0.225515 0.683602 -0.694141 0.824660 0.603984 1 7 1.000000
  7 -2.269598 9.454755 -1.063851 -0.349882 -0.083670 -0.933050 0.843620 0.677048 1 7 1.000000
  7 -2.367577 9.118424 -1.573056 -0.976143 0.183784 0.115619 0.831787 0.692355 1 7 1.000000
..\..\..\Desktop\General\noesis\pc_body
  7 -1.491082 7.621696 -0.183174 0.814153 0.579462 -0.037133 0.907071 0.423141 1 7 1.000000
  7 -1.985265 8.449854 -0.544162 0.540976 0.837728 0.074537 0.891457 0.492480 1 7 1.000000
  7 -1.858751 7.516563 -0.388684 0.458153 0.874829 0.157387 0.900070 0.432877 1 7 1.000000
..\..\..\Desktop\General\noesis\pc_body
  7 -1.858751 7.516563 -0.388684 0.458153 0.874829 0.157387 0.900070 0.432877 1 7 1.000000
  7 -1.303948 6.530748 0.117498 0.714077 -0.379176 0.588490 0.925274 0.372506 1 7 1.000000
  7 -1.491082 7.621696 -0.183174 0.814153 0.579462 -0.037133 0.907071 0.423141 1 7 1.000000
..\..\..\Desktop\General\noesis\pc_body
  7 -1.303948 6.530748 0.117498 0.714077 -0.379176 0.588490 0.925274 0.372506 1 7 1.000000
  7 -1.858751 7.516563 -0.388684 0.458153 0.874829 0.157387 0.900070 0.432877 1 7 1.000000
  7 -1.454139 6.749112 -0.293453 0.720050 -0.421218 0.551455 0.911273 0.378331 1 7 1.000000
..\..\..\Desktop\General\noesis\pc_body
  7 -1.454139 6.749112 -0.293453 0.720050 -0.421218 0.551455 0.911273 0.378331 1 7 1.000000
  7 -1.331750 7.065821 -0.364876 -0.220090 -0.968138 0.119454 0.906850 0.405236 1 7 1.000000
  7 -1.303948 6.530748 0.117498 0.714077 -0.379176 0.588490 0.925274 0.372506 1 7 1.000000
..\..\..\Desktop\General\noesis\pc_body
  7 -1.454139 6.749112 -0.293453 0.720050 -0.421218 0.551455 0.911273 0.378331 1 7 1.000000
  7 -1.453268 6.609793 -0.584103 -0.691355 -0.569744 0.444320 0.901703 0.357422 1 7 1.000000
  7 -1.331750 7.065821 -0.364876 -0.220090 -0.968138 0.119454 0.906850 0.405236 1 7 1.000000
..\..\..\Desktop\General\noesis\pc_body
  7 -1.378607 6.224728 -0.176011 0.655165 0.378723 0.653703 0.920580 0.337209 1 7 1.000000
  7 -1.453268 6.609793 -0.584103 -0.691355 -0.569744 0.444320 0.901703 0.357422 1 7 1.000000
  7 -1.454139 6.749112 -0.293453 0.720050 -0.421218 0.551455 0.911273 0.378331 1 7 1.000000
..\..\..\Desktop\General\noesis\pc_body
  7 -1.378607 6.224728 -0.176011 0.655165 0.378723 0.653703 0.920580 0.337209 1 7 1.000000
  7 -1.454139 6.749112 -0.293453 0.720050 -0.421218 0.551455 0.911273 0.378331 1 7 1.000000
  7 -1.643968 6.691888 -0.401733 0.115022 0.936595 0.330999 0.907584 0.375327 1 7 1.000000
..\..\..\Desktop\General\noesis\pc_body
  7 -1.454139 6.749112 -0.293453 0.720050 -0.421218 0.551455 0.911273 0.378331 1 7 1.000000
  7 -1.858751 7.516563 -0.388684 0.458153 0.874829 0.157387 0.900070 0.432877 1 7 1.000000
  7 -1.643968 6.691888 -0.401733 0.115022 0.936595 0.330999 0.907584 0.375327 1 7 1.000000
..\..\..\Desktop\General\noesis\pc_body
  7 -1.453268 6.609793 -0.584103 -0.691355 -0.569744 0.444320 0.901703 0.357422 1 7 1.000000
  7 -1.378607 6.224728 -0.176011 0.655165 0.378723 0.653703 0.920580 0.337209 1 7 1.000000
  7 -1.643968 6.691888 -0.401733 0.115022 0.936595 0.330999 0.907584 0.375327 1 7 1.000000
..\..\..\Desktop\General\noesis\pc_body
  7 -1.643968 6.691888 -0.401733 0.115022 0.936595 0.330999 0.907584 0.375327 1 7 1.000000
  7 -1.858751 7.516563 -0.388684 0.458153 0.874829 0.157387 0.900070 0.432877 1 7 1.000000
  7 -1.882764 8.163885 -0.882402 -0.648458 0.721888 0.241619 0.874296 0.474815 1 7 1.000000
..\..\..\Desktop\General\noesis\pc_body
  7 -1.453268 6.609793 -0.584103 -0.691355 -0.569744 0.444320 0.901703 0.357422 1 7 1.000000
  7 -1.882764 8.163885 -0.882402 -0.648458 0.721888 0.241619 0.874296 0.474815 1 7 1.000000
  7 -1.331750 7.065821 -0.364876 -0.220090 -0.968138 0.119454 0.906850 0.405236 1 7 1.000000
..\..\..\Desktop\General\noesis\pc_body
  7 -1.453268 6.609793 -0.584103 -0.691355 -0.569744 0.444320 0.901703 0.357422 1 7 1.000000
  7 -1.643968 6.691888 -0.401733 0.115022 0.936595 0.330999 0.907584 0.375327 1 7 1.000000
  7 -1.882764 8.163885 -0.882402 -0.648458 0.721888 0.241619 0.874296 0.474815 1 7 1.000000
..\..\..\Desktop\General\noesis\pc_body
  7 -1.882764 8.163885 -0.882402 -0.648458 0.721888 0.241619 0.874296 0.474815 1 7 1.000000
  7 -1.858751 7.516563 -0.388684 0.458153 0.874829 0.157387 0.900070 0.432877 1 7 1.000000
  7 -1.985265 8.449854 -0.544162 0.540976 0.837728 0.074537 0.891457 0.492480 1 7 1.000000
..\..\..\Desktop\General\noesis\pc_body
  7 -1.331750 7.065821 -0.364876 -0.220090 -0.968138 0.119454 0.906850 0.405236 1 7 1.000000
  7 -1.491082 7.621696 -0.183174 0.183243 -0.959259 -0.215044 0.907071 0.423141 1 7 1.000000
  7 -1.303948 6.530748 0.117498 0.714077 -0.379176 0.588490 0.925274 0.372506 1 7 1.000000
..\..\..\Desktop\General\noesis\pc_body
  7 -1.491082 7.621696 -0.183174 0.814153 0.579462 -0.037133 0.907071 0.423141 1 7 1.000000
  7 -1.579744 8.282845 -0.167931 0.705602 0.699997 0.110135 0.902948 0.483713 1 7 1.000000
  7 -1.985265 8.449854 -0.544162 0.540976 0.837728 0.074537 0.891457 0.492480 1 7 1.000000
..\..\..\Desktop\General\noesis\pc_body
  7 -1.491082 7.621696 -0.183174 0.445968 -0.888404 -0.108859 0.907071 0.423141 1 7 1.000000
  7 -1.331750 7.065821 -0.364876 0.445968 -0.888404 -0.108859 0.906850 0.405236 1 7 1.000000
  7 -1.579744 8.282845 -0.167931 0.445968 -0.888404 -0.108859 0.902948 0.483713 1 7 1.000000
..\..\..\Desktop\General\noesis\pc_body
  7 1.985215 8.449883 -0.544162 0.540976 -0.837728 0.074537 0.891457 0.492480 1 7 1.000000
  7 1.579696 8.282867 -0.167931 0.705602 -0.699997 0.110135 0.902948 0.483713 1 7 1.000000
  7 1.491038 7.621718 -0.183174 0.814152 -0.579463 -0.037133 0.907071 0.423141 1 7 1.000000
..\..\..\Desktop\General\noesis\pc_body
  7 1.985215 8.449883 -0.544162 0.540976 -0.837728 0.074537 0.891457 0.492480 1 7 1.000000
  7 1.491038 7.621718 -0.183174 0.814152 -0.579463 -0.037133 0.907071 0.423141 1 7 1.000000
  7 1.858709 7.516591 -0.388684 0.458153 -0.874829 0.157387 0.900070 0.432877 1 7 1.000000
..\..\..\Desktop\General\noesis\pc_body
  7 1.882716 8.163913 -0.882402 -0.648458 -0.721888 0.241619 0.874296 0.474815 1 7 1.000000
  7 1.985215 8.449883 -0.544162 0.540976 -0.837728 0.074537 0.891457 0.492480 1 7 1.000000
  7 1.858709 7.516591 -0.388684 0.458153 -0.874829 0.157387 0.900070 0.432877 1 7 1.000000
..\..\..\Desktop\General\noesis\pc_body
  7 1.643932 6.691912 -0.401733 0.115022 -0.936595 0.330999 0.907584 0.375327 1 7 1.000000
  7 1.882716 8.163913 -0.882402 -0.648458 -0.721888 0.241619 0.874296 0.474815 1 7 1.000000
  7 1.858709 7.516591 -0.388684 0.458153 -0.874829 0.157387 0.900070 0.432877 1 7 1.000000
..\..\..\Desktop\General\noesis\pc_body
  7 1.454101 6.749134 -0.293453 0.720050 0.421218 0.551455 0.911273 0.378331 1 7 1.000000
  7 1.643932 6.691912 -0.401733 0.115022 -0.936595 0.330999 0.907584 0.375327 1 7 1.000000
  7 1.858709 7.516591 -0.388684 0.458153 -0.874829 0.157387 0.900070 0.432877 1 7 1.000000
..\..\..\Desktop\General\noesis\pc_body
  7 1.303912 6.530766 0.117498 0.714076 0.379176 0.588490 0.925274 0.372506 1 7 1.000000
  7 1.454101 6.749134 -0.293453 0.720050 0.421218 0.551455 0.911273 0.378331 1 7 1.000000
  7 1.858709 7.516591 -0.388684 0.458153 -0.874829 0.157387 0.900070 0.432877 1 7 1.000000
..\..\..\Desktop\General\noesis\pc_body
  7 1.858709 7.516591 -0.388684 0.458153 -0.874829 0.157387 0.900070 0.432877 1 7 1.000000
  7 1.491038 7.621718 -0.183174 0.814152 -0.579463 -0.037133 0.907071 0.423141 1 7 1.000000
  7 1.303912 6.530766 0.117498 0.714076 0.379176 0.588490 0.925274 0.372506 1 7 1.000000
..\..\..\Desktop\General\noesis\pc_body
  7 1.454101 6.749134 -0.293453 0.720050 0.421218 0.551455 0.911273 0.378331 1 7 1.000000
  7 1.303912 6.530766 0.117498 0.714076 0.379176 0.588490 0.925274 0.372506 1 7 1.000000
  7 1.331710 7.065841 -0.364876 -0.220090 0.968138 0.119454 0.906850 0.405236 1 7 1.000000
..\..\..\Desktop\General\noesis\pc_body
  7 1.331710 7.065841 -0.364876 -0.220090 0.968138 0.119454 0.906850 0.405236 1 7 1.000000
  7 1.303912 6.530766 0.117498 0.714076 0.379176 0.588490 0.925274 0.372506 1 7 1.000000
  7 1.491038 7.621718 -0.183174 0.183243 0.959259 -0.215044 0.907071 0.423141 1 7 1.000000
..\..\..\Desktop\General\noesis\pc_body
  7 1.453232 6.609815 -0.584103 -0.691355 0.569744 0.444320 0.901703 0.357422 1 7 1.000000
  7 1.882716 8.163913 -0.882402 -0.648458 -0.721888 0.241619 0.874296 0.474815 1 7 1.000000
  7 1.643932 6.691912 -0.401733 0.115022 -0.936595 0.330999 0.907584 0.375327 1 7 1.000000
..\..\..\Desktop\General\noesis\pc_body
  7 1.453232 6.609815 -0.584103 -0.691355 0.569744 0.444320 0.901703 0.357422 1 7 1.000000
  7 1.331710 7.065841 -0.364876 -0.220090 0.968138 0.119454 0.906850 0.405236 1 7 1.000000
  7 1.882716 8.163913 -0.882402 -0.648458 -0.721888 0.241619 0.874296 0.474815 1 7 1.000000
..\..\..\Desktop\General\noesis\pc_body
  7 1.454101 6.749134 -0.293453 0.720050 0.421218 0.551455 0.911273 0.378331 1 7 1.000000
  7 1.331710 7.065841 -0.364876 -0.220090 0.968138 0.119454 0.906850 0.405236 1 7 1.000000
  7 1.453232 6.609815 -0.584103 -0.691355 0.569744 0.444320 0.901703 0.357422 1 7 1.000000
..\..\..\Desktop\General\noesis\pc_body
  7 1.378573 6.224748 -0.176011 0.655165 -0.378722 0.653704 0.920580 0.337209 1 7 1.000000
  7 1.454101 6.749134 -0.293453 0.720050 0.421218 0.551455 0.911273 0.378331 1 7 1.000000
  7 1.453232 6.609815 -0.584103 -0.691355 0.569744 0.444320 0.901703 0.357422 1 7 1.000000
..\..\..\Desktop\General\noesis\pc_body
  7 1.453232 6.609815 -0.584103 -0.691355 0.569744 0.444320 0.901703 0.357422 1 7 1.000000
  7 1.643932 6.691912 -0.401733 0.115022 -0.936595 0.330999 0.907584 0.375327 1 7 1.000000
  7 1.378573 6.224748 -0.176011 0.655165 -0.378722 0.653704 0.920580 0.337209 1 7 1.000000
..\..\..\Desktop\General\noesis\pc_body
  7 1.378573 6.224748 -0.176011 0.655165 -0.378722 0.653704 0.920580 0.337209 1 7 1.000000
  7 1.643932 6.691912 -0.401733 0.115022 -0.936595 0.330999 0.907584 0.375327 1 7 1.000000
  7 1.454101 6.749134 -0.293453 0.720050 0.421218 0.551455 0.911273 0.378331 1 7 1.000000
..\..\..\Desktop\General\noesis\pc_body
  7 1.491038 7.621718 -0.183174 0.445967 0.888405 -0.108859 0.907071 0.423141 1 7 1.000000
  7 1.579696 8.282867 -0.167931 0.445967 0.888405 -0.108859 0.902948 0.483713 1 7 1.000000
  7 1.331710 7.065841 -0.364876 0.445967 0.888405 -0.108859 0.906850 0.405236 1 7 1.000000
..\..\..\Desktop\General\noesis\pc_body
  8 -0.000010 4.248920 0.447499 0.027939 0.000000 0.999610 0.318218 0.334469 1 8 1.000000
  8 -0.000015 5.815280 -0.227729 0.705765 0.000000 0.708446 0.318218 0.535283 1 8 1.000000
  8 -1.018400 4.217822 0.168406 0.032913 0.659500 0.750984 0.254776 0.324636 1 8 1.000000
..\..\..\Desktop\General\noesis\pc_body
  8 -0.000010 4.248920 0.447499 0.027939 0.000000 0.999610 0.318218 0.334469 1 8 1.000000
  8 1.018381 4.217838 0.168406 0.032913 -0.659500 0.750984 0.254776 0.324636 1 8 1.000000
  8 -0.000015 5.815280 -0.227729 0.705765 0.000000 0.708446 0.318218 0.535283 1 8 1.000000
..\..\..\Desktop\General\noesis\pc_body
  10 0.000000 2.823330 -0.072128 0.000000 -0.500596 0.865681 0.318218 0.153189 1 10 1.000000
  8 1.018381 4.217838 0.168406 0.032913 -0.659500 0.750984 0.254776 0.324636 1 8 1.000000
  8 -0.000010 4.248920 0.447499 0.027939 0.000000 0.999610 0.318218 0.334469 1 8 1.000000
..\..\..\Desktop\General\noesis\pc_body
  10 0.000000 2.823330 -0.072128 0.000000 -0.500596 0.865681 0.318218 0.153189 1 10 1.000000
  8 -0.000010 4.248920 0.447499 0.027939 0.000000 0.999610 0.318218 0.334469 1 8 1.000000
  8 -1.018400 4.217822 0.168406 0.032913 0.659500 0.750984 0.254776 0.324636 1 8 1.000000
..\..\..\Desktop\General\noesis\pc_body
  8 -1.018400 4.217822 0.168406 0.032913 0.659500 0.750984 0.254776 0.324636 1 8 1.000000
  10 -1.134130 3.048260 -1.007939 -0.850290 -0.521455 0.071355 0.160965 0.153189 1 10 1.000000
  10 0.000000 2.823330 -0.072128 0.000000 -0.500596 0.865681 0.318218 0.153189 1 10 1.000000
..\..\..\Desktop\General\noesis\pc_body
  8 -1.761311 4.693018 -1.595265 0.064520 0.841094 -0.537027 0.112307 0.352873 1 8 1.000000
  10 -1.134130 3.048260 -1.007939 -0.850290 -0.521455 0.071355 0.160965 0.153189 1 10 1.000000
  8 -1.018400 4.217822 0.168406 0.032913 0.659500 0.750984 0.254776 0.324636 1 8 1.000000
..\..\..\Desktop\General\noesis\pc_body
  8 -1.761311 4.693018 -1.595265 0.064520 0.841094 -0.537027 0.112307 0.352873 1 8 1.000000
  8 -1.018400 4.217822 0.168406 0.032913 0.659500 0.750984 0.254776 0.324636 1 8 1.000000
  8 -0.855274 6.084384 -1.128246 0.755720 0.601565 0.258857 0.169322 0.535283 1 8 1.000000
..\..\..\Desktop\General\noesis\pc_body
  8 -1.018400 4.217822 0.168406 0.032913 0.659500 0.750984 0.254776 0.324636 1 8 1.000000
  8 -0.000015 5.815280 -0.227729 0.705765 0.000000 0.708446 0.318218 0.535283 1 8 1.000000
  8 -0.855274 6.084384 -1.128246 0.755720 0.601565 0.258857 0.169322 0.535283 1 8 1.000000
..\..\..\Desktop\General\noesis\pc_body
  8 -1.761311 4.693018 -1.595265 0.064520 0.841094 -0.537027 0.112307 0.352873 1 8 1.000000
  8 -0.855274 6.084384 -1.128246 0.755720 0.601565 0.258857 0.169322 0.535283 1 8 1.000000
  8 -0.000017 6.269990 -1.894141 0.850295 0.000000 -0.526306 0.013772 0.535283 1 8 1.000000
..\..\..\Desktop\General\noesis\pc_body
  8 -0.000012 4.961990 -2.345351 0.000000 0.000000 -1.000000 0.013772 0.366411 1 8 1.000000
  8 -1.761311 4.693018 -1.595265 0.064520 0.841094 -0.537027 0.112307 0.352873 1 8 1.000000
  8 -0.000017 6.269990 -1.894141 0.850295 0.000000 -0.526306 0.013772 0.535283 1 8 1.000000
..\..\..\Desktop\General\noesis\pc_body
  8 -0.000012 4.961990 -2.345351 0.000000 0.000000 -1.000000 0.013772 0.366411 1 8 1.000000
  8 -0.000017 6.269990 -1.894141 0.850295 0.000000 -0.526306 0.013772 0.535283 1 8 1.000000
  8 1.761289 4.693043 -1.595265 0.064520 -0.841094 -0.537027 0.112307 0.352873 1 8 1.000000
..\..\..\Desktop\General\noesis\pc_body
  10 0.000000 2.954870 -1.682526 0.000000 -0.413799 -0.910368 0.013772 0.153189 1 10 1.000000
  10 -1.134130 3.048260 -1.007939 -0.850290 -0.521455 0.071355 0.160965 0.153189 1 10 1.000000
  8 -1.761311 4.693018 -1.595265 0.064520 0.841094 -0.537027 0.112307 0.352873 1 8 1.000000
..\..\..\Desktop\General\noesis\pc_body
  8 -0.000012 4.961990 -2.345351 0.000000 0.000000 -1.000000 0.013772 0.366411 1 8 1.000000
  8 1.761289 4.693043 -1.595265 0.064520 -0.841094 -0.537027 0.112307 0.352873 1 8 1.000000
  10 0.000000 2.954870 -1.682526 0.000000 -0.413799 -0.910368 0.013772 0.153189 1 10 1.000000
..\..\..\Desktop\General\noesis\pc_body
  8 -0.000012 4.961990 -2.345351 0.000000 0.000000 -1.000000 0.013772 0.366411 1 8 1.000000
  10 0.000000 2.954870 -1.682526 0.000000 -0.413799 -0.910368 0.013772 0.153189 1 10 1.000000
  8 -1.761311 4.693018 -1.595265 0.064520 0.841094 -0.537027 0.112307 0.352873 1 8 1.000000
..\..\..\Desktop\General\noesis\pc_body
  10 0.000000 2.954870 -1.682526 0.000000 -0.413799 -0.910368 0.013772 0.153189 1 10 1.000000
  8 1.761289 4.693043 -1.595265 0.064520 -0.841094 -0.537027 0.112307 0.352873 1 8 1.000000
  10 1.134130 3.048260 -1.007939 0.850290 -0.521455 0.071355 0.160965 0.153189 1 10 1.000000
..\..\..\Desktop\General\noesis\pc_body
  8 1.018381 4.217838 0.168406 0.032913 -0.659500 0.750984 0.254776 0.324636 1 8 1.000000
  10 0.000000 2.823330 -0.072128 0.000000 -0.500596 0.865681 0.318218 0.153189 1 10 1.000000
  10 1.134130 3.048260 -1.007939 0.850290 -0.521455 0.071355 0.160965 0.153189 1 10 1.000000
..\..\..\Desktop\General\noesis\pc_body
  8 1.761289 4.693043 -1.595265 0.064520 -0.841094 -0.537027 0.112307 0.352873 1 8 1.000000
  8 1.018381 4.217838 0.168406 0.032913 -0.659500 0.750984 0.254776 0.324636 1 8 1.000000
  10 1.134130 3.048260 -1.007939 0.850290 -0.521455 0.071355 0.160965 0.153189 1 10 1.000000
..\..\..\Desktop\General\noesis\pc_body
  8 1.761289 4.693043 -1.595265 0.064520 -0.841094 -0.537027 0.112307 0.352873 1 8 1.000000
  8 0.855242 6.084396 -1.128246 0.755720 -0.601566 0.258857 0.169322 0.535283 1 8 1.000000
  8 1.018381 4.217838 0.168406 0.032913 -0.659500 0.750984 0.254776 0.324636 1 8 1.000000
..\..\..\Desktop\General\noesis\pc_body
  8 1.761289 4.693043 -1.595265 0.064520 -0.841094 -0.537027 0.112307 0.352873 1 8 1.000000
  8 -0.000017 6.269990 -1.894141 0.850295 0.000000 -0.526306 0.013772 0.535283 1 8 1.000000
  8 0.855242 6.084396 -1.128246 0.755720 -0.601566 0.258857 0.169322 0.535283 1 8 1.000000
..\..\..\Desktop\General\noesis\pc_body
  8 1.018381 4.217838 0.168406 0.032913 -0.659500 0.750984 0.254776 0.324636 1 8 1.000000
  8 0.855242 6.084396 -1.128246 0.755720 -0.601566 0.258857 0.169322 0.535283 1 8 1.000000
  8 -0.000015 5.815280 -0.227729 0.705765 0.000000 0.708446 0.318218 0.535283 1 8 1.000000
..\..\..\Desktop\General\noesis\pc_body
  8 -0.000015 5.815280 -0.227729 0.705765 0.000000 0.708446 0.091160 0.977299 1 8 1.000000
  8 -0.000017 6.269990 -1.894141 0.850295 0.000000 -0.526306 0.018899 0.977299 1 8 1.000000
  8 -0.855274 6.084384 -1.128246 0.755720 0.601565 0.258857 0.051475 0.867124 1 8 1.000000
..\..\..\Desktop\General\noesis\pc_body
  8 0.855242 6.084396 -1.128246 0.755720 -0.601566 0.258857 0.051475 0.867124 1 8 1.000000
  8 -0.000017 6.269990 -1.894141 0.850295 0.000000 -0.526306 0.018899 0.977299 1 8 1.000000
  8 -0.000015 5.815280 -0.227729 0.705765 0.000000 0.708446 0.091160 0.977299 1 8 1.000000
..\..\..\Desktop\General\noesis\pc_body
  10 -1.134130 3.048260 -1.007939 -0.509006 0.860456 -0.023002 0.058368 0.774489 1 10 1.000000
  10 0.000000 2.954870 -1.682526 0.000000 0.565563 -0.824705 0.007085 0.734332 1 10 1.000000
  9 -1.851638 2.437687 -1.277338 -0.626345 0.473939 0.618930 0.074644 0.679381 1 9 1.000000
..\..\..\Desktop\General\noesis\pc_body
  9 -1.851638 2.437687 -1.277338 -0.626345 0.473939 0.618930 0.074644 0.679381 1 9 1.000000
  9 -2.454564 1.532680 0.263351 -0.043144 0.391024 0.919369 0.140311 0.689345 1 9 1.000000
  10 -1.134130 3.048260 -1.007939 -0.509006 0.860456 -0.023002 0.058368 0.774489 1 10 1.000000
..\..\..\Desktop\General\noesis\pc_body
  9 -1.851638 2.437687 -1.277338 -0.626345 0.473939 0.618930 0.074644 0.679381 1 9 1.000000
  9 -1.789027 0.695201 -1.645307 -0.722143 -0.437064 0.536177 0.080677 0.556064 1 9 1.000000
  9 -2.454564 1.532680 0.263351 -0.043144 0.391024 0.919369 0.140311 0.689345 1 9 1.000000
..\..\..\Desktop\General\noesis\pc_body
  9 -1.789027 0.695201 -1.645307 -0.722143 -0.437064 0.536177 0.080677 0.556064 1 9 1.000000
  9 -1.851638 2.437687 -1.277338 -0.626345 0.473939 0.618930 0.074644 0.679381 1 9 1.000000
  9 0.000005 1.971584 -2.098311 -0.985869 0.167516 0.000000 0.007085 0.633283 1 9 1.000000
..\..\..\Desktop\General\noesis\pc_body
  10 0.000000 2.954870 -1.682526 0.000000 0.565563 -0.824705 0.007085 0.734332 1 10 1.000000
  9 0.000005 1.971584 -2.098311 -0.985869 0.167516 0.000000 0.007085 0.633283 1 9 1.000000
  9 -1.851638 2.437687 -1.277338 -0.626345 0.473939 0.618930 0.074644 0.679381 1 9 1.000000
..\..\..\Desktop\General\noesis\pc_body
  9 0.000005 1.971584 -2.098311 -0.985869 0.167516 0.000000 0.007085 0.633283 1 9 1.000000
  9 1.789033 0.695201 -1.645282 -0.722143 -0.437064 -0.536177 0.080677 0.556064 1 9 1.000000
  9 -1.789027 0.695201 -1.645307 -0.722143 -0.437064 0.536177 0.080677 0.556064 1 9 1.000000
..\..\..\Desktop\General\noesis\pc_body
  9 1.789033 0.695201 -1.645282 -0.722143 -0.437064 -0.536177 0.080677 0.556064 1 9 1.000000
  9 0.000005 1.971584 -2.098311 -0.985869 0.167516 0.000000 0.007085 0.633283 1 9 1.000000
  9 1.851642 2.437687 -1.277310 -0.626345 0.473939 -0.618930 0.074644 0.679381 1 9 1.000000
..\..\..\Desktop\General\noesis\pc_body
  10 0.000000 2.954870 -1.682526 0.000000 0.565563 -0.824705 0.007085 0.734332 1 10 1.000000
  9 1.851642 2.437687 -1.277310 -0.626345 0.473939 -0.618930 0.074644 0.679381 1 9 1.000000
  9 0.000005 1.971584 -2.098311 -0.985869 0.167516 0.000000 0.007085 0.633283 1 9 1.000000
..\..\..\Desktop\General\noesis\pc_body
  9 1.851642 2.437687 -1.277310 -0.626345 0.473939 -0.618930 0.074644 0.679381 1 9 1.000000
  9 2.454556 1.532680 0.263387 -0.043144 0.391024 -0.919369 0.140311 0.689345 1 9 1.000000
  9 1.789033 0.695201 -1.645282 -0.722143 -0.437064 -0.536177 0.080677 0.556064 1 9 1.000000
..\..\..\Desktop\General\noesis\pc_body
  10 1.134130 3.048260 -1.007939 0.509006 0.860456 -0.023002 0.058368 0.774489 1 10 1.000000
  9 1.851642 2.437687 -1.277310 -0.626345 0.473939 -0.618930 0.074644 0.679381 1 9 1.000000
  10 0.000000 2.954870 -1.682526 0.000000 0.565563 -0.824705 0.007085 0.734332 1 10 1.000000
..\..\..\Desktop\General\noesis\pc_body
  9 1.851642 2.437687 -1.277310 -0.626345 0.473939 -0.618930 0.074644 0.679381 1 9 1.000000
  10 1.134130 3.048260 -1.007939 0.509006 0.860456 -0.023002 0.058368 0.774489 1 10 1.000000
  9 2.454556 1.532680 0.263387 -0.043144 0.391024 -0.919369 0.140311 0.689345 1 9 1.000000
..\..\..\Desktop\General\noesis\pc_body
  10 -1.134130 3.048260 -1.007939 -0.509006 0.860456 -0.023002 0.058368 0.774489 1 10 1.000000
  9 -2.454564 1.532680 0.263351 -0.043144 0.391024 0.919369 0.140311 0.689345 1 9 1.000000
  9 -1.878991 1.862252 2.275835 0.409386 0.785941 0.463356 0.228282 0.795380 1 9 1.000000
..\..\..\Desktop\General\noesis\pc_body
  10 -1.134130 3.048260 -1.007939 -0.509006 0.860456 -0.023002 0.058368 0.774489 1 10 1.000000
  9 -1.878991 1.862252 2.275835 0.409386 0.785941 0.463356 0.228282 0.795380 1 9 1.000000
  10 0.000000 2.823330 -0.072128 0.000000 0.948062 0.318084 0.096943 0.928409 1 10 1.000000
..\..\..\Desktop\General\noesis\pc_body
  10 0.000000 2.823330 -0.072128 0.000000 0.948062 0.318084 0.096943 0.928409 1 10 1.000000
  9 -1.878991 1.862252 2.275835 0.409386 0.785941 0.463356 0.228282 0.795380 1 9 1.000000
  9 -0.000011 2.007172 2.327229 0.487251 0.873262 0.000000 0.228282 0.964264 1 9 1.000000
..\..\..\Desktop\General\noesis\pc_body
  10 1.134130 3.048260 -1.007939 0.509006 0.860456 -0.023002 0.058368 0.774489 1 10 1.000000
  10 0.000000 2.823330 -0.072128 0.000000 0.948062 0.318084 0.096943 0.928409 1 10 1.000000
  9 1.878969 1.862252 2.275863 0.409386 0.785941 -0.463356 0.228282 0.795380 1 9 1.000000
..\..\..\Desktop\General\noesis\pc_body
  10 1.134130 3.048260 -1.007939 0.509006 0.860456 -0.023002 0.058368 0.774489 1 10 1.000000
  9 1.878969 1.862252 2.275863 0.409386 0.785941 -0.463356 0.228282 0.795380 1 9 1.000000
  9 2.454556 1.532680 0.263387 -0.043144 0.391024 -0.919369 0.140311 0.689345 1 9 1.000000
..\..\..\Desktop\General\noesis\pc_body
  10 0.000000 2.823330 -0.072128 0.000000 0.948062 0.318084 0.096943 0.928409 1 10 1.000000
  9 -0.000011 2.007172 2.327229 0.487251 0.873262 0.000000 0.228282 0.964264 1 9 1.000000
  9 1.878969 1.862252 2.275863 0.409386 0.785941 -0.463356 0.228282 0.795380 1 9 1.000000
..\..\..\Desktop\General\noesis\pc_body
  9 2.454556 1.532680 0.263387 -0.043144 0.391024 -0.919369 0.140311 0.689345 1 9 1.000000
  9 1.878969 1.862252 2.275863 0.409386 0.785941 -0.463356 0.228282 0.795380 1 9 1.000000
  9 3.045786 -0.996160 3.142961 -0.055773 -0.050763 -0.997152 0.358336 0.591631 1 9 1.000000
..\..\..\Desktop\General\noesis\pc_body
  9 2.454556 1.532680 0.263387 -0.043144 0.391024 -0.919369 0.140311 0.689345 1 9 1.000000
  9 3.045786 -0.996160 3.142961 -0.055773 -0.050763 -0.997152 0.358336 0.591631 1 9 1.000000
  9 1.789033 0.695201 -1.645282 -0.722143 -0.437064 -0.536177 0.080677 0.556064 1 9 1.000000
..\..\..\Desktop\General\noesis\pc_body
  9 1.789033 0.695201 -1.645282 -0.722143 -0.437064 -0.536177 0.080677 0.556064 1 9 1.000000
  9 3.045786 -0.996160 3.142961 -0.055773 -0.050763 -0.997152 0.358336 0.591631 1 9 1.000000
  9 -0.000012 -1.524050 2.667969 -0.409118 -0.912482 -0.000000 0.358336 0.556064 1 9 1.000000
..\..\..\Desktop\General\noesis\pc_body
  9 -0.000012 -1.524050 2.667969 -0.409118 -0.912482 -0.000000 0.358336 0.556064 1 9 1.000000
  9 -1.789027 0.695201 -1.645307 -0.722143 -0.437064 0.536177 0.080677 0.556064 1 9 1.000000
  9 1.789033 0.695201 -1.645282 -0.722143 -0.437064 -0.536177 0.080677 0.556064 1 9 1.000000
..\..\..\Desktop\General\noesis\pc_body
  9 -1.789027 0.695201 -1.645307 -0.722143 -0.437064 0.536177 0.080677 0.556064 1 9 1.000000
  9 -0.000012 -1.524050 2.667969 -0.409118 -0.912482 -0.000000 0.358336 0.556064 1 9 1.000000
  9 -3.045814 -0.996160 3.142917 -0.055773 -0.050763 0.997152 0.358336 0.591631 1 9 1.000000
..\..\..\Desktop\General\noesis\pc_body
  9 -2.454564 1.532680 0.263351 -0.043144 0.391024 0.919369 0.140311 0.689345 1 9 1.000000
  9 -1.789027 0.695201 -1.645307 -0.722143 -0.437064 0.536177 0.080677 0.556064 1 9 1.000000
  9 -3.045814 -0.996160 3.142917 -0.055773 -0.050763 0.997152 0.358336 0.591631 1 9 1.000000
..\..\..\Desktop\General\noesis\pc_body
  9 -2.454564 1.532680 0.263351 -0.043144 0.391024 0.919369 0.140311 0.689345 1 9 1.000000
  9 -3.045814 -0.996160 3.142917 -0.055773 -0.050763 0.997152 0.358336 0.591631 1 9 1.000000
  9 -1.878991 1.862252 2.275835 0.409386 0.785941 0.463356 0.228282 0.795380 1 9 1.000000
..\..\..\Desktop\General\noesis\pc_body
  9 -2.196828 -0.087770 4.149973 0.543228 0.615210 0.571332 0.358336 0.774488 1 9 1.000000
  9 -1.878991 1.862252 2.275835 0.409386 0.785941 0.463356 0.228282 0.795380 1 9 1.000000
  9 -3.045814 -0.996160 3.142917 -0.055773 -0.050763 0.997152 0.358336 0.591631 1 9 1.000000
..\..\..\Desktop\General\noesis\pc_body
  9 -0.000019 0.117750 4.616829 0.670178 0.742201 0.000000 0.358336 0.981698 1 9 1.000000
  9 1.878969 1.862252 2.275863 0.409386 0.785941 -0.463356 0.228282 0.795380 1 9 1.000000
  9 -0.000011 2.007172 2.327229 0.487251 0.873262 0.000000 0.228282 0.964264 1 9 1.000000
..\..\..\Desktop\General\noesis\pc_body
  9 -1.878991 1.862252 2.275835 0.409386 0.785941 0.463356 0.228282 0.795380 1 9 1.000000
  9 -2.196828 -0.087770 4.149973 0.543228 0.615210 0.571332 0.358336 0.774488 1 9 1.000000
  9 -0.000019 0.117750 4.616829 0.670178 0.742201 0.000000 0.358336 0.981698 1 9 1.000000
..\..\..\Desktop\General\noesis\pc_body
  9 -0.000019 0.117750 4.616829 0.670178 0.742201 0.000000 0.358336 0.981698 1 9 1.000000
  9 -0.000011 2.007172 2.327229 0.487251 0.873262 0.000000 0.228282 0.964264 1 9 1.000000
  9 -1.878991 1.862252 2.275835 0.409386 0.785941 0.463356 0.228282 0.795380 1 9 1.000000
..\..\..\Desktop\General\noesis\pc_body
  9 1.878969 1.862252 2.275863 0.409386 0.785941 -0.463356 0.228282 0.795380 1 9 1.000000
  9 -0.000019 0.117750 4.616829 0.670178 0.742201 0.000000 0.358336 0.981698 1 9 1.000000
  9 2.196792 -0.087770 4.150005 0.543228 0.615210 -0.571332 0.358336 0.774488 1 9 1.000000
..\..\..\Desktop\General\noesis\pc_body
  9 2.196792 -0.087770 4.150005 0.543228 0.615210 -0.571332 0.358336 0.774488 1 9 1.000000
  9 3.045786 -0.996160 3.142961 -0.055773 -0.050763 -0.997152 0.358336 0.591631 1 9 1.000000
  9 1.878969 1.862252 2.275863 0.409386 0.785941 -0.463356 0.228282 0.795380 1 9 1.000000
..\..\..\Desktop\General\noesis\pc_body
  9 1.748530 0.117540 1.948401 -0.974180 -0.144263 0.173669 0.861519 0.114789 1 9 1.000000
  9 1.913083 -0.188250 3.993263 -0.256780 0.963371 -0.077332 0.757458 0.143611 1 9 1.000000
  9 2.160475 -0.859110 3.383385 -0.223947 -0.090083 -0.970429 0.773834 0.061577 1 9 1.000000
..\..\..\Desktop\General\noesis\pc_body
  9 1.748530 0.117540 1.948401 -0.974180 -0.144263 0.173669 0.861519 0.114789 1 9 1.000000
  9 2.160475 -0.859110 3.383385 -0.223947 -0.090083 -0.970429 0.773834 0.061577 1 9 1.000000
  9 1.773475 -1.348330 3.405252 -0.113310 -0.983069 0.144003 0.770492 0.011792 1 9 1.000000
..\..\..\Desktop\General\noesis\pc_body
  9 1.518585 -0.782520 3.379121 -0.098142 0.086852 0.991375 0.773834 0.061577 1 9 1.000000
  9 1.748530 0.117540 1.948401 -0.974180 -0.144263 0.173669 0.861519 0.114789 1 9 1.000000
  9 1.773475 -1.348330 3.405252 -0.113310 -0.983069 0.144003 0.770492 0.011792 1 9 1.000000
..\..\..\Desktop\General\noesis\pc_body
  9 1.913083 -0.188250 3.993263 -0.256780 0.963371 -0.077332 0.757458 0.143611 1 9 1.000000
  9 1.748530 0.117540 1.948401 -0.974180 -0.144263 0.173669 0.861519 0.114789 1 9 1.000000
  9 1.518585 -0.782520 3.379121 -0.098142 0.086852 0.991375 0.773834 0.061577 1 9 1.000000
..\..\..\Desktop\General\noesis\pc_body
  9 1.913083 -0.188250 3.993263 -0.256780 0.963371 -0.077332 0.757458 0.143611 1 9 1.000000
  9 1.518585 -0.782520 3.379121 -0.098142 0.086852 0.991375 0.773834 0.061577 1 9 1.000000
  9 1.486400 -0.488580 4.777499 0.401843 -0.130933 0.906300 0.709712 0.128569 1 9 1.000000
..\..\..\Desktop\General\noesis\pc_body
  9 1.486400 -0.488580 4.777499 0.401843 -0.130933 0.906300 0.709712 0.128569 1 9 1.000000
  9 1.518585 -0.782520 3.379121 -0.098142 0.086852 0.991375 0.773834 0.061577 1 9 1.000000
  9 1.773475 -1.348330 3.405252 -0.113310 -0.983069 0.144003 0.770492 0.011792 1 9 1.000000
..\..\..\Desktop\General\noesis\pc_body
  9 1.913083 -0.188250 3.993263 -0.256780 0.963371 -0.077332 0.757458 0.143611 1 9 1.000000
  9 1.486400 -0.488580 4.777499 0.401843 -0.130933 0.906300 0.709712 0.128569 1 9 1.000000
  9 2.013669 0.439920 5.084553 0.583324 0.808821 -0.074443 0.713198 0.237065 1 9 1.000000
..\..\..\Desktop\General\noesis\pc_body
  9 2.326610 -0.587060 4.766046 0.364474 -0.333290 -0.869527 0.709712 0.128569 1 9 1.000000
  9 2.160475 -0.859110 3.383385 -0.223947 -0.090083 -0.970429 0.773834 0.061577 1 9 1.000000
  9 1.913083 -0.188250 3.993263 -0.256780 0.963371 -0.077332 0.757458 0.143611 1 9 1.000000
..\..\..\Desktop\General\noesis\pc_body
  9 2.326610 -0.587060 4.766046 0.364474 -0.333290 -0.869527 0.709712 0.128569 1 9 1.000000
  9 1.913083 -0.188250 3.993263 -0.256780 0.963371 -0.077332 0.757458 0.143611 1 9 1.000000
  9 2.013669 0.439920 5.084553 0.583324 0.808821 -0.074443 0.713198 0.237065 1 9 1.000000
..\..\..\Desktop\General\noesis\pc_body
  9 2.160475 -0.859110 3.383385 -0.223947 -0.090083 -0.970429 0.773834 0.061577 1 9 1.000000
  9 2.326610 -0.587060 4.766046 0.364474 -0.333290 -0.869527 0.709712 0.128569 1 9 1.000000
  9 1.773475 -1.348330 3.405252 -0.113310 -0.983069 0.144003 0.770492 0.011792 1 9 1.000000
..\..\..\Desktop\General\noesis\pc_body
  9 1.486400 -0.488580 4.777499 0.401843 -0.130933 0.906300 0.913128 0.092745 1 9 1.000000
  9 2.326610 -0.587060 4.766046 0.364474 -0.333290 -0.869527 0.913128 0.025921 1 9 1.000000
  9 2.013669 0.439920 5.084553 0.583324 0.808821 -0.074443 0.957348 0.058136 1 9 1.000000
..\..\..\Desktop\General\noesis\pc_body
  9 1.486400 -0.488580 4.777499 0.401843 -0.130933 0.906300 0.913128 0.092745 1 9 1.000000
  9 1.773475 -1.348330 3.405252 -0.113310 -0.983069 0.144003 0.847368 0.058136 1 9 1.000000
  9 2.326610 -0.587060 4.766046 0.364474 -0.333290 -0.869527 0.913128 0.025921 1 9 1.000000
..\..\..\Desktop\General\noesis\pc_body
  9 -1.748550 0.117540 1.948376 -0.974180 -0.144264 -0.173669 0.861519 0.114789 1 9 1.000000
  9 -2.160505 -0.859110 3.383353 -0.223947 -0.090083 0.970429 0.773834 0.061577 1 9 1.000000
  9 -1.913117 -0.188250 3.993235 -0.256780 0.963371 0.077332 0.757458 0.143611 1 9 1.000000
..\..\..\Desktop\General\noesis\pc_body
  9 -1.748550 0.117540 1.948376 -0.974180 -0.144264 -0.173669 0.861519 0.114789 1 9 1.000000
  9 -1.773505 -1.348330 3.405226 -0.113310 -0.983069 -0.144003 0.770492 0.011792 1 9 1.000000
  9 -2.160505 -0.859110 3.383353 -0.223947 -0.090083 0.970429 0.773834 0.061577 1 9 1.000000
..\..\..\Desktop\General\noesis\pc_body
  9 -1.518615 -0.782520 3.379098 -0.098142 0.086852 -0.991375 0.773834 0.061577 1 9 1.000000
  9 -1.773505 -1.348330 3.405226 -0.113310 -0.983069 -0.144003 0.770492 0.011792 1 9 1.000000
  9 -1.748550 0.117540 1.948376 -0.974180 -0.144264 -0.173669 0.861519 0.114789 1 9 1.000000
..\..\..\Desktop\General\noesis\pc_body
  9 -1.913117 -0.188250 3.993235 -0.256780 0.963371 0.077332 0.757458 0.143611 1 9 1.000000
  9 -1.518615 -0.782520 3.379098 -0.098142 0.086852 -0.991375 0.773834 0.061577 1 9 1.000000
  9 -1.748550 0.117540 1.948376 -0.974180 -0.144264 -0.173669 0.861519 0.114789 1 9 1.000000
..\..\..\Desktop\General\noesis\pc_body
  9 -1.486440 -0.488580 4.777478 0.401843 -0.130933 -0.906300 0.709712 0.128569 1 9 1.000000
  9 -1.773505 -1.348330 3.405226 -0.113310 -0.983069 -0.144003 0.770492 0.011792 1 9 1.000000
  9 -1.518615 -0.782520 3.379098 -0.098142 0.086852 -0.991375 0.773834 0.061577 1 9 1.000000
..\..\..\Desktop\General\noesis\pc_body
  9 -1.913117 -0.188250 3.993235 -0.256780 0.963371 0.077332 0.757458 0.143611 1 9 1.000000
  9 -1.486440 -0.488580 4.777478 0.401843 -0.130933 -0.906300 0.709712 0.128569 1 9 1.000000
  9 -1.518615 -0.782520 3.379098 -0.098142 0.086852 -0.991375 0.773834 0.061577 1 9 1.000000
..\..\..\Desktop\General\noesis\pc_body
  9 -1.913117 -0.188250 3.993235 -0.256780 0.963371 0.077332 0.757458 0.143611 1 9 1.000000
  9 -2.013711 0.439920 5.084524 0.583324 0.808821 0.074443 0.713198 0.237065 1 9 1.000000
  9 -1.486440 -0.488580 4.777478 0.401843 -0.130933 -0.906300 0.709712 0.128569 1 9 1.000000
..\..\..\Desktop\General\noesis\pc_body
  9 -2.160505 -0.859110 3.383353 -0.223947 -0.090083 0.970429 0.773834 0.061577 1 9 1.000000
  9 -1.773505 -1.348330 3.405226 -0.113310 -0.983069 -0.144003 0.770492 0.011792 1 9 1.000000
  9 -2.326650 -0.587060 4.766012 0.364474 -0.333290 0.869527 0.709712 0.128569 1 9 1.000000
..\..\..\Desktop\General\noesis\pc_body
  9 -2.326650 -0.587060 4.766012 0.364474 -0.333290 0.869527 0.709712 0.128569 1 9 1.000000
  9 -1.913117 -0.188250 3.993235 -0.256780 0.963371 0.077332 0.757458 0.143611 1 9 1.000000
  9 -2.160505 -0.859110 3.383353 -0.223947 -0.090083 0.970429 0.773834 0.061577 1 9 1.000000
..\..\..\Desktop\General\noesis\pc_body
  9 -2.326650 -0.587060 4.766012 0.364474 -0.333290 0.869527 0.709712 0.128569 1 9 1.000000
  9 -2.013711 0.439920 5.084524 0.583324 0.808821 0.074443 0.713198 0.237065 1 9 1.000000
  9 -1.913117 -0.188250 3.993235 -0.256780 0.963371 0.077332 0.757458 0.143611 1 9 1.000000
..\..\..\Desktop\General\noesis\pc_body
  9 -1.486440 -0.488580 4.777478 0.401843 -0.130933 -0.906300 0.913128 0.092745 1 9 1.000000
  9 -2.013711 0.439920 5.084524 0.583324 0.808821 0.074443 0.957348 0.058136 1 9 1.000000
  9 -2.326650 -0.587060 4.766012 0.364474 -0.333290 0.869527 0.913128 0.025921 1 9 1.000000
..\..\..\Desktop\General\noesis\pc_body
  9 -1.486440 -0.488580 4.777478 0.401843 -0.130933 -0.906300 0.913128 0.092745 1 9 1.000000
  9 -2.326650 -0.587060 4.766012 0.364474 -0.333290 0.869527 0.913128 0.025921 1 9 1.000000
  9 -1.773505 -1.348330 3.405226 -0.113310 -0.983069 -0.144003 0.847368 0.058136 1 9 1.000000
..\..\..\Desktop\General\noesis\pc_body
  9 -3.045814 -0.996160 3.142917 0.679431 -0.733434 0.021164 0.413298 0.774488 1 9 1.000000
  9 -0.000012 -1.524050 2.667969 0.662135 -0.749384 0.000000 0.413298 0.981698 1 9 1.000000
  9 -2.196828 -0.087770 4.149973 0.661517 -0.748684 0.043220 0.358336 0.774488 1 9 1.000000
..\..\..\Desktop\General\noesis\pc_body
  9 -0.000012 -1.524050 2.667969 0.662135 -0.749384 0.000000 0.413298 0.981698 1 9 1.000000
  9 -0.000019 0.117750 4.616829 0.644287 -0.764784 0.000000 0.358336 0.981698 1 9 1.000000
  9 -2.196828 -0.087770 4.149973 0.661517 -0.748684 0.043220 0.358336 0.774488 1 9 1.000000
..\..\..\Desktop\General\noesis\pc_body
  9 -0.000012 -1.524050 2.667969 0.662135 -0.749384 0.000000 0.413298 0.981698 1 9 1.000000
  9 2.196792 -0.087770 4.150005 0.661517 -0.748684 -0.043220 0.358336 0.774488 1 9 1.000000
  9 -0.000019 0.117750 4.616829 0.644287 -0.764784 0.000000 0.358336 0.981698 1 9 1.000000
..\..\..\Desktop\General\noesis\pc_body
  9 3.045786 -0.996160 3.142961 0.679431 -0.733434 -0.021164 0.413298 0.774488 1 9 1.000000
  9 2.196792 -0.087770 4.150005 0.661517 -0.748684 -0.043220 0.358336 0.774488 1 9 1.000000
  9 -0.000012 -1.524050 2.667969 0.662135 -0.749384 0.000000 0.413298 0.981698 1 9 1.000000
end
